target_month,option_signal_month,option_signal_date,put_skew25,implied_variance_asymmetry,log_call_put_trading_value,option_erp_proxy,bear_pressure_fast,bear_pressure_slow,option_direction_fast,option_direction_slow,option_direction,option_direction_score,dte,maturity_method
2006-04,2006-03,2006-03-31,0.013696856054394607,0.1089630931458701,0.19336047631984432,0.02564724926319479,-0.3234965322253334,0.2284071010673905,-0.6284690352913924,-1.2571470425499236,-0.942808038920658,-0.48528110859806933,13.0,nearest_listed_proxy
2006-05,2006-04,2006-04-28,0.01100132693347694,-0.07505070993914799,-0.3283265699032682,0.020409059385758026,-0.017785087621874807,-0.23357828979195172,-1.516353994971701,-1.1003988825973545,-1.3083764387845278,-0.5667950932099496,13.0,nearest_listed_proxy
2006-06,2006-05,2006-05-30,0.031209040809946825,0.2798264642082429,-0.25957121186765564,0.032217215265080534,0.39646489883173924,0.016438215034652055,-1.1138028338156243,-1.1292683874898037,-1.121535610652714,-0.5286433114868437,9.0,nearest_listed_proxy
2006-07,2006-06,2006-06-30,0.019754555989705158,-0.09673444239063478,0.5747190508824803,0.040658281829052165,-0.9602401177095913,-0.49586747483959986,0.7614169958881105,0.1764328057830527,0.4689249008355816,0.31923000322810163,13.0,nearest_listed_proxy
2006-08,2006-07,2006-07-31,0.029306109420947052,0.27930341594105823,-0.16227508362784884,0.04815492357351605,0.06257035344342854,0.04783220532962903,-0.6254872412062078,-0.3616727796183502,-0.493580010412279,-0.33046773990770945,10.0,nearest_listed_proxy
2006-09,2006-08,2006-08-31,0.008881362459367964,0.24904214559386972,0.4434025174647254,0.0219350518800967,-0.11229064159153819,-0.6933774335632393,-1.2270411756939414,-0.27424138563381095,-0.7506412806638763,-0.4287807496343391,14.0,nearest_listed_proxy
2006-10,2006-09,2006-09-29,0.00918079567438665,0.2896,0.05079496844751886,0.013787236298244384,-0.30508270789961706,0.4191284171350364,-1.4933846155405275,-2.0047105184880945,-1.749047567014311,-0.6362376511781929,13.0,nearest_listed_proxy
2006-11,2006-10,2006-10-31,0.004159027984156294,-0.16865417376490632,-0.10187822490935715,0.018943314834744984,-0.8313702382467799,-0.775592343291173,-0.8256975599313386,-0.9030534806165259,-0.8643755202739323,-0.4636273705991,9.0,nearest_listed_proxy
2006-12,2006-11,2006-11-30,0.004832897530638092,0.4934876989869755,0.2555214647951146,0.013040807711925218,0.30761179316798826,-0.04271581541589751,-2.363665563203768,-1.9991460115399782,-2.1814057873718733,-0.6856735459621799,14.0,nearest_listed_proxy
2007-01,2006-12,2006-12-28,0.009278374529018585,0.32876712328767116,0.02261674408039519,0.01383036122017947,0.9364522450431482,-0.08565867932136025,-2.882835655451928,-1.9012749969651543,-2.392055326208541,-0.7051934877731647,14.0,nearest_listed_proxy
2007-02,2007-01,2007-01-31,0.01334030538171696,0.18400000000000005,-0.41454046235817066,0.02755136035728943,0.7322916353162942,0.16062757253289067,-1.944781928593128,-1.608847191890047,-1.7768145602415877,-0.6398751237054165,8.0,nearest_listed_proxy
2007-03,2007-02,2007-02-28,0.031160259236811844,0.3955223880597015,-0.5686054129615549,0.03647610205565589,1.0446659052199394,0.6724298521287655,-2.256785693232665,-2.0740921319310104,-2.1654389125818376,-0.6840880435173627,8.0,nearest_listed_proxy
2007-04,2007-03,2007-03-30,0.041448989472099323,0.07142857142857144,0.22777441639997942,0.03358912487572625,-0.12863155380955746,0.12937264230623136,-0.5739981141752035,-1.0039334070873642,-0.7889657606312839,-0.4410178092804171,13.0,nearest_listed_proxy
2007-05,2007-04,2007-04-30,0.018966054659832504,0.23756019261637237,-0.22405678951655517,0.028739641684367087,0.33012592152940345,0.11078289759020028,-1.4579024657873827,-1.0807900125148868,-1.2693462391511348,-0.5593444566775067,10.0,nearest_listed_proxy
2007-06,2007-05,2007-05-31,0.015029264446893148,0.206246634356489,0.4980274553526696,0.02570616563564343,-0.36374563889855177,-0.6440377052719083,-0.6904076993289059,-0.4999001487413254,-0.5951539240351156,-0.37310125064897115,14.0,nearest_listed_proxy
2007-07,2007-06,2007-06-29,0.04257263099894448,0.3295154185022026,0.0773401376751899,0.03280436294196158,0.33850621578272966,0.37348409150057166,-0.9508515105545964,-1.100642343212368,-1.0257469268834822,-0.5063549218665464,13.0,nearest_listed_proxy
2007-08,2007-07,2007-07-31,0.007636227653837979,-0.006642382686950852,0.5113364449719916,0.07918594088740494,-0.4132507776848236,-0.8034851577658083,0.703503023437791,0.54036712039281,0.6219350719153005,0.38345250847857537,9.0,nearest_listed_proxy
2007-09,2007-08,2007-08-31,0.014200000000000046,0.08785529715762282,0.6085657226597424,0.10440451344137432,-1.0512639367015346,-0.39789244883764524,1.9745119989346125,1.4589385944995161,1.7167252967170643,0.6319097844716149,13.0,nearest_listed_proxy
2007-10,2007-09,2007-09-28,0.021264558235927267,-0.014121338912133853,0.12635117233931223,0.04384324537944032,-1.2217581372282045,-0.7428109919348097,1.0073221661105554,1.318494834567609,1.1629085003390822,0.537659591312703,13.0,nearest_listed_proxy
2007-11,2007-10,2007-10-31,0.03189383776229526,0.33239962651727356,0.1039446770464233,0.10776269233528737,-0.5289576912403551,0.060593850858511905,1.253762183600355,0.1868543031572044,0.7203082433787796,0.4187088250905866,8.0,nearest_listed_proxy
2007-12,2007-11,2007-11-30,0.01563569153829053,0.27525603742571747,0.4827039623764595,0.09405400417536394,-0.5876720632049566,-0.3851270364972301,1.5372218423034876,1.33934433133564,1.4382830868195637,0.5898753490086439,13.0,nearest_listed_proxy
2008-01,2007-12,2007-12-28,0.034453988663603385,0.1528279181708783,0.08077814213467537,0.05059134538408846,-0.10068036177977242,-0.7421877608007748,-0.014619213741952256,1.2703536657836714,0.6278672260208595,0.38569928553424543,13.0,nearest_listed_proxy
2008-02,2008-01,2008-01-31,0.054482561736955815,0.04639684106614021,-0.06218999146982511,0.07682201299591311,0.2571426463921562,0.8128002341402816,0.24004328075316023,-0.6332178830658395,-0.19658730115633963,-0.1642899778113679,14.0,nearest_listed_proxy
2008-03,2008-02,2008-02-29,0.04385330651395597,0.15088150881508827,-0.3219311106589854,0.07298177340802858,-0.02594661708417322,-0.02545315868347135,0.4234653188281465,0.42701247898278416,0.4252388989054653,0.2983632422831247,13.0,nearest_listed_proxy
2008-04,2008-03,2008-03-31,0.04170676880665425,0.01773771445187558,0.01797175052041178,0.0664516280227731,0.2583433165539577,-0.42299773829595333,-0.19973838882523537,0.7834112297029192,0.29183642043884195,0.22590818452053238,10.0,nearest_listed_proxy
2008-05,2008-04,2008-04-30,0.007029829580048191,0.2909090909090909,0.34148639853611,0.033888713610041046,0.18825492866789795,-0.40499542124315996,-0.8764414586691681,0.0515022141521187,-0.4124696222585247,-0.29202017215704074,8.0,nearest_listed_proxy
2008-06,2008-05,2008-05-30,0.019645082432966615,-0.08128161888701536,0.09000132799576552,0.036915304179074696,-0.41343072959767735,0.04721969653787955,-0.038767180766124454,-0.6238564977818448,-0.33131183927398467,-0.24886118300777801,13.0,nearest_listed_proxy
2008-07,2008-06,2008-06-30,0.008416296610525342,0.017647058823529446,-0.1804324505468723,0.060999983560752924,-0.3093704099384137,-0.3810093537785267,0.11290812762275465,-0.023763556775900307,0.04457228542342717,0.042670369533458735,10.0,nearest_listed_proxy
2008-08,2008-07,2008-07-31,0.016968436361461253,0.013023583245336404,0.03708154660262704,0.044482379611810924,0.5299126019614023,0.1879037372973277,-0.6351376216284359,-0.18685266773033338,-0.41099514467938464,-0.291280339432191,14.0,nearest_listed_proxy
2008-09,2008-08,2008-08-29,0.010917425284887539,-0.0320907617504053,-0.27097153739375074,0.06069777075505283,-0.3541825682749542,0.5148174516376958,0.45353743677991726,-0.5893428193000231,-0.06790269126005291,-0.06358509236448531,13.0,nearest_listed_proxy
2008-10,2008-09,2008-09-30,0.07929225001445306,-0.15653941721255923,-0.2713401102395386,0.13154430351737373,0.9406769234166141,0.5741977702989882,0.14212704235865115,0.11971125775061897,0.13091915005463506,0.1157634920659981,9.0,nearest_listed_proxy
2008-11,2008-10,2008-10-31,0.06692605791842776,0.09360331339162455,0.24230209934245187,0.707778125048188,-0.7330738742595967,0.10167915040896491,4.089244648803304,1.8711291491306048,2.9801868989669544,0.7487555169181761,13.0,nearest_listed_proxy
2008-12,2008-11,2008-11-28,0.08505000000000007,0.21095208462974482,-0.10383389124767786,0.2850991542151586,-0.35327585566737135,-0.08766565038349557,2.9407718890424146,3.1584269738224084,3.0495994314324113,0.7530619961475342,13.0,nearest_listed_proxy
2009-01,2008-12,2008-12-30,0.0637205916371637,0.21754838709677424,0.2891421244880767,0.1859653356538389,0.5940096594449047,-0.6787816364667423,0.9461829879093118,2.8486628153491105,1.897422901629211,0.6548657086137811,9.0,nearest_listed_proxy
2009-02,2009-01,2009-01-30,0.023595664748720768,0.13044959128065406,0.014025600643462763,0.17993295699097106,-0.695193248253104,0.3234731510956215,2.2746772553692143,1.2845712395413469,1.7796242474552806,0.6402391435045617,13.0,nearest_listed_proxy
2009-03,2009-02,2009-02-27,0.0811003829689263,0.014434496619769907,-0.18044877220166897,0.20348926518478966,-0.38519505983830493,-0.02177524983622112,2.08676512602195,1.665240113207843,1.8760026196148964,0.6522951706720272,13.0,nearest_listed_proxy
2009-04,2009-03,2009-03-31,0.004113950173216696,0.34995266645629536,0.1834243323919803,0.12936005053953692,0.02320064849329993,-0.6422065834894994,0.7538487609778314,1.8693034606226182,1.3115761108002248,0.5673947332611002,9.0,nearest_listed_proxy
2009-05,2009-04,2009-04-30,0.01831126591327331,0.192610539067232,0.4224433166131369,0.06921966471772757,-0.37801159257558065,0.060681689883740265,0.7975163624668185,0.5673231295922995,0.6824197460295589,0.4056180080149685,14.0,nearest_listed_proxy
2009-06,2009-05,2009-05-29,0.07362718157966913,0.4277832512315271,-0.22673566697700565,0.11224161682898529,0.5014761796530824,0.9288963715123378,0.3672968896563642,-0.44262946914325835,-0.03766628974344707,-0.03629903960044775,13.0,nearest_listed_proxy
2009-07,2009-06,2009-06-30,0.035268901162437694,0.1812216052498737,-0.09062984331063607,0.063044479011197,-0.13343520823440266,-0.5439919809725512,0.27856415588996275,1.036940643839643,0.6577523998648028,0.3967736073966447,9.0,nearest_listed_proxy
2009-08,2009-07,2009-07-31,0.015688543304700986,0.38671875000000006,0.32948283328485706,0.034818881217203876,-0.1057049775507957,0.00484526579201261,-0.46539020476808707,-0.4068993053587042,-0.4361447550633957,-0.3036913608643461,13.0,nearest_listed_proxy
2009-09,2009-08,2009-08-31,0.0329414975062578,0.03089244851258563,-0.22550852244232253,0.037318594384058434,0.14137674168599398,-0.12173584373236186,-0.9343663568823032,-0.3945603233566512,-0.6644633401194772,-0.39920575245098594,10.0,nearest_listed_proxy
2009-10,2009-09,2009-09-30,-0.07450995338380725,0.4043076923076923,-0.11605078579527274,0.0380670325772762,-0.754281450504795,-0.7100386034397239,0.1215119023387089,-0.030449933060221257,0.04553098463924382,0.04354819255304433,8.0,nearest_listed_proxy
2009-11,2009-10,2009-10-30,0.04226122946238331,0.15942028985507234,-0.21117568713084572,0.05019333474783955,0.7541731157569732,0.11549962152083341,-1.2278804436583886,-0.6625837434106255,-0.9452320935345071,-0.4859225265078834,13.0,nearest_listed_proxy
2009-12,2009-11,2009-11-30,0.03483018280937003,0.07813267813267809,0.048931463911157665,0.04457267730951925,0.18812998869226483,-0.05953964960248581,-0.7946265448661116,-0.5250060170717199,-0.6598162809689158,-0.3975236829125141,10.0,nearest_listed_proxy
2010-01,2009-12,2009-12-30,0.014735928134014947,0.03797468354430384,0.41361081511575043,0.030316382203540188,-0.17106402236649002,-0.4400260249939641,-0.8842846269549779,-0.4048506879215948,-0.6445676574382864,-0.39193745208532066,15.0,nearest_listed_proxy
2010-02,2010-01,2010-01-29,0.035166610870746795,-0.038623595505618044,-0.33815168678918633,0.04546900911281525,-0.5260087472400247,0.4324021970925485,0.09450505304670076,-1.3666390049132195,-0.6360669759332593,-0.38877807894779404,13.0,nearest_listed_proxy
2010-03,2010-02,2010-02-26,0.03819278561946404,0.34649741419840147,-0.16300159289754854,0.034628602910510474,0.33124398694378515,0.6693916272269963,-1.1739462023408926,-1.400128254005638,-1.2870372281732654,-0.562753072979606,13.0,nearest_listed_proxy
2010-04,2010-03,2010-03-31,0.008957276240410317,0.08546255506607933,-0.00423672425448442,0.026235250337393903,-0.24825421404369472,-0.38330841678392197,-0.9038007039898488,-0.7747791514641567,-0.8392899277270027,-0.4563119250939402,8.0,nearest_listed_proxy
2010-05,2010-04,2010-04-30,0.018427378088501478,0.4186495176848874,0.23250575501977502,0.020967222209181947,0.13855889176178418,0.4255335867440815,-1.4216901242447963,-1.7513689081447394,-1.586529516194768,-0.6133815625382181,13.0,nearest_listed_proxy
2010-06,2010-05,2010-05-31,0.058519609974605785,0.4068896655017474,-0.24440031947267296,0.04026713635583285,0.5289968062016014,0.45376370255982423,-0.6807583686295962,-1.1021396560514438,-0.89144901234052,-0.47130480733256547,10.0,nearest_listed_proxy
2010-07,2010-06,2010-06-30,0.03272308048368633,0.4346764346764347,-0.3449609664251096,0.03844819701419648,0.6487512750965965,0.15008555818448222,-1.491853571254002,-0.9448824543162503,-1.2183680127851262,-0.5492181665816053,8.0,nearest_listed_proxy
2010-08,2010-07,2010-07-30,0.0146026981629728,0.08783068783068777,-0.1704094309327036,0.025150277668610062,-0.04872776115955783,-0.2023148475020339,-1.0755415759547808,-0.7613416743684669,-0.9184416251616239,-0.47874358704255465,13.0,nearest_listed_proxy
2010-09,2010-08,2010-08-31,0.027304664933061856,0.1942544459644323,-0.18047180146997008,0.028944671725450875,0.34798846381862053,0.15390268250752823,-1.3047178689406733,-1.3130871565579616,-1.3089025127493175,-0.5668937971706508,9.0,nearest_listed_proxy
2010-10,2010-09,2010-09-30,0.018038481613456864,0.4666666666666668,-0.03517242594476941,0.017056592183183665,0.36188582922844503,0.2761461977374964,-1.9765228516194806,-1.6700009554205313,-1.823261903520006,-0.6457997755173853,14.0,nearest_listed_proxy
2010-11,2010-10,2010-10-29,0.04966395443809726,0.1693940734188411,-0.29484146871150757,0.027162198082283626,0.37536123621703804,0.8075971006398381,-1.8515800775855693,-2.286938588781073,-2.069259333183321,-0.6741884958405137,13.0,nearest_listed_proxy
2010-12,2010-11,2010-11-30,0.02040906554594754,0.4186738836265223,-0.09843979425557288,0.05957832430032328,-0.25289339023697704,0.07715286575852348,0.032254189951565204,-0.8611688249266081,-0.41445731748752146,-0.29301507536736104,9.0,nearest_listed_proxy
2011-01,2010-12,2010-12-30,-0.0058974011509840135,0.48521017125064875,0.2146582441314787,0.01688081244697613,-0.409351110385938,-0.621822662055232,-0.9362976217259984,-0.40696266025747063,-0.6716301409917345,-0.4017815451648137,14.0,nearest_listed_proxy
2011-02,2011-01,2011-01-31,0.016815914287904077,0.29776496034607064,-0.2216966551253638,0.01695571669788022,0.17203114141921771,0.31892429591424537,-2.1292090557475154,-1.958098375776499,-2.043653715762007,-0.6714475123035997,10.0,nearest_listed_proxy
2011-03,2011-02,2011-02-28,0.02366399999999999,0.1798134011874471,-0.24085370967799094,0.03287817363325829,-0.06422923122072098,-0.3138605749017809,-0.5230393916817984,-0.8885732815651657,-0.705806336623482,-0.4137669801488566,10.0,nearest_listed_proxy
2011-04,2011-03,2011-03-31,0.015153398996748918,0.18987341772151883,0.1477207450861352,0.02114191945418724,-0.1273968064157573,-0.001992006173581492,-1.3117242109358636,-0.9748024080972167,-1.14326330951654,-0.5334217706430239,14.0,nearest_listed_proxy
2011-05,2011-04,2011-04-29,0.01264379751716116,0.3228683553335712,-0.3624093043904871,0.023364028837052325,0.47636059816384174,0.6819283884060611,-1.6121276561998814,-1.9349439036029512,-1.7735357799014162,-0.6394493962376269,13.0,nearest_listed_proxy
2011-06,2011-05,2011-05-31,0.014323667417434877,0.3479473893981666,0.4450938880106577,0.03173583472551343,-0.34678632038158447,-0.2220307760203024,-0.3634868322890092,-0.6813733216666152,-0.5224300769778122,-0.34315538353977626,9.0,nearest_listed_proxy
2011-07,2011-06,2011-06-30,0.018953181008474318,0.27995612832465055,-0.1437262436102794,0.031363764048835396,0.32228840074516507,0.3382423698684498,-0.9062347726127941,-1.0508174585378454,-0.9785261155753198,-0.4945732623250121,14.0,nearest_listed_proxy
2011-08,2011-07,2011-07-29,0.019827407721926593,0.0002043735949316537,-0.312473295223721,0.044632562633359525,0.26852822814113425,0.4713386632488444,-0.8816572151767219,-1.2532409347961948,-1.0674490749864582,-0.5163121490639134,13.0,nearest_listed_proxy
2011-09,2011-08,2011-08-31,0.04280211156993646,0.17081031307550654,0.20826431840215284,0.08499908641260455,-0.7834023166592514,0.3365382768035359,1.9011489138787492,0.018441816486606366,0.9597953651826778,0.4897426446833201,8.0,nearest_listed_proxy
2011-10,2011-09,2011-09-30,0.08619593670479553,0.17850287907869491,-0.013436689171091434,0.16123632132862947,0.3678879855031705,0.3438123319764293,1.1679882446532246,0.9275953052837045,1.0477917749684647,0.5116691002358383,13.0,nearest_listed_proxy
2011-11,2011-10,2011-10-31,0.027447021898292345,0.3104152484683458,-0.1433059101951732,0.08544746833677955,-0.005409469313169583,-0.0973815797218725,0.6011633172939918,1.162603342638141,0.8818833299660664,0.468617430168728,10.0,nearest_listed_proxy
2011-12,2011-11,2011-11-30,0.048175979184701845,0.25974025974025994,-0.07476785172038111,0.08770563953788674,-0.3028880710935231,-0.12974245475992774,1.0643794791290335,1.0058667297059867,1.0351231044175102,0.5086292333719937,8.0,nearest_listed_proxy
2012-01,2011-12,2011-12-29,0.04070992813545429,0.06131168553727837,-0.05930694306566343,0.05408990898298377,0.6176154015418444,-0.4103559163124721,-0.5876249426362407,0.6635360132203308,0.037955535292045095,0.03656759273543034,14.0,nearest_listed_proxy
2012-02,2012-01,2012-01-31,0.006010637795181933,-0.017843866171003846,0.1334394690351132,0.041145572914774095,0.09481032072306157,-0.09882157412484383,-0.47340290913878375,-0.024733814448526695,-0.2490683617936552,-0.1994033068262128,9.0,nearest_listed_proxy
2012-03,2012-02,2012-02-29,0.017689121398808377,0.05498281786941577,0.4802875012237385,0.027892131973760916,-0.2859897397940863,-0.23912369894295385,-0.41285791040962266,-0.38880522187617295,-0.40083156614289783,-0.2861383022989427,8.0,nearest_listed_proxy
2012-04,2012-03,2012-03-30,0.016206486618676103,0.15303326810176116,-0.03591160923739229,0.025295073677773117,-0.12135067055058767,0.03912354508192556,-0.9728398782741362,-1.0677389115067148,-1.0202893948904255,-0.505021408057118,13.0,nearest_listed_proxy
2012-05,2012-04,2012-04-30,0.0239189350258269,0.1489607390300232,0.026459854765220357,0.022659167948528444,0.19900992713277307,-0.19002743320452145,-1.245255330339,-0.93595105016506,-1.09060319025203,-0.5216691504811842,10.0,nearest_listed_proxy
2012-06,2012-05,2012-05-31,0.040674270096787146,0.32871234337509997,-0.18435001420215594,0.0413696630758116,-0.28883633355558086,0.6613095217797434,-0.18273614138576105,-1.3527575982469775,-0.7677468698163693,-0.43430814836975024,14.0,nearest_listed_proxy
2012-07,2012-06,2012-06-29,0.025633375099894357,-0.015717778553964407,0.2939773763680891,0.03355887819275809,-0.9664440360322045,-1.2410888952979509,0.4913387385654716,0.8345292530247994,0.6629339957951355,0.39865322223937827,13.0,nearest_listed_proxy
2012-08,2012-07,2012-07-31,0.034767265452342544,0.059566074950690356,0.7895414389621165,0.04127839420117328,-0.7438596864869534,-0.5196822661496273,0.16762121003226726,-0.292753433143618,-0.06256611155567537,-0.05888208825338309,9.0,nearest_listed_proxy
2012-09,2012-08,2012-08-31,0.030178591865387155,0.33410605621558975,-0.03508094012606489,0.03872949436010289,0.6921166395112558,0.055552844633617614,-1.333345091703388,-0.7460990152861711,-1.0397220534947795,-0.5097371240916676,13.0,nearest_listed_proxy
2012-10,2012-09,2012-09-28,0.005969635137211132,0.33333333333333337,0.18403443998053987,0.02303304726708951,0.18226864285294583,0.19685439353549503,-1.266536049121709,-1.0165680866316338,-1.1415520678766713,-0.5330489438010767,13.0,nearest_listed_proxy
2012-11,2012-10,2012-10-31,0.01727168974068835,-0.12500000000000003,0.028835643776484766,0.03183054639278255,-0.060274779813138425,-0.2929426233217366,-0.65556859666618,-0.7139473921702043,-0.6847579944181921,-0.40644294117426866,8.0,nearest_listed_proxy
2012-12,2012-11,2012-11-30,-0.006118870622422529,0.31527377521613825,0.2926445983389887,0.018665739185896132,0.2517152333817207,-0.3263146091752637,-1.598171015933564,-0.8390354398039048,-1.2186032278687344,-0.5492659582215456,13.0,nearest_listed_proxy
2013-01,2012-12,2012-12-28,0.003824975371080286,0.07641196013289035,0.3676495282655213,0.021096796105399173,-0.4804642677854713,-0.28547054384107295,-0.8590678887884136,-1.1472231679713412,-1.0031455283798774,-0.5007851472435009,13.0,nearest_listed_proxy
2013-02,2013-01,2013-01-31,0.019151380755791758,0.33481399222654085,-0.15545611176523494,0.01766252234291007,0.2589639455096308,0.8322596755004005,-1.7161153561541767,-2.3628132641258275,-2.0394643101400023,-0.6709946563070719,14.0,nearest_listed_proxy
2013-03,2013-02,2013-02-28,-0.0012660709467802456,0.1241098677517803,0.40555559582537903,0.017677025449661942,-0.4547154403958902,-0.6663633656596618,-1.0140925187238705,-0.8904554878327621,-0.9522740032783163,-0.48777681907315756,14.0,nearest_listed_proxy
2013-04,2013-03,2013-03-29,0.008167764799253324,0.17721518987341775,0.40392223969637947,0.015953578450819038,-0.5087246615078458,-0.26293077932017034,-0.9442381587801376,-1.0936431264755417,-1.0189406426278396,-0.5046907378622054,13.0,nearest_listed_proxy
2013-05,2013-04,2013-04-30,-0.0020876212489366885,0.10456852791878171,0.3520526671429666,0.015192331543568539,-0.7944672524193882,-0.3560035560092715,-0.7858363191002621,-0.9543146790415129,-0.8700754990708874,-0.4652622311255179,9.0,nearest_listed_proxy
2013-06,2013-05,2013-05-31,-0.00029277264795277147,-0.060740740740740755,0.25623165340314163,0.013772941667898289,-0.9454693077882625,-0.6568395088939271,-0.7444672074666006,-0.9966385301742039,-0.8705528688204023,-0.4653986975355503,13.0,nearest_listed_proxy
2013-07,2013-06,2013-06-28,0.03632128294144979,0.1570796460176991,0.23219963867371538,0.021821138036370324,-0.1814488715493813,0.3600457383491496,-0.50335786592808,-1.6332644029089878,-1.0683111344185339,-0.5165137472021922,13.0,nearest_listed_proxy
2013-08,2013-07,2013-07-31,0.02167758699719788,0.3856845031271716,0.08598806851433241,0.026762520651931507,0.4187264736001562,0.1240682516387304,-1.4500171804201951,-1.0865811200327753,-1.2682991502264853,-0.559141041912328,8.0,nearest_listed_proxy
2013-09,2013-08,2013-08-30,0.034620890989052217,0.3083816552451239,0.03612136975365203,0.02114208625557929,0.2713895661215269,0.5995512778400095,-1.4592037581952346,-1.8910692299373841,-1.6751364940663094,-0.6261872983983849,13.0,nearest_listed_proxy
2013-10,2013-09,2013-09-30,-0.0006707423411423108,0.1216122307157749,0.03546855962246986,0.01915525906714089,-0.04801542508137211,-0.5815012146527405,-1.4512750889653951,-0.6968083692198899,-1.0740417290926425,-0.5178496237693913,10.0,nearest_listed_proxy
2013-11,2013-10,2013-10-31,-0.005770156463373852,0.3368731563421829,-0.15896071996909625,0.015367956358080338,0.04696881295721711,0.33049660964720945,-1.8441336677989906,-2.0216327006996178,-1.9328831842493042,-0.6590385851811693,14.0,nearest_listed_proxy
2013-12,2013-11,2013-11-29,0.0042191006880537285,0.4202726733847066,0.0691018210557053,0.016227774578113266,0.23391800588018696,-0.17003770993440473,-1.66301346928703,-1.4781882924271355,-1.5706008808570826,-0.6109858953807785,13.0,nearest_listed_proxy
2014-01,2013-12,2013-12-30,0.005421248677489887,-0.08481262327416168,0.002664283334632371,0.013231726978964414,0.20704092615389005,-0.3628806153516895,-2.04135411118963,-1.165875794186368,-1.603614952687999,-0.6159186292244981,10.0,nearest_listed_proxy
2014-02,2014-01,2014-01-29,0.004168713865848356,0.17304189435336967,0.07184643459602136,0.015545777488090922,0.17763060356282068,0.466638823348889,-1.6768696578210482,-2.1733234112852933,-1.9250965345531708,-0.6581309409151664,15.0,nearest_listed_proxy
2014-03,2014-02,2014-02-28,0.030553333728125354,0.48068669527896996,0.04708632330720223,0.014792441464332912,0.9045002891705325,0.9417405322284229,-2.4737479632420305,-2.32766978854964,-2.4007088758958353,-0.7059436616030316,13.0,nearest_listed_proxy
2014-04,2014-03,2014-03-31,0.030340000000000034,-0.06475903614457823,-0.020121461068685627,0.018299958639042983,0.06485553916206625,-0.027340515968976947,-1.6411918019038547,-1.5629864097718227,-1.6020891058378388,-0.6156934065953084,10.0,nearest_listed_proxy
2014-05,2014-04,2014-04-30,0.02020000000000005,-0.2708333333333335,-0.253832769500264,0.006738513114004219,-0.3992696653492979,-0.34694540430886844,-1.8827199879504135,-1.6687831892536478,-1.7757515886020308,-0.6397372141994752,8.0,nearest_listed_proxy
2014-06,2014-05,2014-05-30,0.00019476999421816354,0.4044117647058824,-0.08222501517102677,0.00842877100411926,0.41335051627049824,-0.056676378106799846,-2.624715421951793,-2.1578056596359296,-2.391260540793861,-0.7051243960849113,13.0,nearest_listed_proxy
2014-07,2014-06,2014-06-30,0.02588000000000011,-0.1905325443786982,0.11853114273930858,0.011425577412100558,0.16442397727576666,-0.21732918917346056,-2.1865214331280463,-1.9215249514293753,-2.0540231922787107,-0.67256306287122,10.0,nearest_listed_proxy
2014-08,2014-07,2014-07-31,-0.010867651614683838,0.16579144786196548,0.3691168468966268,0.011825953408050212,-0.6770789763507928,-0.6251523654567087,-1.2133234663834829,-1.454604472886945,-1.333963969635214,-0.5715443712885189,14.0,nearest_listed_proxy
2014-09,2014-08,2014-08-29,0.0050000000000000044,0.39841688654353563,-0.10942431048326731,0.00754455113647774,0.8305621145557143,0.23040429676082175,-2.9932716897935765,-2.213263204448039,-2.6032674471208077,-0.7224741114348727,13.0,nearest_listed_proxy
2014-10,2014-09,2014-09-30,0.02262,0.16540212443095603,-0.2867550365046388,0.0101800856254127,0.8057547975581132,0.5676377654337129,-2.5899978348734307,-2.6048922869979214,-2.597445060935676,-0.7220249418513968,9.0,nearest_listed_proxy
2014-11,2014-10,2014-10-31,0.02557999999999999,-0.11601307189542476,0.27488398172190415,0.013778408906898515,-0.9985880613539232,-0.5723670659520859,-0.44814992890861427,-0.6886475460947816,-0.5683987375016979,-0.36240703585817735,13.0,nearest_listed_proxy
2014-12,2014-11,2014-11-28,0.0010904056641260207,0.01946472019464716,0.02162988845974385,0.008943924041640964,-0.40823891356259395,-0.9377778863664666,-1.4323716070012433,-0.6428993588237893,-1.0376354829125163,-0.5092350872440448,13.0,nearest_listed_proxy
2015-01,2014-12,2014-12-30,0.021600000000000008,0.16017316017316016,-0.42613652652294126,0.011864812983655774,0.8941117697674749,0.6121788430407298,-2.6234198902705947,-2.2737500134266826,-2.4485849518486384,-0.7100259921206399,9.0,nearest_listed_proxy
2015-02,2015-01,2015-01-30,-0.005405210947301273,0.331245105716523,-0.09390144275954093,0.014258302250560725,0.06709273264206068,0.4730438439164086,-1.4508670708621545,-1.944537538949816,-1.6977023049059854,-0.6293141766675215,13.0,nearest_listed_proxy
2015-03,2015-02,2015-02-27,-0.004082703846628982,-0.13372093023255827,-0.04979704434555159,0.007597974195297966,-0.5279135715041018,-0.7459429056794787,-1.470997978335863,-0.8797897453755762,-1.1753938618557196,-0.540313127873336,13.0,nearest_listed_proxy
2015-04,2015-03,2015-03-31,0.016279999999999975,-0.04025764895330117,-0.01712222480756463,0.00954308973175276,0.4049620872151449,0.2493859287265763,-2.1917404372055524,-2.1961966759925224,-2.1939685565990374,-0.6869098795810289,9.0,nearest_listed_proxy
2015-05,2015-04,2015-04-30,-0.034920509535347255,0.42298288508557463,-0.037928013338993295,0.00743813514931598,0.3905828487027927,0.2519388201979395,-2.17728540330274,-1.9950616247366946,-2.086173514019717,-0.675974148745283,14.0,nearest_listed_proxy
2015-06,2015-05,2015-05-29,-0.0019430272041543045,0.19329388560157776,0.02824047107187242,0.01043232553721896,0.196893095145065,0.2626171216537312,-1.8020720816974076,-2.0116534460797277,-1.9068627638885678,-0.655986511498644,13.0,nearest_listed_proxy
2015-07,2015-06,2015-06-30,0.0327827861732303,0.2240696753760887,-0.1295193098315025,0.020233732994204147,1.069072306782388,0.3890632529071321,-2.333548421117191,-1.7119359006612487,-2.0227421608892198,-0.669174561780743,9.0,nearest_listed_proxy
2015-08,2015-07,2015-07-31,0.036340000000000094,0.2645273200346921,-0.21260985872689958,0.013693459493927125,0.6598454473930895,0.7333394063847276,-1.9414972100128274,-2.001286965761578,-1.9713920878872027,-0.6634574063529104,13.0,nearest_listed_proxy
2015-09,2015-08,2015-08-31,0.06736966442879483,0.37931034482758613,-0.25640661362633416,0.034206261381152125,-0.8683492289307538,1.1696519054081642,0.8802192052526506,-1.9505781278178458,-0.5351794612825975,-0.3486103577984757,10.0,nearest_listed_proxy
2015-10,2015-09,2015-09-30,0.045191242966624495,0.35406698564593275,0.011590818130895662,0.03428525611740249,0.15822450653814182,-1.2975373921451616,-0.6014457478390671,1.064324494169784,0.23143937316535845,0.1879421579403086,8.0,nearest_listed_proxy
2015-11,2015-10,2015-10-30,-0.012470965557660765,0.2570480928689884,0.15919867189684805,0.013452673996221985,0.33717327925547885,-0.7085608416644122,-1.5909174625236184,-0.24267557980225196,-0.9167965211629352,-0.4782962150863607,13.0,nearest_listed_proxy
2015-12,2015-11,2015-11-30,0.0025522390295598107,-0.006578947368420907,-0.6197162798466745,0.01851131124114106,0.6308766249627338,-0.05048791455327809,-2.0302484869387216,-1.2061656264341507,-1.6182070566864362,-0.6180592373524556,10.0,nearest_listed_proxy
2016-01,2015-12,2015-12-30,0.015000000000000013,-0.19215155615696877,-0.13484618164084355,0.01561226628781464,-0.3444867457248059,-0.7271564999659216,-0.9140958925658504,-0.42125008754007076,-0.6676729900529605,-0.40036205781072054,15.0,nearest_listed_proxy
2016-02,2016-01,2016-01-29,0.01731372538505538,0.108161911081619,-0.14459727903883868,0.01966307643772347,-0.03409738874978622,0.10884937689021716,-0.573542609580758,-0.7423199919053143,-0.6579313007430361,-0.3968386991959019,13.0,nearest_listed_proxy
2016-03,2016-02,2016-02-29,0.010752930213332679,0.5168040583386175,-0.29110236839751746,0.026010757648631373,0.43096569581326843,0.32742929836275053,-1.1866386299632228,-1.067065806050679,-1.126852218006951,-0.5298215872576758,10.0,nearest_listed_proxy
2016-04,2016-03,2016-03-31,0.01999999999999999,0.39771547248182765,-0.2401999317549325,0.010410012419513982,0.8077651240880792,-0.01745666372778178,-2.52280242639353,-1.3400085094845953,-1.9314054679390624,-0.6588667071351769,14.0,nearest_listed_proxy
2016-05,2016-04,2016-04-29,0.012499720542264975,-0.16568742655699195,-0.41925705718459577,0.009957151519677155,-0.30470445771869886,0.060931088931473365,-1.2887924971663653,-1.65023225571209,-1.4695123764392277,-0.5950617581265607,13.0,nearest_listed_proxy
2016-06,2016-05,2016-05-31,0.015,0.2976377952755906,0.2571089863698514,0.010874479362348647,-0.2864140717787496,-0.43090747100038707,-1.5066131284567896,-1.3041862631423713,-1.4053996957995805,-0.5842686761180497,9.0,nearest_listed_proxy
2016-07,2016-06,2016-06-30,0.022568110400386046,0.3499999999999998,-0.11341425194239564,0.014936660925655326,0.08233795705334263,0.5733214902082859,-0.5987185446780598,-1.5274742738783882,-1.063096409278224,-0.5152916773531437,14.0,nearest_listed_proxy
2016-08,2016-07,2016-07-29,0.0027877666065405787,-0.02469135802469129,0.10920666455791023,0.010737754317553406,-0.8009131074090896,-1.8370394388767923,-0.6929930731178302,0.5713750233807815,-0.06080902486852435,-0.05732325370823552,13.0,nearest_listed_proxy
2016-09,2016-08,2016-08-31,0.015,0.14991762767710054,-0.2543050442948659,0.010525880462015177,0.23538749292228603,0.10225365752902038,-1.8077632446998393,-1.7128956408522962,-1.7603294427760678,-0.6377244018401302,8.0,nearest_listed_proxy
2016-10,2016-09,2016-09-30,0.013471547391009947,0.5514592933947773,-0.3660883293979653,0.01376595990045396,0.6294196342140729,0.803902353165744,-2.173503289455839,-2.2752228642180876,-2.2243630768369633,-0.689861229591743,13.0,nearest_listed_proxy
2016-11,2016-10,2016-10-31,0.00954260716864519,0.36664104534973097,-0.36906619117468725,0.018082156200253222,0.4890445406155406,0.29986838226151075,-1.800549584909331,-1.674438295232125,-1.737493940070728,-0.6347023876976461,10.0,nearest_listed_proxy
2016-12,2016-11,2016-11-30,0.01841388540232583,0.2033694344163657,0.14389013943657364,0.014679132733668183,-0.13871503346905834,-0.8156331989515149,-1.0937710750445373,-0.2231629735696623,-0.6584670243070998,-0.3970335343762439,8.0,nearest_listed_proxy
2017-01,2016-12,2016-12-29,0.024384816372073376,0.08723404255319157,-0.1175442179151817,0.009103162591763967,0.03974745198923388,0.15245218029400795,-1.8203062128189045,-1.7615841749422971,-1.7909451938806007,-0.6416984460344867,14.0,nearest_listed_proxy
2017-02,2017-01,2017-01-31,-0.010273406170959565,0.12469437652811739,-0.1903394092724678,0.011469964213957518,-0.024176777831772762,-0.3594195040484314,-1.5170181075687916,-1.3011421645684622,-1.409080136068627,-0.5849038041416513,9.0,nearest_listed_proxy
2017-03,2017-02,2017-02-28,0.015,-0.15140845070422537,0.11178325284461613,0.007912599763662324,0.586490877764958,-0.25858992732768704,-2.6349668056863957,-1.603429599759022,-2.1191982027227088,-0.6794047909084096,9.0,nearest_listed_proxy
2017-04,2017-03,2017-03-31,0.0020298211356648554,0.229336437718277,0.050510762578987276,0.007629554793329264,0.5005634300001464,-0.1365762165288941,-2.1546857820618466,-1.5080438911107776,-1.831364836586312,-0.6468134423800824,13.0,nearest_listed_proxy
2017-05,2017-04,2017-04-28,0.005764830254126552,0.6057347670250897,0.29177612156967164,0.0071034187484514625,-0.1061413102284997,0.8657984214506195,-1.6742832805875039,-2.4066638584875863,-2.040473569537545,-0.671103866838711,13.0,nearest_listed_proxy
2017-06,2017-05,2017-05-31,0.0,0.3964620187304891,0.3698136237951126,0.011774024153571736,0.6119657066634555,-0.4667044181421442,-1.7873674313928318,-0.9357813326421531,-1.3615743820174924,-0.5765536721542092,8.0,nearest_listed_proxy
2017-07,2017-06,2017-06-30,0.0012097725424503047,-0.05270758122743678,-0.019979424184965223,0.00997729046127395,0.27554117738216183,0.7364914251108527,-1.7801444616814197,-2.2023863801399486,-1.9912654209106841,-0.6656933239660316,13.0,nearest_listed_proxy
2017-08,2017-07,2017-07-31,0.019758165038048225,0.238927011852776,-0.19509629681177573,0.014791354784287374,0.915124371747862,0.9437040625069013,-2.4372846001960133,-2.5185052421349905,-2.477894921165502,-0.7124697488948623,10.0,nearest_listed_proxy
2017-09,2017-08,2017-08-31,0.02545111789029443,0.4704077159140727,-0.3819416404036719,0.01567113634802134,1.0133358446751297,0.9646541751188004,-2.1251996127916857,-2.0972322590488126,-2.1112159359202494,-0.6785822583207438,14.0,nearest_listed_proxy
2017-10,2017-09,2017-09-29,0.0060526201918821715,0.2975113122171945,0.46853854036269715,0.012371455690593676,-0.9118347798338755,-0.3415807878450732,-0.6463669441625071,-0.9017697083012699,-0.7740683262318885,-0.4363238522362921,13.0,nearest_listed_proxy
2017-11,2017-10,2017-10-31,-0.0050000000000000044,0.07137375287797375,0.5038384324238769,0.011849552277051945,-0.7115103746851709,-0.8991104406948139,-0.6107692267306503,-0.5633436638760007,-0.5870564453033255,-0.3699026881120946,9.0,nearest_listed_proxy
2017-12,2017-11,2017-11-30,0.0061800000000000604,0.3006036217303823,-0.41685205871258163,0.015278795393306416,0.8015024310453484,0.16737457582051496,-2.0048419392552064,-1.501752721668654,-1.7532973304619301,-0.6367991248398056,14.0,nearest_listed_proxy
2018-01,2017-12,2017-12-28,0.0050000000000000044,0.3615520282186948,0.6474567797965662,0.010477742620949557,0.06854541662235292,0.012464259811086379,-1.3618295265133489,-1.2394728274579612,-1.300651176985655,-0.5653404523017637,14.0,nearest_listed_proxy
2018-02,2018-01,2018-01-31,-0.007819999999999827,-0.02753303964757703,0.41330250066322777,0.018509240107093643,-0.02959419602002254,-0.5676211684393904,-0.9555493920269367,-0.6065092193777568,-0.7810293057023467,-0.438526925526556,8.0,nearest_listed_proxy
2018-03,2018-02,2018-02-28,0.002119999999999872,0.28123444499751127,-0.2604044966761186,0.02338572834237948,0.26532707614861767,0.3870991800689067,-0.7881890445064339,-0.9623380339847099,-0.8752635392455719,-0.46674161840617606,8.0,nearest_listed_proxy
2018-04,2018-03,2018-03-30,0.01951041421363095,0.07356264122520734,0.06727149092486526,0.028209980667071415,-0.888563480746507,-0.39555838319506736,0.8171508822580446,-0.04033382567193122,0.38840852829305667,0.27975089491172717,13.0,nearest_listed_proxy
2018-05,2018-04,2018-04-30,0.030720000000000025,-0.19111111111111115,0.2613635161195117,0.01580996357938823,-0.20281031275929093,-0.7690142597514109,-0.636344103386132,0.13484473106252293,-0.25074968616180454,-0.20047951155701194,10.0,nearest_listed_proxy
2018-06,2018-05,2018-05-31,0.02057999999999993,0.4116012504341784,-0.20925226035108924,0.019489959808006996,0.14369573971469904,0.7159330220927486,-1.0765849384410402,-1.7532714107086358,-1.4149281745748379,-0.5859090094155468,14.0,nearest_listed_proxy
2018-07,2018-06,2018-06-29,0.017460167748158006,0.0713581058862218,-0.1418066681180859,0.02380122422737218,-0.13913857636524138,-0.42559444886868936,-0.316550468175693,-0.33315407421245014,-0.32485227119407156,-0.24519886349387965,13.0,nearest_listed_proxy
2018-08,2018-07,2018-07-31,0.01160301291536009,-0.15361445783132538,-0.05788414849194094,0.01521707886814977,-0.6120697073451817,-0.4111888613809979,-0.35223726246318043,-0.29711763356886084,-0.3246774480160206,-0.2450992492567096,9.0,nearest_listed_proxy
2018-09,2018-08,2018-08-31,0.02280312768230397,0.025118805159538366,0.19450719147658133,0.011528070367467943,-0.346527058116191,0.027499472459710683,-0.9690987300186487,-1.170459523989679,-1.0697791270041637,-0.5168566602333948,13.0,nearest_listed_proxy
2018-10,2018-09,2018-09-28,0.004507305770397235,0.32565445026178,-0.2391321994059375,0.007414533116332908,0.35693131863079364,0.5836950048637671,-2.0065276758568173,-1.9700494498194852,-1.9882885628381513,-0.6653602960450908,13.0,nearest_listed_proxy
2018-11,2018-10,2018-10-31,0.02948154883672721,0.24526844341444565,-0.19470416173574603,0.04249308139419734,0.13205884276288263,0.9054576387365426,0.24593394222054707,-1.4634060076684703,-0.6087360327239616,-0.3783939815739882,8.0,nearest_listed_proxy
2018-12,2018-11,2018-11-30,0.011144487487316168,0.07443209279845334,-0.10019304218433435,0.03937209243815028,-0.4143755500603192,-1.1419892814955235,0.2976332915734805,1.043578625005937,0.6706059582897087,0.4014148009960679,13.0,nearest_listed_proxy
2019-01,2018-12,2018-12-28,0.03095911474827337,0.19750086775425202,0.10797762913531635,0.029626949285485926,-0.15406421219319436,-0.04787442868652506,0.10846854675002375,-0.08820732726885075,0.0101306097405865,0.010029009756657272,13.0,nearest_listed_proxy
2019-02,2019-01,2019-01-31,0.0026470870861391993,0.09446808510638302,0.42442259938835736,0.018655297817700783,-0.3903162852748671,-0.7817626543986481,-0.30226655871204283,0.19017826747008337,-0.05604414562097973,-0.05306988903198209,14.0,nearest_listed_proxy
2019-03,2019-02,2019-02-28,0.01212149050132591,0.11640953716690036,-0.04009692819679721,0.02306341286897052,0.13973739524419124,0.04577203218741035,-0.8883641700711319,-0.846638262475081,-0.8675012162731064,-0.46452511447587813,14.0,nearest_listed_proxy
2019-04,2019-03,2019-03-29,0.013945835726232814,0.1291390728476821,-0.06422080575162885,0.016654391760312075,0.4509413276873718,0.1856843036377839,-1.1927119302650826,-1.0039307303797012,-1.098321330322392,-0.5234285685661132,13.0,nearest_listed_proxy
2019-05,2019-04,2019-04-30,0.010117599730924479,-0.13935969868173273,-0.07717697835466678,0.01326103916852823,-0.2340638595534484,-0.37714458649825966,-0.9018956489650608,-0.7170829827545999,-0.8094893158598304,-0.44735788642950813,9.0,nearest_listed_proxy
2019-06,2019-05,2019-05-31,0.021146751432801147,0.18675394686176355,-0.08188024104431715,0.026246318049474686,0.3770529222894548,-0.23975815229033173,-0.7439529891118101,-0.30718822880325547,-0.5255706089575327,-0.34450756056232007,13.0,nearest_listed_proxy
2019-07,2019-06,2019-06-28,0.012157507842154414,0.35874225821819905,0.06299169314935865,0.01911890590691854,0.5003436440937924,0.040144332965556716,-1.3868202326951042,-0.6892847203099521,-1.038052476502528,-0.5093354996844413,13.0,nearest_listed_proxy
2019-08,2019-07,2019-07-31,0.00970505752287662,0.13256288239292993,-0.5062410875720939,0.023615556552756045,0.14503220549560747,0.00869602283391487,-0.7706912053676328,-0.924975584161158,-0.8478333947643955,-0.4588256696554057,8.0,nearest_listed_proxy
2019-09,2019-08,2019-08-30,0.016637238434573154,0.1811629024507449,0.30601609452025996,0.021756711474201558,-0.16128869471434407,-0.5267959908322157,-0.2296949529011724,-0.011395708244021585,-0.12054533057259699,-0.10757737976650932,13.0,nearest_listed_proxy
2019-10,2019-09,2019-09-30,0.013001737473892494,0.26474442988204444,0.1208789013665874,0.01861405478122572,0.2437366708349443,0.04176925239227586,-0.9721257131920272,-0.6632409634328289,-0.817683338312428,-0.4498491684869494,10.0,nearest_listed_proxy
2019-11,2019-10,2019-10-31,0.008718446059959667,0.2278037383177569,-0.029910185779038093,0.014633558793003928,0.4369214175484886,0.019057038586781688,-1.4310255870981363,-0.9532438115925336,-1.192134699345335,-0.5438236526712329,14.0,nearest_listed_proxy
2019-12,2019-11,2019-11-29,-0.00030342976998737337,0.37537840565085767,-0.5825084150707626,0.018054502976010557,0.9579923335744001,0.7916831057421948,-1.744713234148477,-1.698537017720799,-1.721625125934638,-0.6325724691211512,13.0,nearest_listed_proxy
2020-01,2019-12,2019-12-30,-0.004403140294719166,-0.06641837368094355,0.07580864895669329,0.01696220495174572,-0.28862224807641945,-0.20821146205179544,-0.6785363683263786,-0.6695401502458824,-0.6740382592861305,-0.4026420875073455,10.0,nearest_listed_proxy
2020-02,2020-01,2020-01-31,0.019913231057375275,0.15473755964553507,-0.42488694626451984,0.038074914361470244,1.0034665630295263,0.746935683676703,-1.1616521833979598,-1.4839877939515436,-1.3228199886747518,-0.5694888089151781,13.0,nearest_listed_proxy
2020-03,2020-02,2020-02-28,0.04966858982179145,0.2924987199180745,-0.7227637963564422,0.1523947165885989,0.7195957117105692,1.7369377172917908,0.25825956097464964,-1.5395493142225556,-0.640644876623953,-0.3904835749356338,13.0,nearest_listed_proxy
2020-04,2020-03,2020-03-31,0.08326164265494645,0.29694379694379686,-0.2784826445328684,0.28000212235475286,0.9766029990928914,0.9526429374399341,1.6594794296953403,1.2952173844975579,1.477348407096449,0.5963426068228975,9.0,nearest_listed_proxy
2020-05,2020-04,2020-04-29,0.0466531997584298,0.4754843338914135,0.2134082097896911,0.07637948638942169,-0.5844993085551271,0.25948161140902554,1.7637921661797182,1.495974354970374,1.629883260575046,0.6197549849488978,15.0,nearest_listed_proxy
2020-06,2020-05,2020-05-29,0.05682177787042758,0.2674988149786696,-0.07280696131667937,0.062283699924993004,-0.6057482106777488,-0.6469509934468768,1.1649836015446073,1.5247746648529303,1.3448791331987688,0.5735387867792361,13.0,nearest_listed_proxy
2020-07,2020-06,2020-06-30,0.018076852092399676,0.31157105153493553,-0.0016436095103285894,0.09231955109698059,-0.21524945080448568,0.18525827976203887,1.3410714918370834,0.924340804481716,1.1327061481593996,0.5311121502308065,9.0,nearest_listed_proxy
2020-08,2020-07,2020-07-31,0.021918328864967696,0.1778907242693774,-0.09111346065071553,0.049283961011592325,-0.3435619068168477,-0.18269308797797126,0.6830825650151191,0.623865948765463,0.653474256890291,0.3952128399744717,13.0,nearest_listed_proxy
2020-09,2020-08,2020-08-31,0.03874269287336868,0.2078384798099762,-0.3847298610814007,0.081643044614196,0.650709739199432,0.15584644611482198,0.09106168276268767,0.36206788657332556,0.2265647846680066,0.18471489439453517,10.0,nearest_listed_proxy
2020-10,2020-09,2020-09-29,0.016953664935046547,0.12020460358056255,0.1516017940529537,0.03719384949296753,-1.0985372305164,-0.08877555464975173,1.4094592756604833,0.4805079064836746,0.944983591072079,0.48585684496762366,9.0,nearest_listed_proxy
2020-11,2020-10,2020-10-30,0.041574229129994145,0.303356654351073,-0.7060730417754867,0.09794860146989673,0.8788403086277515,0.19496782528488957,-0.35374254376396597,0.08675426542276124,-0.13349413917060238,-0.11777223591846923,13.0,nearest_listed_proxy
2020-12,2020-11,2020-11-30,0.00028532701696779017,0.10344827586206902,-0.395962003500044,0.04300583622691681,0.5471776511215372,-0.24578025279625337,-0.4802880627714746,0.5121720695975648,0.01594200341304508,0.015691843982715656,10.0,nearest_listed_proxy
2021-01,2020-12,2020-12-30,0.01232653474974374,0.07710965133906011,0.7798596315937877,0.03975895407191994,-1.7536056286194623,-0.19292569540989132,1.9208486199959935,0.2997311573122227,1.1102898886541082,0.5261314545568069,15.0,nearest_listed_proxy
2021-02,2021-01,2021-01-29,0.041300135467768784,0.1398909026922399,-0.6833128013022304,0.12183874708504955,0.8769998541969763,-0.054859139463056206,0.11360639373006765,0.8677752064328166,0.4906908000814421,0.3291700734012941,13.0,nearest_listed_proxy
2021-03,2021-02,2021-02-26,0.02705860723190312,0.10066868187230912,-0.6781428241684315,0.09118845506819259,0.4166015078451743,0.7875303436025317,0.4199968871472927,0.11375774710540332,0.266877317126348,0.21065758579662994,13.0,nearest_listed_proxy
2021-04,2021-03,2021-03-31,0.02074836495267013,0.062442325438326694,0.11625601650946453,0.04309101513354403,-0.2806256967147937,-0.23036390719179642,0.518144328265266,0.8129805769072525,0.6655624525862592,0.3996022193900831,8.0,nearest_listed_proxy
2021-05,2021-04,2021-04-30,0.01934317186043244,0.13248638838475502,-0.5653132836301753,0.032532001539336115,0.32791780496719974,0.6511604089296815,-0.4291042650871488,-0.7984103302931191,-0.613757297690134,-0.3803281314784082,13.0,nearest_listed_proxy
2021-06,2021-05,2021-05-31,0.017034635327714515,0.2911111111111112,-0.0752485547592897,0.026936932154846882,-0.17543887669964,0.4106844651283262,0.008467155217348421,-0.5611311521594572,-0.2763319984710544,-0.21650479561906968,10.0,nearest_listed_proxy
2021-07,2021-06,2021-06-30,0.010907311613294113,0.17193836171938348,0.44035538193168733,0.014613730438169445,-0.3412685014935617,-0.6745190712172707,-0.5109602225880134,0.018332100042098398,-0.24631406127295752,-0.19763402253632428,8.0,nearest_listed_proxy
2021-08,2021-07,2021-07-30,0.015644918791515278,0.2313420754411527,-0.6712373003919179,0.024085851355449342,0.4825865209187994,1.1773436578518377,-1.0986943341074316,-2.0097988352724117,-1.5542465846899216,-0.6084951210294377,13.0,nearest_listed_proxy
2021-09,2021-08,2021-08-31,0.01498980049865875,0.017314788532500798,0.3759538962503925,0.02029927318116565,-0.5015607477942355,-1.04532026573471,0.04849298831062787,0.5165280415060741,0.282510514908351,0.22027929722551975,9.0,nearest_listed_proxy
2021-10,2021-09,2021-09-30,0.01752821547924302,0.2317744154057771,0.024207622189231177,0.023539157557808253,-0.14874709252858997,-0.19453376006553025,-0.33103268202277114,-0.3526424375500915,-0.3418375597864313,-0.254753309961631,14.0,nearest_listed_proxy
2021-11,2021-10,2021-10-29,0.02297760510992619,0.2952860954639787,-0.4936512004048861,0.03143754124606076,0.5955668048789032,0.42134757741637663,-0.9902155644208042,-0.7299245112284589,-0.8600700378246315,-0.4623858351218275,13.0,nearest_listed_proxy
2021-12,2021-11,2021-11-30,0.027271703935383085,0.36475452196382446,-0.9903128409939558,0.0703320298312042,1.0827391938633018,1.4644910555688542,-1.0739067736160155,-1.7522804393429736,-1.4130936064794946,-0.585594194392269,9.0,nearest_listed_proxy
2022-01,2021-12,2021-12-30,0.016226486142890628,0.13452833604924855,-0.12390167447846166,0.02321874527588813,-0.3684302412963496,-0.15499565047477767,-0.05081214984174437,-0.017739304572613773,-0.03427572720717907,-0.03313983525431144,14.0,nearest_listed_proxy
2022-02,2022-01,2022-01-28,0.03715449011181976,0.15436839176405126,0.021280725755019582,0.049506911502598235,-0.16136677297081284,-0.12569841331064877,0.722871155525747,0.007928465012690442,0.3653998102692187,0.2676137842711228,13.0,nearest_listed_proxy
2022-03,2022-02,2022-02-28,0.029722817659115885,0.2577950347099659,-0.13274435600697265,0.05944690746081724,0.19331472333381342,-0.09347797392846496,0.4299852078047929,0.5220501059812348,0.47601765689301384,0.32250132962163947,10.0,nearest_listed_proxy
2022-04,2022-03,2022-03-31,0.021396159430619177,0.3599660008499787,0.15165934428642983,0.023000792059495522,-0.1439801537608928,-0.1604784146599609,-0.12499898219187855,0.37896890844386244,0.12698496312599195,0.11267671466863713,14.0,nearest_listed_proxy
2022-05,2022-04,2022-04-29,0.017575828544626998,0.39342313787638666,0.36599268406884683,0.028057394752223304,-0.3613245991055141,-0.2508943475237611,0.35771026831035596,-0.07076472401856687,0.14347277214589454,0.12547108741089377,13.0,nearest_listed_proxy
2022-06,2022-05,2022-05-31,0.017472776888384195,0.13847364280094412,0.06841417731095356,0.020542073272335485,-0.4280737954856286,-0.6935215118521222,0.08409633949036383,0.5678508302505367,0.32597358487045025,0.24583716341702117,9.0,nearest_listed_proxy
2022-07,2022-06,2022-06-30,0.023421501374877918,0.04868383809793381,-0.2969325161609163,0.048843153127248004,-0.3588225617498552,0.04282382499493109,0.6305525754915535,0.14601498871960827,0.3882837821055809,0.27968617591763484,14.0,nearest_listed_proxy
2022-08,2022-07,2022-07-29,0.018175610509734708,0.26885337818895433,0.21994681735550348,0.023979386567962932,-0.033668304450517904,0.05925093647153964,-0.184669281911598,0.02369516592138312,-0.08048705799510744,-0.07449145956866417,13.0,nearest_listed_proxy
2022-09,2022-08,2022-08-31,0.05691328425445752,0.2872855257369116,0.060257747782418915,0.025165956256908886,0.7632744819187293,0.6328211269069485,-1.180916787079748,-1.0671167587466388,-1.1240167729131934,-0.5291939250421027,8.0,nearest_listed_proxy
2022-10,2022-09,2022-09-30,0.025213394589236715,0.20461354104254037,-0.37192515377214214,0.05923657007291285,0.34759312363118594,0.4172629277450144,0.1532573638256391,-0.46219477925894187,-0.1544687077166514,-0.13380068830290343,13.0,nearest_listed_proxy
2022-11,2022-10,2022-10-31,0.00918155583230204,0.31761786600496283,0.34717765230088005,0.04079714262387844,-0.024047164523183746,-0.2753213496617561,0.27453639951237063,0.6535188736641362,0.4640276365882534,0.31695278490071127,10.0,nearest_listed_proxy
2022-12,2022-11,2022-11-30,0.03775395805519868,-0.05465985057019274,0.41010476673864504,0.028377674656775972,-0.09202093698450003,-0.12132214961826752,-0.32733447318268855,0.010464839304543477,-0.15843481693907252,-0.13676627689566873,8.0,nearest_listed_proxy
2023-01,2022-12,2022-12-29,0.005936514133992349,0.007282260413632388,-0.5946082319912394,0.02631681873197143,0.12159317312723834,0.3551470695832995,-0.5908062999567145,-0.7617925172770681,-0.6762994086168913,-0.4034478596964391,14.0,nearest_listed_proxy
2023-02,2023-01,2023-01-31,0.0004490171692876077,0.2007912957467853,-0.15942837648688074,0.030430496710383774,0.29476342635944275,-0.007484465868173844,-0.6488612779824718,-0.39929228418771334,-0.5240767810850926,-0.3438650779207903,9.0,nearest_listed_proxy
2023-03,2023-02,2023-02-28,0.001961873574749168,0.19916868721856598,0.12764847893947484,0.02935961992463216,-0.05677529857891539,0.11014600279835658,-0.0718171173341795,-0.35068662712430004,-0.21125187222923977,-0.1744078808649788,9.0,nearest_listed_proxy
2023-04,2023-03,2023-03-31,0.011236567405241343,-0.03468854904886243,0.31227469396859575,0.018134142582330457,-0.5407449106158401,-0.4201648513812695,-0.0627924398173052,0.1315584075609753,0.034382983871835054,0.03324009038038784,13.0,nearest_listed_proxy
2023-05,2023-04,2023-04-28,0.02097999999999997,0.1996353691886964,0.17992540447559002,0.014504096927872667,0.11622544503112191,0.053594490788170614,-1.0245988779564166,-0.826581928992898,-0.9255904034746573,-0.48067875795624204,13.0,nearest_listed_proxy
2023-06,2023-05,2023-05-31,0.011613871898713601,0.12474713418745773,0.1257158905013361,0.014718346369591104,0.3074238078956683,-0.1543711006147228,-1.2750062055203426,-0.8610863788756729,-1.0680462921980078,-0.5164518300327033,8.0,nearest_listed_proxy
2023-07,2023-06,2023-06-30,0.0020501961201048746,0.09521188772702266,0.03657129798628103,0.011119646797488399,-0.1407621732285034,-0.030626372329177393,-1.0592796314651232,-1.1118561531253448,-1.0855678922952339,-0.5205142907625663,13.0,nearest_listed_proxy
2023-08,2023-07,2023-07-31,0.003927203928428907,0.15154224407688874,0.22937710310042408,0.01703511590654433,0.3536366707328103,0.12767223469634983,-1.2370828304566923,-1.2453858952231225,-1.2412343628399074,-0.5538172997076118,10.0,nearest_listed_proxy
2023-09,2023-08,2023-08-31,0.010007510654780616,-0.1164044943820223,0.05366888548127325,0.012924004373131768,-0.36330809576345285,-0.3755842432151504,-0.5963454243010253,-0.43984623849832505,-0.5180958313996752,-0.34128005668917094,14.0,nearest_listed_proxy
2023-10,2023-09,2023-09-27,0.008242075859787479,-0.03938654583478567,-0.12246371414837295,0.016287239094332245,-0.18910115450989853,-0.10300254845415523,-0.7776717980156267,-1.0021549888748658,-0.8899133934452462,-0.47087522451119584,15.0,nearest_listed_proxy
2023-11,2023-10,2023-10-31,0.005095057148141818,0.12307227094042936,-0.2621598663540672,0.0357637090477763,-0.11908288756076348,0.09850821401698007,0.17161040685045764,-0.5054354401684958,-0.1669125166590191,-0.14303772928660105,9.0,nearest_listed_proxy
2023-12,2023-11,2023-11-30,0.001986979598067068,0.01915020945541593,0.4953833978706846,0.018935484428191224,-0.44243417900730925,-1.3352365665241164,-0.25638521855532487,0.9205215674864728,0.332068174465574,0.24928767223104015,14.0,nearest_listed_proxy
2024-01,2023-12,2023-12-28,-0.011941475673259233,0.09769153563064574,0.6647170324631485,0.030002917556816742,0.4206382086327776,-0.5141552106544521,-0.9299312334366314,-0.15409527182143123,-0.5420132526290313,-0.35149714291037015,14.0,nearest_listed_proxy
2024-02,2024-01,2024-01-31,0.0036690815268417276,0.00693909020817266,0.08910547196185488,0.02613485901129815,-0.06551443400842545,0.6384536634689684,-0.23687588800949128,-0.8785188804415265,-0.5576973842255089,-0.35802678355449474,8.0,nearest_listed_proxy
2024-03,2024-02,2024-02-29,0.007757602711647049,0.06558455801710905,-0.059283350859414406,0.023481911392527227,0.32916947841699207,0.072501229301629,-0.6794564775192603,-0.36540952904895796,-0.5224330032841091,-0.3431566460771313,14.0,nearest_listed_proxy
2024-04,2024-03,2024-03-29,0.0076441465460916624,-0.1358824800172823,0.4155035114490658,0.02313874369322942,-0.4824873805322549,-0.3396201170113184,0.0847782001908422,-0.021675347708105974,0.03155142624136811,0.030586382257577857,13.0,nearest_listed_proxy
2024-05,2024-04,2024-04-30,-0.0023380258930779108,0.11977715877437319,0.2824078538203454,0.02714832336350518,0.0758679733614716,0.205727210088661,-0.31477999621816527,-0.40653197928593215,-0.3606559877520487,-0.26506037602339994,9.0,nearest_listed_proxy
2024-06,2024-05,2024-05-31,-0.01031139530320549,0.21805128205128213,-0.0336274951298416,0.026393091503565367,-0.12290800247121748,0.18730917825450058,-0.3463375298957265,-0.6447242858836023,-0.4955309078896644,-0.33134113462683656,13.0,nearest_listed_proxy
2024-07,2024-06,2024-06-28,0.009495497118746365,0.05253413561675539,0.22815185358372023,0.02055285281237415,-0.05369090516861156,0.06378714031703152,-0.40175567725767336,-0.5145896795241738,-0.45817267839092357,-0.3142101653533323,13.0,nearest_listed_proxy
2024-08,2024-07,2024-07-31,0.0026358518057688907,0.06792058516196448,0.37133819127701245,0.030104381035289562,-0.17902456761723964,-0.36216579652930997,0.05630172859439987,0.0064488104188487605,0.031375269506624316,0.030420808443112277,8.0,nearest_listed_proxy
2024-09,2024-08,2024-08-30,0.004017167739481964,0.26373973468098544,0.18900123900900972,0.033767263765264136,-0.24243698449446108,-0.2900330265917561,0.36651177159528914,0.44954880172727796,0.40803028666128355,0.28978800422596274,13.0,nearest_listed_proxy
2024-10,2024-09,2024-09-30,-0.0018669489901547431,0.11671924290220825,-0.10347826300195206,0.0749380666892336,-0.37897294612245885,-0.19842512193957954,1.1393928610340618,0.6472990884429023,0.893345974738482,0.4718345123700253,10.0,nearest_listed_proxy
2024-11,2024-10,2024-10-31,0.013975720452326396,0.2743398106626807,-0.24965459257350986,0.05653694482232251,0.23118374489935853,1.3737317978385624,0.1800265774440867,-0.9369980516477865,-0.3784857371018499,-0.2745663062844482,14.0,nearest_listed_proxy
2024-12,2024-11,2024-11-29,0.008767560377147099,0.2124507781736358,-0.6310758589668074,0.035140992909670044,0.7028270341602351,0.5879890359085166,-0.874727063014086,-0.40470234720545106,-0.6397147051097685,-0.3901378106302606,13.0,nearest_listed_proxy
2025-01,2024-12,2024-12-30,0.014430542994266382,0.25327210103329506,-0.20180085187933858,0.03924581798395523,-0.04596184322447742,0.4920012986684133,0.08053096129016912,-0.47333363399263306,-0.19640133635123197,-0.16416007771289692,10.0,nearest_listed_proxy
2025-02,2025-01,2025-01-31,0.017460574366757214,0.19264448336252193,-0.34574266691463457,0.028885762650387312,0.5873907033587757,0.8529706447843028,-0.9146953172139527,-0.9355425131985851,-0.9251189152062689,-0.4805515689960098,13.0,nearest_listed_proxy
2025-03,2025-02,2025-02-28,0.03499529450358191,0.2001909991643787,-0.8963962963030777,0.052797525235565065,1.1305922794392844,1.2223999005555528,-1.0315621272325857,-1.2977918805774855,-1.1646770039050356,-0.5380373154073244,13.0,nearest_listed_proxy
2025-04,2025-03,2025-03-31,0.0320567357070794,0.3465634075508229,-0.8357237050651182,0.08517377934510997,1.4289657034326961,1.1541115402785627,-1.0702749441179185,-0.9275132232562977,-0.9988940836871081,-0.4997233679558319,10.0,nearest_listed_proxy
2025-05,2025-04,2025-04-30,0.021348583633253843,0.2770379993504383,0.040331212086539,0.030643092721779737,0.6735913185266327,0.2963752562131341,-0.6093120316822971,0.27367628453399595,-0.16781787357415057,-0.1437020937695855,8.0,nearest_listed_proxy
2025-06,2025-05,2025-05-30,0.005593907231184164,0.16745713243341848,0.35766871131016725,0.044506693227987504,-0.7537968097518166,-0.9542889494099646,0.9234644078296215,0.9375094571019743,0.9304869324657978,0.4819959756356875,13.0,nearest_listed_proxy
2025-07,2025-06,2025-06-30,0.005344490061436086,0.1783827712312068,0.27398404601238124,0.05205608390865961,-0.3356193240372267,-0.6088282802859118,0.963907375005017,1.1065025937436532,1.0352049843743352,0.5086490021016625,10.0,nearest_listed_proxy
2025-08,2025-07,2025-07-31,0.02883218329844256,0.24302541847489162,0.13046168096412294,0.043921237209728695,0.3367254520596057,0.6470985157589063,0.049173540176621566,-0.29204866325013756,-0.121437561536758,-0.10828740333108378,14.0,nearest_listed_proxy
2025-09,2025-08,2025-08-29,0.012476816324668377,0.2533031332578332,-0.03255894312411953,0.03008323328369908,-0.053077302851110154,0.2192709243821711,-0.013986935129015214,0.025079712145872596,0.005546388508428691,0.005515795762198394,13.0,nearest_listed_proxy
2025-10,2025-09,2025-09-30,0.013346095823892096,0.07373020207536868,-0.07377374427968947,0.008241474874096755,0.4514336779530009,-0.3978040855762694,-1.54713693474722,-0.0712983707677246,-0.8092176527574723,-0.4472749044450921,9.0,nearest_listed_proxy
2025-11,2025-10,2025-10-31,0.010738851648153913,0.12646790638556546,0.4650017887742162,0.07537213986805871,0.15551025890425557,-1.0239130905526113,1.0762538512403321,1.4802730496296916,1.2782634504350119,0.5610691995216532,13.0,nearest_listed_proxy
2025-12,2025-11,2025-11-28,0.008020705529411198,0.1633734407771277,-0.2076005471257056,0.08230101180926419,-1.050523835131257,0.6691956692134694,2.4512547582845396,0.9135615244521159,1.6824081413683278,0.6272006543009192,13.0,nearest_listed_proxy
2026-01,2025-12,2025-12-30,0.003017060317665493,0.06287082902400519,0.5200417700958575,0.05054620360825145,-0.2746320794767539,-1.2155996967614664,0.7874350606562666,2.1200099863166324,1.4537225234864495,0.5924559560307909,9.0,nearest_listed_proxy
2026-02,2026-01,2026-01-30,0.013660667980821273,0.19656824403597956,0.17542155045164198,0.14459038175231134,-0.3820465507298623,0.2803182260957677,2.0386976065327778,1.0016611660164108,1.5201793862745943,0.603202849191529,13.0,nearest_listed_proxy
2026-03,2026-02,2026-02-27,0.022540000000000004,0.16797835559198573,0.9596208034561228,0.2595303720576411,0.1457570943359016,-0.7657085068313365,2.0764023006083443,2.789533523280668,2.4329679119445062,0.7087068607543207,13.0,nearest_listed_proxy
2026-04,2026-03,2026-03-31,0.062437387097786345,0.1270372070911671,-0.6911277027911608,0.44657608851007136,0.3704623919380173,1.4692917406272492,2.592467457694502,1.4561994307825532,2.0243334442385277,0.6693486289003487,9.0,nearest_listed_proxy
2026-05,2026-04,2026-04-30,0.01828000000000074,0.16426616817378192,0.13615518625200398,0.23347395560363654,-0.35348924587990765,-0.6410167458615413,2.6458438369896893,3.1265464914784955,2.8861951642340924,0.7426789037248251,14.0,nearest_listed_proxy
2026-06,2026-05,2026-05-29,0.04051797039709981,0.39729203995367113,0.9065493124070267,0.31247344903999613,0.29588022106580525,-0.5919587352705813,2.462936096012697,3.2677605050322547,2.865348300522476,0.7412911017967434,13.0,nearest_listed_proxy
2026-07,2026-06,2026-06-30,0.04295059311015159,0.3952592434854525,0.06435357004158583,0.6995038960589324,-0.9716422374993242,1.2857668690631783,4.613789769463934,1.9957637679668634,3.304776768715399,0.7676999171554224,9.0,nearest_listed_proxy
