month,return,gross_return,nav,drawdown,turnover,trade_cost,fx_cost,financing_return,regime,lgbm_probability,lgbm_score,max_shift,w_KODEX200,w_BOND,w_GLD,w_USO
2007-04,0.031701768536723234,0.03361720075060629,1.0317017685367231,0.0,1.2,0.0018,0.00011543221388305367,-0.0006547479564397827,Goldilocks,0.545594717647986,0.30396478431990637,0.0,0.6853962530144325,0.28373931921946005,0.17288690580760166,0.05797752195850566
2007-05,0.06871373602606427,0.06881320308183096,1.1025938515175793,0.0,0.02982922271255652,8.948766813766956e-05,9.979387629013432e-06,-0.0006547479564397827,Goldilocks,0.6360782182035607,0.9071881213570714,0.0,0.7172026051596376,0.24709755446777537,0.16681949854511538,0.0688803418274715
2007-06,0.009005565312773314,0.00913356014901685,1.1125233324608832,0.0,0.03741056798263879,0.00011223170394791637,1.5763132295618516e-05,-0.0006547479564397827,Goldilocks,0.562734928971968,0.41823285981311986,0.0,0.7010532861066527,0.24373143237769165,0.17621808845365952,0.07899719306199612
2007-07,0.08507216382142475,0.08510279419064555,1.2071680996551528,0.0,0.009072525734028392,2.7217577202085177e-05,3.412792018714889e-06,-0.0006547479564397827,Goldilocks,0.6526596544823291,1.0,0.0,0.7089002864788114,0.24455718799725948,0.17174194317473143,0.07480058234919763
2007-08,-0.011322871107073366,-0.011216265407513477,1.1934994908581869,-0.011322871107073307,0.030857078410711558,9.257123523213468e-05,1.4034464327753348e-05,-0.0006547479564397827,Goldilocks,0.6557502072882756,1.0,0.0,0.6943170113771253,0.23745502265894547,0.18152856249098118,0.08669940347294806
2007-09,0.04536939486802027,0.045400171848846385,1.247647840533713,0.0,0.008700791948621174,2.6102375845863524e-05,4.674604980253877e-06,-0.0006547479564397827,Goldilocks,0.4789754990273746,-0.14016333981750284,0.0,0.6978809309907754,0.23881294301094635,0.1791605004639058,0.08414562553437235
2007-10,0.05126191804683164,0.052032087607678475,1.3116046618864587,0.0,0.2510172569316358,0.0007530517707949074,1.7117790051927318e-05,-0.0006547479564397827,Slowdown,0.46668917887932027,-0.22207214080453158,0.0,0.47932629735358,0.4840690053413534,0.17823248957789042,0.05837220772717615
2007-11,-0.03556708257811615,-0.033748495200935674,1.264954710567301,-0.03556708257811614,0.5200578222449967,0.0015601734667349903,0.000258413910445489,-0.0006547479564397827,Overheating,0.4740317082427858,-0.17312194504809475,0.0,0.24221898730622096,0.19705535545190864,0.17138187764496346,0.5893437795969069
2007-12,0.09616641628588991,0.09641024373115095,1.3866008718465135,0.0,0.0702123460653604,0.00021063703819608124,3.3190407064955574e-05,-0.0006547479564397827,Overheating,0.4488857736902882,-0.340761508731412,0.0,0.19005789659202535,0.16973204075490278,0.1988378467181064,0.6413722159349654
2008-01,-0.03087985815945577,-0.030792041734406337,1.3437828336001154,-0.03087985815945582,0.027408041999700372,8.222412599910112e-05,5.592299050330319e-06,-0.0006547479564397827,Overheating,0.5109201086446266,0.07280072429751039,0.0,0.16518892174967545,0.16809983973826947,0.22001416655995795,0.6466970719520971
2008-02,0.09835110896838704,0.09844221305750524,1.4759453654973682,0.0,0.02906961556316405,8.720884668949215e-05,3.895242428699153e-06,-0.0006547479564397827,Overheating,0.38493369551474504,-0.7671086965683664,0.0,0.15820696224746003,0.16932592269663033,0.2275317256165705,0.6449353894393389
2008-03,0.01041412844183513,0.010491311619762777,1.491316050106789,0.0,0.024123289170911985,7.236986751273596e-05,4.813310414912287e-06,-0.0006547479564397827,Overheating,0.32602806452188215,-1.0,0.0,0.1595249270968704,0.16797141431454102,0.22577180440122105,0.6467318541873674
2008-04,0.08943294373486728,0.08987535310949864,1.6246888345068942,0.0,0.12894538809549505,0.0003868361642864852,5.5573210344864287e-05,-0.0006547479564397827,Overheating,0.3229296638141823,-1.0,0.0,0.16946969665877995,0.2709205192684645,0.22834435465872513,0.5312654294140304
2008-05,0.08500112312690475,0.08510396994460363,1.7627892101717222,0.0,0.03295730419271416,9.887191257814247e-05,3.974905120752937e-06,-0.0006547479564397827,Overheating,0.46849963355009705,-0.210002442999353,0.0,0.18083575037249297,0.26475196556855507,0.22064245167087682,0.533769832388075
2008-06,0.08699918340098191,0.08709528620710998,1.916150431964724,0.0,0.03052211502494126,9.156634507482379e-05,4.536461053253393e-06,-0.0006547479564397827,Overheating,0.5213825290634456,0.14255019375630415,0.0,0.17894846818071572,0.25259835404527126,0.22841970202032696,0.5400334757536859
2008-07,-0.1141051555066144,-0.11393869627361274,1.6975077889513228,-0.11410515550661438,0.051714560186745376,0.00015514368056023612,1.1315552441437449e-05,-0.0006547479564397827,Overheating,0.5267569363306828,0.17837957553788514,0.0,0.1604671557268248,0.2574213507890519,0.24893376533059808,0.5331777281535252
2008-08,-0.0287835547485771,-0.028645818304814153,1.6486474805719065,-0.13960435826457196,0.039899893342253384,0.00011969968002676016,1.8036763736185735e-05,-0.0006547479564397827,Overheating,0.38817443310304944,-0.7455037793130037,0.0,0.1542643907225128,0.31856785509472746,0.24321641661759386,0.48395133756516573
2008-09,0.10940488738735897,0.11104165681308306,1.829017572525329,-0.045472869971932894,0.5383465361171379,0.0016150396083514137,2.1729817372685033e-05,-0.0006547479564397827,Stagflation,0.47062287335701525,-0.1958475109532317,0.0,0.09212633162115806,0.41869829691500926,0.6891753714638326,2.220288802684828e-17
2008-10,-0.09897672733056294,-0.09880239681535677,1.6479873989666813,-0.1399488414503457,0.05394411486945784,0.0001618323446083735,1.2498170597805337e-05,-0.0006547479564397827,Stagflation,0.34558571256462967,-1.0,0.0,0.10409500172843643,0.40260959407134617,0.6740473493775971,0.019248054822620174
2008-11,0.14364099807586447,0.1439122174352489,1.8847059537707032,-0.016410234639969934,0.08485926066444108,0.00025457778199332326,1.664157739109662e-05,-0.0006547479564397827,Stagflation,0.14180039859188143,-1.0,0.0,0.028077982451980756,0.5262795052235058,0.6456425123245135,1.058055308895902e-17
2008-12,0.03638035974886811,0.036692155047251415,1.9532722343897149,0.0,0.09146847738991846,0.0002744054321697554,3.738986621355256e-05,-0.0006547479564397827,Stagflation,0.14266473790853063,-1.0,0.0,0.027344725443520897,0.5568913081532455,0.611369738057121,0.004394228346112413
2009-01,0.06264064032155689,0.06265353161777551,2.075626457874205,0.0,0.003573465138066517,1.0720395414199551e-05,2.1709008044204504e-06,-0.0006547479564397827,Stagflation,0.3683677062345592,-0.8775486251029385,0.0,0.027390411641165995,0.5632485567341549,0.6034592177226257,0.00590181390205352
2009-02,0.10288842467546773,0.10296925793580669,2.2891843943396033,0.0,0.02389348564541338,7.168045693624015e-05,9.152803402716458e-06,-0.0006547479564397827,Stagflation,0.18226555267616407,-1.0,0.0,0.026732044838640445,0.561995035594614,0.606470577025406,0.0048023425413394934
2009-03,-0.078860833171681,-0.07868265616358451,2.1086574057183722,-0.07886083317168102,0.05219897805316472,0.00015659693415949417,2.1580073936981913e-05,-0.0006547479564397827,Stagflation,0.34755249739558935,-1.0,0.0,0.02498715675215454,0.5681720228620804,0.6030394848567827,0.003801335528982283
2009-04,-0.06407705624495275,-0.06387270847750275,1.97354084653082,-0.13788471937396807,0.0622918940638708,0.0001868756821916124,1.7472085258394276e-05,-0.0006547479564397827,Stagflation,0.435103971406539,-0.43264019062307335,0.0,0.04611360306002935,0.5541218537008491,0.5997645432391217,0.0
2009-05,0.05753669101736845,0.05771526397143029,2.0870918564278194,-0.08828145885123628,0.052629938754640775,0.00015788981626392232,2.0683137797929573e-05,-0.0006547479564397827,Stagflation,0.5986402517850988,0.6576016785673255,0.0,0.06012761649402492,0.5395586264447093,0.6003137570612659,8.416119363918728e-18
2009-06,-0.005605668705720602,-0.003840997543675211,2.0753923109222776,-0.09339225094577919,0.504927058718345,0.001514781176155035,0.0002498899858903557,-0.0006547479564397827,Slowdown,0.6687846786257181,1.0,0.0,0.35036368737410256,0.7258522137933503,0.12378409883254722,0.0
2009-07,0.045809686552564545,0.04583998375507983,2.1704653821592297,-0.05186083413547926,0.008758374581293152,2.6275123743879457e-05,4.022078771407637e-06,-0.0006547479564397827,Slowdown,0.6119832983237529,0.7465553221583525,0.0,0.35115476057139433,0.7207181345032339,0.12812710492537177,1.5490538837171665e-17
2009-08,0.008093945741694794,0.008174652862895478,2.1880330111966533,-0.04418664717139609,0.025256201255881183,7.576860376764356e-05,4.938517433040232e-06,-0.0006547479564397827,Slowdown,0.5570750123470838,0.38050008231389193,0.0,0.36152896327963663,0.708406531384193,0.13006450533617034,0.0
2009-09,0.025874727891993417,0.025890206208379004,2.244647769980066,-0.01945523675142191,0.00474409767688407,1.423229303065221e-05,1.2460233549366344e-06,-0.0006547479564397827,Slowdown,0.7328925556563577,1.0,0.0,0.36720699017910524,0.6986955107392574,0.13409749908163737,3.55759428264258e-17
2009-10,-0.01874685535542864,-0.018722618487675483,2.202567682912364,-0.03783736759756606,0.006715683463866068,2.0147050391598204e-05,4.089817361558265e-06,-0.0006547479564397827,Slowdown,0.7343445806806721,1.0,0.0,0.38286461387233367,0.6803856583040219,0.13674972782364436,8.99188510386568e-18
2009-11,0.024280912301700836,0.024383490412660632,2.25604803565972,-0.014475181100228829,0.033736376194937655,0.00010120912858481296,1.3689823749813562e-06,-0.0006547479564397827,Slowdown,0.7828189439031069,1.0,0.0,0.3917864942434555,0.6618397348151183,0.14637377094142617,9.965356332501652e-19
2009-12,0.0408022297460504,0.041414547659250865,2.3480998259288337,0.0,0.20344409121195106,0.0006103322736358532,1.9856395646104114e-06,-0.0006547479564397827,Goldilocks,0.730943237696537,1.0,0.0,0.5911371795709675,0.4571630827131495,0.15169973771588288,9.75781955236954e-21
2010-01,-0.02926850653106895,-0.029215924741779385,2.279374450838034,-0.02926850653106894,0.01551079549288233,4.653238647864699e-05,6.04940281091744e-06,-0.0006547479564397827,Goldilocks,0.6134074781979801,0.756049854653201,0.0,0.6080947751929932,0.44427807102986705,0.14762715377713978,8.248277091432184e-18
2010-02,0.006703412551550559,0.006804981175673992,2.294654038141465,-0.022761292853563875,0.032683335222770074,9.805000566831022e-05,3.5186184551220246e-06,-0.0006547479564397827,Goldilocks,0.7338172924734176,1.0,0.0,0.6156757949746124,0.425604004942485,0.15872020008290255,1.4648392972238002e-17
2010-03,0.034260009563101254,0.03429289739805901,2.3732689074322004,0.0,0.010266585683451575,3.0799757050354725e-05,2.0880779073983032e-06,-0.0006547479564397827,Goldilocks,0.5574721443295789,0.3831476288638595,0.0,0.6188133346028284,0.41727957686773115,0.16390708852944044,0.0
2010-04,0.02668968852452915,0.0267224816252928,2.4366107153565153,0.0,0.008941018933013856,2.682305679904157e-05,5.970043964611538e-06,-0.0006547479564397827,Goldilocks,0.6242502447060362,0.8283349647069079,0.0,0.6256792177386467,0.4064989361544066,0.1678218461069467,0.0
2010-05,-0.01646367120735882,-0.01645613219394254,2.3964951576785585,-0.0164636712073587,0.0022899903004488156,6.869970901346447e-06,6.690425149329243e-07,-0.0006547479564397827,Goldilocks,0.6358037677684854,0.9053584517899024,0.0,0.6297106265468099,0.39797103195065153,0.17231834150253866,1.0811968995886462e-17
2010-06,0.01983613649198412,0.019939757655395154,2.4440323627286493,0.0,0.031346967768541456,9.404090330562437e-05,9.58026010540794e-06,-0.0006547479564397827,Goldilocks,0.40753205873129184,-0.6164529417913878,0.0,0.6309202798792273,0.390342108125788,0.1787376119949847,1.139618032510196e-17
2010-07,0.018491670146784565,0.018505337675984248,2.489226603008294,0.0,0.004082127091637458,1.2246381274912373e-05,1.4211479247717567e-06,-0.0006547479564397827,Goldilocks,0.6281198380143612,0.8541322534290748,0.0,0.6384587869132992,0.3812826800040732,0.18025853308262754,0.0
2010-08,0.009897051547976193,0.009942362620602194,2.5138626070128605,0.0,0.012732379989088171,3.819713996726451e-05,7.113932658737679e-06,-0.0006547479564397827,Goldilocks,0.6140652920312367,0.7604352802082448,0.0,0.6477914734132852,0.3750821678433765,0.17712635874333807,2.13856337423924e-17
2010-09,0.04596607153362938,0.045993606790495016,2.62941499543253,0.0,0.008485046062518129,2.545513818755439e-05,2.0801186780855656e-06,-0.0006547479564397827,Goldilocks,0.6236855144251974,0.8245700961679825,0.0,0.6436179932986342,0.37173972084609214,0.18464228585527362,1.3376271446233847e-17
2010-10,0.006490005275248159,0.006516655443445833,2.6464799126237035,0.0,0.007517265137809981,2.2551795413429944e-05,4.098372784244048e-06,-0.0006547479564397827,Goldilocks,0.5818848092693303,0.5458987284622019,0.0,0.6522768802579106,0.3642943181210405,0.18342880162104888,1.3059621743402581e-17
2010-11,0.030680857595691946,0.030690781362152867,2.7276761859527707,0.0,0.0027893344242361545,8.368003272708464e-06,1.5557631882109346e-06,-0.0006547479564397827,Goldilocks,0.6306886925254926,0.871257950169951,0.0,0.6529573831868322,0.35798043824280545,0.1890621785703625,5.5451477760123764e-18
2010-12,0.0590851278997019,0.059106056757571336,2.8888412822687615,0.0,0.006468202102291989,1.9404606306875968e-05,1.5242515625678022e-06,-0.0006547479564397827,Goldilocks,0.616204346347051,0.7746956423136735,0.0,0.649925844507164,0.35837812886577775,0.19169602662705837,1.1550059543315117e-18
2011-01,-0.008186892344608869,-0.00813459978013677,2.8651906496901653,-0.008186892344608898,0.015625014471100943,4.687504341330283e-05,5.417521058795852e-06,-0.0006547479564397827,Goldilocks,0.5999615814567518,0.6664105430450122,0.0,0.6623536183898111,0.34802993330353243,0.1896164483066565,0.0
2011-02,-0.031583828917083744,-0.03154257954089602,2.774696958395523,-0.039512147854517954,0.011949848952770181,3.584954685831054e-05,5.399829329412187e-06,-0.0006547479564397827,Goldilocks,0.6640509043923192,1.0,0.0,0.6675259760792939,0.3423476579356905,0.19012636598501564,0.0
2011-03,0.04158471677581919,0.04327172134364338,2.890081945549128,0.0,0.4835950284016194,0.0014507850852048582,0.0002362194826193258,-0.0006547479564397827,Overheating,0.6482498400272044,0.9883322668480296,0.0,0.1737300380127221,0.3449195476982278,0.20135041428904996,0.48
2011-04,0.03314004404007836,0.033188704099933665,2.9858593885040614,0.0,0.014926840716072518,4.4780522148217555e-05,3.879537707089598e-06,-0.0006547479564397827,Overheating,0.46339956509025326,-0.2440028993983116,0.0,0.18524671981981153,0.33008638222336034,0.20466689795682805,0.48
2011-05,-0.049564385255956855,-0.04951718184513109,2.8378671034521306,-0.049564385255956744,0.015574246534748398,4.6722739604245196e-05,4.806712215230102e-07,-0.0006547479564397827,Overheating,0.615026867331355,0.7668457822090335,0.0,0.1776389693190511,0.33474031597121684,0.20762071470973212,0.48
2011-06,-0.056572203612873274,-0.0564697330906539,2.6773227078493615,-0.10333262237418328,0.030070737255838892,9.021221176751667e-05,1.2258310451854215e-05,-0.0006547479564397827,Overheating,0.4602501864014927,-0.2649987573233822,0.0,0.17528782792434833,0.32691502189121074,0.21779715018444087,0.48
2011-07,0.03006339446858088,0.030139918790481505,2.757812116535126,-0.07637575729351032,0.02478047135150163,7.43414140545049e-05,2.182907846121962e-06,-0.0006547479564397827,Overheating,0.46627918323626105,-0.224805445091593,0.0,0.17080076851927162,0.3411514968126156,0.20804773466811283,0.48
2011-08,0.07586801209704479,0.0773358702360569,2.9670418395537896,-0.0063022220747305235,0.4878986068947403,0.001463695820684221,4.162318327899928e-06,-0.0006547479564397827,Stagflation,0.5943953355524711,0.6293022370164744,0.0,0.15989608078183493,0.35318341931415853,0.6869204999040066,4.787861712593075e-18
2011-09,-0.006963589340557316,-0.006840853846761102,2.9463805786268855,-0.013221925328826378,0.0360493643349802,0.00010814809300494059,1.4587400791273131e-05,-0.0006547479564397827,Stagflation,0.18878550183476994,-1.0,0.0,0.15093207751999327,0.35262340203373793,0.6964445204462688,0.0
2011-10,-0.010054179881310998,-0.009947221004763807,2.9167571382905697,-0.02314316959450402,0.030537643282403507,9.161292984721052e-05,1.5345946699980185e-05,-0.0006547479564397827,Stagflation,0.18396679134672128,-1.0,0.0,0.1373089648424171,0.3840025685575155,0.6786884666000673,0.0
2011-11,0.04295185254707496,0.04304712536266502,3.0420372608100545,0.0,0.02741157293896561,8.223471881689683e-05,1.3038096773162755e-05,-0.0006547479564397827,Stagflation,0.30252934658895486,-1.0,0.0,0.1402877603268002,0.37717198924638967,0.68254025042681,0.0
2011-12,-0.05900383628261802,-0.05896794515449924,2.8625453923075943,-0.05900383628261807,0.010799349693986313,3.239804908195894e-05,3.493079036826052e-06,-0.0006547479564397827,Stagflation,0.2532245487550026,-1.0,0.0,0.1381041706679085,0.3771571980852468,0.6847386312468448,0.0
2012-01,0.05581491320559624,0.05586872293359865,3.022318114926322,-0.006482217077933283,0.016453065442454007,4.935919632736202e-05,4.450531675049496e-06,-0.0006547479564397827,Stagflation,0.3931548180310323,-0.7123012131264513,0.0,0.12655928345763878,0.4121314151136444,0.6613093014287169,0.0
2012-02,-0.011231402788102376,-0.011153228207056451,2.988373242823806,-0.017640815475073568,0.023961001659569048,7.188300497870715e-05,6.291576067218252e-06,-0.0006547479564397827,Stagflation,0.5065370606360536,0.043580404240357584,0.0,0.12221119055772678,0.4210317242527483,0.656757085189525,2.3392275970261515e-18
2012-03,-0.005676125306062725,-0.004072946762979052,2.971410861836253,-0.023216809301998653,0.45784258816486684,0.0013735277644946005,0.0002296507785890723,-0.0006547479564397827,Slowdown,0.6088855687316145,0.7259037915440966,0.0,0.41534769352396556,0.5966164901968314,0.18803581627920293,4.941028003158503e-19
2012-04,0.002346845707723624,0.0023692563846390356,2.978384304663237,-0.02092444986353248,0.006508432426977421,1.9525297280932263e-05,2.885379634479282e-06,-0.0006547479564397827,Slowdown,0.6549025549454993,1.0,0.0,0.41562667037055634,0.5926932956340913,0.19168003399535233,1.7070085579426462e-18
2012-05,-0.029965391047252977,-0.02992919403895466,2.8891358542850027,-0.050262831588175905,0.01057737050654732,3.1732111519641964e-05,4.464896778676328e-06,-0.0006547479564397827,Slowdown,0.6152629022311403,0.7684193482076023,0.0,0.4148260301183384,0.5849653784490384,0.20020859143262323,1.3289692832535794e-18
2012-06,-0.0066904623550285165,-0.006637891403655157,2.8698061996133455,-0.05661701236060668,0.016816157285389752,5.044847185616926e-05,2.122479517190065e-06,-0.0006547479564397827,Slowdown,0.4685876193939536,-0.20941587070697598,0.0,0.4054625654462071,0.5921388232969879,0.202398611256805,0.0
2012-07,0.01661837912452915,0.016631870339074702,2.917497727052444,-0.04093951621238434,0.003997173629557624,1.1991520888672872e-05,1.4996936568819897e-06,-0.0006547479564397827,Slowdown,0.4679192545553878,-0.21387163629741468,0.0,0.408122960712422,0.5971559723692755,0.19472106691830254,3.328514222057655e-17
2012-08,0.018644274467974075,0.018650450267703362,2.9718923554353003,-0.02305852932126007,0.0019497080765309323,5.849124229592797e-06,3.2667549969232766e-07,-0.0006547479564397827,Slowdown,0.37195512694130217,-0.8536324870579856,0.0,0.4060086195213364,0.59863680735524,0.19535457312342358,0.0
2012-09,0.024052118122343376,0.024079455098330656,3.0433726614151198,0.0,0.008996231648367943,2.698869494510383e-05,3.482810421772953e-07,-0.0006547479564397827,Slowdown,0.5621300088101963,0.4142000587346417,0.0,0.3956311381244134,0.6020539919329112,0.20231486994267542,1.3638228567289547e-17
2012-10,-0.026446553044908068,-0.026419063492020802,2.9628859448895817,-0.02644655304490806,0.00888443867457437,2.665331602372311e-05,8.362368635421169e-07,-0.0006547479564397827,Slowdown,0.5466768258239737,0.31117883882649133,0.0,0.39747677898771167,0.5984640901081136,0.20405913090417468,0.0
2012-11,0.001108818006926655,0.0011328312618712698,2.9661712461777454,-0.025367059452218732,0.007750587537452322,2.3251762612356966e-05,7.614923322580153e-07,-0.0006547479564397827,Slowdown,0.5228227328109833,0.15215155207322234,0.0,0.3928454631854811,0.6080609821380475,0.19909355467647152,5.059476566600442e-20
2012-12,0.01637605170339403,0.016394795115444165,3.014745419866273,-0.009406420025977247,0.00593572048841548,1.780716146524644e-05,9.362505848907743e-07,-0.0006547479564397827,Slowdown,0.47890579476864314,-0.14062803487571238,0.0,0.39520362492413835,0.6112223018150675,0.193574073260794,0.0
2013-01,-0.0052276605388640075,-0.005195651044815252,2.998985354200117,-0.014584906994059454,0.010242127520444141,3.072638256133242e-05,1.2831114874229804e-06,-0.0006547479564397827,Slowdown,0.568082798458691,0.4538853230579402,0.0,0.3988968022391743,0.6098818434980932,0.19122135426273254,9.195525200664244e-18
2013-02,0.006654221159173636,0.006674355397044608,3.018941266000087,-0.008027737031610305,0.0064535701262350585,1.9360710378705175e-05,7.735274922664598e-07,-0.0006547479564397827,Slowdown,0.5944543929010333,0.6296959526735554,0.0,0.3952881853650813,0.6105507913076997,0.19416102332721896,4.306857604927105e-18
2013-03,-0.000548258979283598,-0.0005221808335719894,3.0172861043430728,-0.00857159473198299,0.008213766063630739,2.4641298190892216e-05,1.436847520716447e-06,-0.0006547479564397827,Slowdown,0.5643998992398318,0.42933266159887873,0.0,0.39956359227105576,0.6166384291268835,0.18379797860206068,3.3160340872140117e-19
2013-04,-0.02675391248884113,-0.0267408334754167,2.9365618959536817,-0.035096183525474944,0.004264311477933425,1.2792934433800276e-05,2.8607899062928213e-07,-0.0006547479564397827,Slowdown,0.5004550798723044,0.0030338658153628018,0.0,0.3972972114213937,0.6165229318105833,0.18617985676802296,6.556405961067373e-18
2013-05,-0.0032145405092861503,-0.003199816963534979,2.9271221987811122,-0.038197905931097176,0.004817588935782189,1.4452766807346567e-05,2.7077894382435133e-07,-0.0006547479564397827,Slowdown,0.44253506114934765,-0.3830995923376823,0.0,0.3961240206001979,0.628715891114364,0.17516008828543805,0.0
2013-06,-0.05467396329885746,-0.05462340148611772,2.767084827113683,-0.09078343832298452,0.016833539267123013,5.050061780136904e-05,6.119493837176971e-08,-0.0006547479564397827,Slowdown,0.4716247000935365,-0.18916866604308988,0.0,0.3884838135074215,0.6419051325399712,0.16961105395260725,0.0
2013-07,0.025315227682818377,0.02534495660175718,2.837134209529738,-0.0677664140511417,0.008435340062077872,2.5306020186233617e-05,4.422898752568724e-06,-0.0006547479564397827,Slowdown,0.30804437237146803,-1.0,0.0,0.3723262534531647,0.6747746652354834,0.152899081311352,2.3668109856964993e-18
2013-08,0.011548937995972288,0.011572605814848645,2.8699000966018486,-0.05700010616925533,0.007069743252540257,2.1209229757620772e-05,2.4585891187368646e-06,-0.0006547479564397827,Slowdown,0.3910614003967097,-0.7262573306886019,0.0,0.37748341678660996,0.6684071647513893,0.15410941846200082,5.04173448837813e-18
2013-09,0.001970010979701924,0.001973528021970455,2.8755538313028017,-0.05514238602455113,0.001052964184524235,3.158892553572705e-06,3.581497149580809e-07,-0.0006547479564397827,Slowdown,0.33907434397113334,-1.0,0.0,0.3786909440539005,0.6627465299841455,0.1585625259619539,0.0
2013-10,0.0105869207769144,0.010616297015270717,2.9059970919045575,-0.04513925331992852,0.00842933146338204,2.528799439014612e-05,4.08824396617169e-06,-0.0006547479564397827,Slowdown,0.5754941832953704,0.5032945553024692,0.0,0.384165911209069,0.6645746098264614,0.15125947896446956,0.0
2013-11,-0.00583813612803443,-0.0051733911847074284,2.8890314852943466,-0.05071386034236336,0.22085672508503318,0.0006625701752550995,2.1747680719019086e-06,-0.0006547479564397827,Goldilocks,0.6160747505346722,0.7738316702311481,0.0,0.6069986745388588,0.43886524510392627,0.15413608035721496,0.0
2013-12,-0.006778891732017835,-0.006750489441202676,2.8694470536451457,-0.057148968305807624,0.008393368553140006,2.5180105659420018e-05,3.2221851557387854e-06,-0.0006547479564397827,Goldilocks,0.45925488794534663,-0.27163408036435577,0.0,0.6077684371265144,0.44057557510512063,0.1516559877683649,3.2960734083534734e-18
2014-01,-0.02188300823198405,-0.021867367151817654,2.8066549201489868,-0.0777813851939062,0.004613056584351032,1.3839169753053097e-05,1.8019104133425029e-06,-0.0006547479564397827,Goldilocks,0.5350601490753744,0.2337343271691624,0.0,0.6035483763024257,0.4427946677823169,0.15365695591525727,0.0
2014-02,0.019344532564718592,0.019909939064558905,2.8609483476497366,-0.05994149716800001,0.18737478435260074,0.0005621243530578023,3.2821467825116663e-06,-0.0006547479564397827,Slowdown,0.5116429701736374,0.07761980115758238,0.0,0.402831745908385,0.6387591774402289,0.1584090766513861,3.4633539692038996e-18
2014-03,-0.00583798942266791,-0.005211663087855368,2.844246161457358,-0.06542954876422225,0.20866117288169966,0.000625983518645099,3.428161674426389e-07,-0.0006547479564397827,Goldilocks,0.4789517860394702,-0.14032142640353204,0.0,0.6113281893798759,0.4237556433247358,0.16491616729538824,0.0
2014-04,-0.008835383231516407,-0.008763789711144884,2.8191161566161127,-0.07368683685774169,0.02349450870153301,7.048352610459904e-05,1.1099942669254154e-06,-0.0006547479564397827,Goldilocks,0.4740734029054865,-0.17284398063009004,0.0,0.6382904058432047,0.40244015951753176,0.15926943463926357,0.0
2014-05,0.009269029559756881,0.009323264593438723,2.8452466276041757,-0.0651008127669842,0.017706077538888115,5.311823261666435e-05,1.1168010651760041e-06,-0.0006547479564397827,Goldilocks,0.6421412419371505,0.9476082795810034,0.0,0.6539393259097832,0.38838288755805833,0.1576777865321585,0.0
2014-06,0.008952173346605058,0.009035574014692073,2.870717768628332,-0.05673143318127394,0.027040945150115625,8.112283545034688e-05,2.277832636668947e-06,-0.0006547479564397827,Goldilocks,0.5862797971274933,0.5751986475166223,0.0,0.6340291126072691,0.41110087008297597,0.15487001730975491,0.0
2014-07,0.02222977873151397,0.022260581574110337,2.9345331894255655,-0.035762781656501264,0.010091496834925273,3.027449050477582e-05,5.283520915928263e-07,-0.0006547479564397827,Goldilocks,0.4934858382916378,-0.043427744722414806,0.0,0.6364771145484507,0.4022585194423089,0.16126436600924043,2.2908237122945886e-20
2014-08,-0.012735397678355086,-0.012685871543591461,2.897160742257899,-0.048042726088376675,0.016461808095604435,4.938542428681331e-05,1.4071047681160632e-07,-0.0006547479564397827,Goldilocks,0.49831006168209135,-0.011266255452724305,0.0,0.629664779487979,0.41386854648803933,0.1564666740239817,1.1187826305639605e-19
2014-09,-0.008610367542458803,-0.00797511218195481,2.872215123437476,-0.056239428101472866,0.2114631649174249,0.0006343894947522747,8.658657517180563e-07,-0.0006547479564397827,Slowdown,0.548932790912137,0.32621860608091324,0.0,0.41681690022665724,0.6293400475294418,0.1538430522439009,0.0
2014-10,-0.017818446225310695,-0.017167184338972255,2.821036712712981,-0.07305577510141537,0.21695919695983049,0.0006508775908794915,3.8429545894855255e-07,-0.0006547479564397827,Goldilocks,0.6092333021538795,0.7282220143591966,0.0,0.6211625607341197,0.42517206082949344,0.15360832739593447,5.705104045235147e-05
2014-11,0.014120920280184614,0.014161211807036583,2.860872347240675,-0.059966469597444894,0.013005639536723365,3.9016918610170096e-05,1.274608241800118e-06,-0.0006547479564397827,Goldilocks,0.3269954854363288,-1.0,0.0,0.6057316735647588,0.44651703493754413,0.14775129149769708,2.8015351870517885e-18
2014-12,-0.011276851782683417,-0.010655968086401318,2.8286107138116643,-0.07056708839054715,0.206654305525935,0.000619962916577805,9.207797042943555e-07,-0.0006547479564397827,Slowdown,0.46163776327712885,-0.255748244819141,0.0,0.39731485914941594,0.6480933082382754,0.15459183261230863,0.0
2015-01,0.032261604558082226,0.03227017579871494,2.919866234109411,-0.040582091332936,0.0026500650542176374,7.950195162652913e-06,6.210454700657509e-07,-0.0006547479564397827,Slowdown,0.45807717842594814,-0.2794854771603458,0.0,0.3899122651464072,0.653663802638551,0.15642393221504194,0.0
2015-02,-0.0042511425640004066,-0.004152135167610026,2.907453466480401,-0.044660713641134775,0.028714653416505795,8.614396024951738e-05,1.286343614086348e-05,-0.0006547479564397827,Slowdown,0.40939918139001474,-0.6040054573999017,0.0,0.4187647278021676,0.6420225249526529,0.13921274724517949,0.0
2015-03,0.012757363009148428,0.012769656418262044,2.944544905784498,-0.03247310356815403,0.0037391434289904698,1.1217430286971409e-05,1.0759788266451604e-06,-0.0006547479564397827,Slowdown,0.5318841117586822,0.21256074505788147,0.0,0.4220951568630425,0.6463892436568013,0.13151559948015612,2.8834356777251985e-18
2015-04,0.007488086635857288,0.007518580167434481,2.9665939131421846,-0.02522817834515023,0.009647245703722565,2.8941737111167696e-05,1.551794466024839e-06,-0.0006547479564397827,Slowdown,0.5279223263879828,0.1861488425865517,0.0,0.43423328304609704,0.6402353945534285,0.1255313224004743,1.3468701934998828e-18
2015-05,-0.0027452913999943874,-0.002716685108145027,2.95844974838516,-0.027904211044096017,0.009265558868792094,2.7796676606376283e-05,8.096152429838619e-07,-0.0006547479564397827,Slowdown,0.6367660988488439,0.9117739923256263,0.0,0.4410235636055915,0.6386285629674228,0.1203478734269859,1.339671024110239e-18
2015-06,-0.018437768989951087,-0.018419265561923793,2.9039025353560555,-0.04582748863696928,0.005993258003185707,1.7979774009557123e-05,5.236540177375738e-07,-0.0006547479564397827,Slowdown,0.5040262193747571,0.026841462498380746,0.0,0.4356073302074858,0.6377975247358528,0.12659514505666142,1.0643512863511872e-17
2015-07,-0.014995509028760099,-0.01497750120993438,2.8603570386684845,-0.06013579114610823,0.00569506808114109,1.708520424342327e-05,9.226145822968864e-07,-0.0006547479564397827,Slowdown,0.5523600364553246,0.3490669097021641,0.0,0.4329122787060305,0.6425194605899273,0.12456826070404235,0.0
2015-08,-0.009984017067499722,-0.009948925235763264,2.8317991851752753,-0.06951941144843765,0.011270635527541158,3.381190658262347e-05,1.2799251538357717e-06,-0.0006547479564397827,Slowdown,0.4334195887582692,-0.4438694082782054,0.0,0.41528905609798344,0.6643319476595896,0.1203789962424269,0.0
2015-09,0.011071562358017189,0.011098221268671403,2.8631516264393255,-0.059217537589364544,0.008629805867525778,2.5889417602577334e-05,7.69493051637607e-07,-0.0006547479564397827,Slowdown,0.2561961440138718,-1.0,0.0,0.4056498723643604,0.6666564908983942,0.12769363673724546,0.0
2015-10,0.019968421194078843,0.02004938125534845,2.920324244058578,-0.040431597127946195,0.026404376773757038,7.921313032127111e-05,1.7469309483319761e-06,-0.0006547479564397827,Slowdown,0.3862532117690133,-0.7583119215399114,0.0,0.3878238613416505,0.6921291410789244,0.12004699757942519,0.0
2015-11,-0.016475496536314242,-0.01644152798486371,2.872210452090677,-0.05624096302582127,0.010962351909495426,3.288705572848628e-05,1.0814957220465147e-06,-0.0006547479564397827,Slowdown,0.4928731315999064,-0.04751245600062386,0.0,0.3929308668592198,0.6899031877444245,0.11716594539635569,0.0
2015-12,0.0026928303848016396,0.0027726899317200757,2.879944827667612,-0.05369958001512587,0.025680114094645295,7.704034228393589e-05,2.819204634500319e-06,-0.0006547479564397827,Slowdown,0.44011572509495556,-0.399228499366963,0.0,0.41622222814874377,0.6753647011004702,0.10841307075078602,1.0475624274280945e-17
2016-01,0.0025222862913477535,0.0025336717669139897,2.8872088730262755,-0.0513127394383015,0.00373562678500877,1.120688035502631e-05,1.7859521120988652e-07,-0.0006547479564397827,Slowdown,0.4621760599544688,-0.2521596003035413,0.0,0.41377156774901963,0.6761017894504068,0.11012664280057359,0.0
2016-02,0.030776380428398954,0.03082701472255613,2.976066711678781,-0.02211557939967901,0.014477486868688681,4.3432460606066045e-05,7.201833551109142e-06,-0.0006547479564397827,Slowdown,0.34286794280865085,-1.0,0.0,0.39963801522286024,0.6682907996213863,0.13207118515575342,0.0
2016-03,7.505926167441967e-05,0.00014420623343253905,2.9762900930488536,-0.022042180117065824,0.020138124655210577,6.041437396563173e-05,8.732597792487654e-06,-0.0006547479564397827,Slowdown,0.41396593641019036,-0.5735604239320643,0.0,0.4183754758674758,0.6540953649806456,0.12752915915187857,5.957148836721604e-18
2016-04,0.038788189606454866,0.040475019145288484,3.0917349975018458,0.0,0.4819959979855437,0.0014459879939566311,0.0002408415448769923,-0.0006547479564397827,Stagflation,0.5628463404568578,0.4189756030457185,0.0,0.1592725174764821,0.4440099081029829,0.596717574420535,0.0
2016-05,-0.007051011663886412,-0.005343171097497927,3.069935137972814,-0.007051011663886553,0.488465220828945,0.0014653956624868351,0.00024244490390165063,-0.0006547479564397827,Slowdown,0.59737576556257,0.6491717704171334,0.0,0.44396043199603236,0.628202488450899,0.12783707955306864,0.0
2016-06,0.021100720962583936,0.021130372441300064,3.13471298269241,0.0,0.009489244256098277,2.846773276829483e-05,1.1837459478337836e-06,-0.0006547479564397827,Slowdown,0.5199989992048174,0.13332666136544935,0.0,0.44939947964021726,0.6231051998259521,0.12749532053383067,3.092009070657098e-18
2016-07,0.012653242208794413,0.012767251425642355,3.1743772653174696,0.0,0.03796515608747279,0.00011389546826241838,1.1374858552497258e-07,-0.0006547479564397827,Slowdown,0.5029846288826191,0.019897525884127187,0.0,0.4833565339611481,0.5836506329115762,0.13299283312727583,2.3272399632401353e-18
2016-08,-0.0019184229100357847,-0.0019010577321676562,3.168287467246588,-0.0019184229100357442,0.005467748776702226,1.6403246330106678e-05,9.619315380218207e-07,-0.0006547479564397827,Slowdown,0.550929225335817,0.33952816890544674,0.0,0.48817259012563047,0.5823956279162731,0.12943178195809632,0.0
2016-09,0.009739393990740402,0.010349159326998543,3.1991446671660277,0.0,0.20318003521672554,0.0006095401056501766,2.2523060796397764e-07,-0.0006547479564397827,Goldilocks,0.6168792408350159,0.7791949389001059,0.0,0.6967132780566984,0.37748383858496415,0.12580288335833748,1.580862254171787e-18
2016-10,-0.011146578389241218,-0.011141127177994219,3.1634851503549384,-0.011146578389241268,0.0016029613002285373,4.808883900685612e-06,6.423273463134066e-07,-0.0006547479564397827,Goldilocks,0.5733208047584751,0.4888053650565009,0.0,0.6984263425195606,0.376505836184089,0.12506782129635047,0.0
2016-11,0.026450023192255742,0.02824426729637689,3.247159405950183,0.0,0.5128494193807032,0.0015385482581421095,0.0002556958459790388,-0.0006547479564397827,Overheating,0.6280702257851071,0.8538015052340472,0.0,0.2174201577652414,0.34262392710746437,0.15995591512729423,0.48
2016-12,0.04903934514502767,0.04913103905111698,3.4063979767994974,0.0,0.027900914067105334,8.370274220131601e-05,7.991163887991758e-06,-0.0006547479564397827,Overheating,0.5126729477194275,0.08448631812951672,0.0,0.22361240490055126,0.3360469788346721,0.1545276602303388,0.48581295603443786
2017-01,-0.03594063363590045,-0.035892420956229215,3.283969875097274,-0.0359406336359005,0.015850842579157254,4.755252773747176e-05,6.601519337662287e-07,-0.0006547479564397827,Overheating,0.5601445498875063,0.40096366591670857,0.0,0.22759068724906528,0.3223376571408704,0.16117502307347026,0.488896632536594
2017-02,0.0035751470000124066,0.0036830910047520485,3.2957105501443595,-0.032493979684409924,0.03227811447563701,9.683434342691104e-05,1.1109661312730834e-05,-0.0006547479564397827,Overheating,0.5811509865921392,0.5410065772809277,0.0,0.23364221957146608,0.31525758111418833,0.16106211388013097,0.49003808543421457
2017-03,-0.0403382698395322,-0.040304658286434945,3.1627672886596434,-0.07152149860327206,0.010572896526517925,3.1718689579553775e-05,1.8928635177001274e-06,-0.0006547479564397827,Overheating,0.6595663508798791,1.0,0.0,0.24109199741468856,0.30504238917309334,0.1625890653229817,0.4912765480892365
2017-04,-6.661852585762362e-05,4.162694272499248e-05,3.162556589765242,-0.07158335247232572,0.03266006358064659,9.798019074193977e-05,1.0265277840676324e-05,-0.0006547479564397827,Overheating,0.6367507213155865,0.9116714754372435,0.0,0.24905929749187827,0.2998772737602257,0.15960532311431594,0.49145810563358006
2017-05,-0.0035866811370412763,-0.0035484772602334303,3.151213507699905,-0.07491328694932842,0.011062713426864282,3.318814028059285e-05,5.0157365272534e-06,-0.0006547479564397827,Overheating,0.5434354194150198,0.28956946276679885,0.0,0.2513116367678758,0.293846393269486,0.16390310365661256,0.4909388663060256
2017-06,-0.00613688579980489,-0.006088870473655404,3.1318748702723482,-0.08059043846223723,0.014297117992929764,4.2891353978789294e-05,5.123972170696878e-06,-0.0006547479564397827,Overheating,0.5318688274908313,0.2124588499388754,0.0,0.26222659527501546,0.28859875493803033,0.1586610753503356,0.49051357443661847
2017-07,0.021855333188687247,0.021886337369880913,3.200323039067427,-0.06049643615796452,0.00946933076562953,2.840799229688859e-05,2.596188896777152e-06,-0.0006547479564397827,Overheating,0.6118347248186827,0.7455648321245516,0.0,0.26855470444787644,0.2861831975514299,0.1550439657751134,0.4902181322255803
2017-08,-0.02204438584743358,-0.022008415015063208,3.1297738831577933,-0.08120721522433738,0.011044817555198164,3.313445266559449e-05,2.8363797047815663e-06,-0.0006547479564397827,Overheating,0.6996162482250261,1.0,0.0,0.2681646708676013,0.28505463215409355,0.15677926940633832,0.4900014275719668
2017-09,0.04503196484224327,0.0450866949375929,3.2707137506283264,-0.03983217084301294,0.01661571534343874,4.9847146030316216e-05,4.882949319312435e-06,-0.0006547479564397827,Overheating,0.6232068430384757,0.8213789535898383,0.0,0.2629241122319586,0.2838872097002495,0.16417755251409757,0.48901112555369425
2017-10,0.034697668167200144,0.034760866457906645,3.384199891017527,-0.006516586122102708,0.019415680335809524,5.824704100742857e-05,4.951249699070015e-06,-0.0006547479564397827,Overheating,0.5972371767792994,0.6482478451953296,0.0,0.27090823349880433,0.2800791665129421,0.15941258739994976,0.48960001258830377
2017-11,0.0013603432555854612,0.0014100582505308236,3.3888035645148262,-0.005165107660497714,0.015352517688777517,4.6057553066332555e-05,3.657441879029888e-06,-0.0006547479564397827,Overheating,0.5460147460335758,0.306764973557172,0.0,0.28083933903089886,0.27518775660441697,0.15519177524611358,0.4887811291185705
2017-12,0.010879388488195202,0.01092160050973515,3.425671675003364,0.0,0.01235388889436137,3.706166668308411e-05,5.150354856865769e-06,-0.0006547479564397827,Overheating,0.6901321717057551,1.0,0.0,0.27746785250259454,0.28067698449787176,0.15293387181245285,0.4889212911870809
2018-01,0.05175189986176675,0.05176351831811357,3.6029566924874286,0.0,0.003452658894519345,1.0357976683558035e-05,1.2604796632638138e-06,-0.0006547479564397827,Overheating,0.5144437649845113,0.09629176656340852,0.0,0.2791693877909845,0.2796421429374756,0.1529533270746787,0.4882351421968612
2018-02,-0.048062573785720895,-0.047987630897664335,3.429789320607995,-0.048062573785720875,0.022949799340961266,6.88493980228838e-05,6.093490033679261e-06,-0.0006547479564397827,Overheating,0.5332838839447714,0.22189255963180962,0.0,0.2831951032083563,0.2752523642429514,0.15504712365614068,0.48650540889255156
2018-03,0.021010124629788608,0.022740669845478685,3.501849621687887,-0.028062249821198648,0.49367227193993113,0.0014810168158197934,0.0002495283998702864,-0.0006547479564397827,Goldilocks,0.4463434207442317,-0.3577105283717885,0.0,0.7439817069497033,0.3073557316786818,0.14866256137161488,0.0
2018-04,0.030966813395369355,0.032657614214922644,3.61029074546134,0.0,0.48325973255160865,0.0014497791976548259,0.00024102162189846584,-0.0006547479564397827,Overheating,0.4062245914917533,-0.6251693900549782,0.0,0.26747823623313305,0.30552257185683396,0.14699919191003302,0.48
2018-05,-0.009934257644776977,-0.008394929256162661,3.5744251870233734,-0.009934257644776956,0.5122271920829237,0.001536681576248771,2.6468123655449815e-06,-0.0006547479564397827,Stagflation,0.4543857021529057,-0.30409531898062875,0.0,0.24885179819795736,0.3219173837405369,0.6292308180615056,7.903833837419327e-19
2018-06,0.06494213108210911,0.06638942893671645,3.806555976062237,0.0,0.48196281242682587,0.0014458884372804777,1.409417326864837e-06,-0.0006547479564397827,Overheating,0.5457890194932713,0.305260129955142,0.0,0.24314697760692347,0.3257105938564276,0.15084901907078255,0.4802934094658664
2018-07,-0.03470125228948265,-0.034561521167941034,3.6744637167828635,-0.03470125228948262,0.04420723190127049,0.00013262169570381146,7.1094258378000545e-06,-0.0006547479564397827,Overheating,0.45725308560861405,-0.28497942927590636,0.0,0.2241453076792823,0.32941253418678057,0.16481422468666998,0.481627933447267
2018-08,0.02689994934439789,0.02700349713592636,3.773306604632151,-0.008734764873858936,0.030144936396567262,9.043480918970178e-05,1.3112982338764622e-05,-0.0006547479564397827,Overheating,0.457767781544834,-0.28154812303444005,0.0,0.21066080381263785,0.32879502595177185,0.17870834169702132,0.48183582853856893
2018-09,-0.005929041096500123,-0.00444168342655268,3.7509345147035913,-0.014612017190453797,0.4946356809632205,0.0014839070428896617,3.450627057781319e-06,-0.0006547479564397827,Stagflation,0.40651593042787826,-0.6232271304808117,0.0,0.20876664275697185,0.33320980780578946,0.6552976001002809,0.0027259493369578094
2018-10,0.018564233895855407,0.018570795199883035,3.8205677403625855,0.0,0.0019853703731701907,5.956111119510572e-06,6.05192908116281e-07,-0.0006547479564397827,Stagflation,0.40722225183191973,-0.6185183211205352,0.0,0.21032648554592526,0.33208465192513953,0.6536454208181511,0.00394344171078412
2018-11,-0.09563034184075982,-0.0940402634816266,3.4552055413259324,-0.0956303418407598,0.5274647803328492,0.0015823943409985475,7.684018134663074e-06,-0.0006547479564397827,Overheating,0.39651866987711026,-0.6898755341525983,0.0,0.1552099570486681,0.373290504757,0.18358606839979189,0.4879134697945401
2018-12,0.02017206406567374,0.021600805378314335,3.52490416886563,-0.0773873391573201,0.4702875583188632,0.0014108626749565897,1.787863768400405e-05,-0.0006547479564397827,Stagflation,0.33859293157143117,-1.0,0.0,0.13614898501949924,0.40044373099845343,0.6584186061981696,0.004988677783877753
2019-01,0.029897620615273904,0.02992235343690233,3.6302904164115724,-0.049803415848597155,0.007389208893732346,2.216762668119704e-05,2.565194947226901e-06,-0.0006547479564397827,Stagflation,0.3415451793691764,-1.0,0.0,0.13219810374984736,0.38986132055443307,0.6752713211482754,0.0026692545474442026
2019-02,-0.0034481502814189702,-0.0017223448719528387,3.6177726294905903,-0.05307983646764214,0.4934568940043626,0.0014803706820130879,0.00024543472745304365,-0.0006547479564397827,Slowdown,0.37038150243104506,-0.8641233171263663,0.0,0.431129988648793,0.5831932384802238,0.18567677287098322,0.0
2019-03,-0.005173795461621401,-0.005073021899351986,3.5990550138789534,-0.057979007712243735,0.02872095058438633,8.616285175315899e-05,1.4610710516255719e-05,-0.0006547479564397827,Slowdown,0.5398962539395086,0.26597502626339053,0.0,0.43058155716364943,0.6126464902067544,0.15677195262959606,6.162063047321364e-18
2019-04,0.011334037042326838,0.01140317812583839,3.63984683672363,-0.04730210689100478,0.020413847045736375,6.124154113720913e-05,7.89954237434254e-06,-0.0006547479564397827,Slowdown,0.5523963986524651,0.3493093243497677,0.0,0.4420565683155325,0.6158154760860357,0.1421279555984317,0.0
2019-05,-0.01876882087922924,-0.018707388804567442,3.5715312034173348,-0.06518312299878659,0.0204468693961344,6.13406081884032e-05,9.14664733944054e-08,-0.0006547479564397827,Slowdown,0.5478101637989035,0.3187344253260231,0.0,0.4260194811203919,0.6319640538486105,0.14201646503099755,6.886163399799559e-18
2019-06,0.03390640746180681,0.03395437833195694,3.6926289956629597,-0.033486841065009876,0.015349662044660099,4.60489861339803e-05,1.9218840161563667e-06,-0.0006547479564397827,Slowdown,0.451541762427245,-0.3230549171517002,0.0,0.4155961979628276,0.6367254540917721,0.1476783479454003,0.0
2019-07,-0.008591912877408419,-0.008554700053427225,3.660902249043631,-0.041791037921448115,0.01213475815732966,3.640427447198898e-05,8.085495092058497e-07,-0.0006547479564397827,Slowdown,0.49716184176827716,-0.018921054878152287,0.0,0.41889519968161243,0.6321746770964866,0.14893012322190086,4.713026843794488e-18
2019-08,0.011211803211513043,0.011248485527200085,3.7019475646364937,-0.03104778760311533,0.011747861112943195,3.524358333882959e-05,1.4387323482123877e-06,-0.0006547479564397827,Slowdown,0.5341937009079984,0.227958006053323,0.0,0.4109696195938619,0.6366926625255878,0.15233771788055042,4.486319444994331e-18
2019-09,0.009149958032101379,0.009223457282025954,3.735820229489957,-0.02218191552457216,0.021112443403322943,6.333733020996883e-05,1.0161919714606172e-05,-0.0006547479564397827,Slowdown,0.35462878616728094,-0.9691414255514604,0.0,0.4049669161665111,0.6467697908377453,0.14826329299574356,0.0
2019-10,-0.0019888618154814885,-0.0019149946330567235,3.728390199286021,-0.024126660575272574,0.02298723688141191,6.896171064423574e-05,4.905471780529164e-06,-0.0006547479564397827,Slowdown,0.540905503669284,0.27270335779522686,0.0,0.4127488424440014,0.6588405320602515,0.1284106254957471,2.0537160839127765e-18
2019-11,0.0046725144659398345,0.0046827264837546135,3.7458111564268535,-0.01956687827988557,0.003396872385124183,1.019061715537255e-05,2.140065940653413e-08,-0.0006547479564397827,Slowdown,0.507331407958285,0.04887605305523346,0.0,0.41452641350506464,0.6561735865519683,0.129299999942967,1.2466834205596132e-17
2019-12,0.02957366008942434,0.029576495684949078,3.8565885023261948,0.0,0.0009068704623719279,2.7206113871157836e-06,1.149841376197891e-07,-0.0006547479564397827,Slowdown,0.5163194704439178,0.10879646962611864,0.0,0.4152603764266408,0.6588636689528912,0.12587595462046802,2.2138053109438393e-18
2020-01,-0.004591899500992611,-0.004554076814742891,3.838879435506829,-0.004591899500992591,0.012231099725285757,3.6693299175857274e-05,1.129387073862051e-06,-0.0006547479564397827,Slowdown,0.5873739060080422,0.5824927067202812,0.0,0.4215806046660861,0.6510592074892535,0.1273601878446604,2.5247362884770937e-18
2020-02,-0.00851146330534938,-0.008439863001056522,3.8062049540578524,-0.013064279022237502,0.023332985585026902,6.999895675508071e-05,1.6013475377765069e-06,-0.0006547479564397827,Slowdown,0.637630545901118,0.91753697267412,0.0,0.42556034390465536,0.6343392306500858,0.1401004254452588,5.518046956864975e-18
2020-03,-0.08701985328494245,-0.08620559344999586,3.474989557383317,-0.0989472806633912,0.26602381859768465,0.0007980714557930539,1.6188379153537964e-05,-0.0006547479564397827,Goldilocks,0.5658958187131925,0.43930545808795,0.0,0.643377207445413,0.381055507536087,0.17556728501849986,1.0587237192171156e-18
2020-04,0.04604637574546991,0.04661233447080339,3.6350002322541735,-0.05745706858234034,0.18692204114883892,0.0005607661234465168,5.19260188696298e-06,-0.0006547479564397827,Slowdown,0.17539675232777197,-1.0,0.0,0.42871977174468157,0.5892216652889116,0.18205856296640685,0.0
2020-05,0.03651594831052733,0.03666544186428636,3.7677357128439217,-0.02303921961824018,0.04973309330584433,0.00014919927991753298,2.942738414869195e-07,-0.0006547479564397827,Slowdown,0.278893476653152,-1.0,0.0,0.3967486379587142,0.6189507804838644,0.1843005815574216,0.0
2020-06,0.020838291602155543,0.020949795175657974,3.8462488883080184,-0.002681025992775643,0.035960547427935224,0.00010788164228380567,3.6219312186256405e-06,-0.0006547479564397827,Slowdown,0.3488335235924614,-1.0,0.0,0.38019563473614937,0.6410837699814406,0.17872059528241,3.2786273695961652e-18
2020-07,0.043727346307057186,0.04376193947676168,4.0144351454301965,0.0,0.011114211126893597,3.334263338068079e-05,1.250536323810808e-06,-0.0006547479564397827,Slowdown,0.48547630531070624,-0.09682463126195844,0.0,0.38444739826467084,0.6382402422771759,0.17731235945815318,4.14168603483355e-17
2020-08,0.004808146158527229,0.004829715530638193,4.033737136353353,0.0,0.007007011347690313,2.1021034043070938e-05,5.483380678936722e-07,-0.0006547479564397827,Slowdown,0.5317972649572373,0.21198176638158225,0.0,0.3860228360557678,0.6254827347823598,0.18849442916187228,1.5703380978372698e-17
2020-09,-0.003548256256739638,-0.0035303551446444798,4.019424403321245,-0.0035482562567394904,0.005904667084572082,1.7714001253716247e-05,1.871108414418926e-07,-0.0006547479564397827,Slowdown,0.6324874650369751,0.8832497669131671,0.0,0.3895826784137055,0.6214966690569522,0.18892065252934226,0.0
2020-10,-0.019360329789679376,-0.019324586599870925,3.9416070213082604,-0.02283989063511005,0.011587912742495867,3.47637382274876e-05,9.794515809664201e-07,-0.0006547479564397827,Slowdown,0.6214356361643931,0.8095709077626209,0.0,0.4032723152294137,0.6171244425248155,0.1796032422457709,1.1937917855979664e-17
2020-11,0.048397463839508145,0.048410909137169056,4.132370804591578,0.0,0.00438176956111808,1.314530868335424e-05,2.9998897755773024e-07,-0.0006547479564397827,Slowdown,0.7599971271091712,1.0,0.0,0.4025526026936563,0.6205980662514176,0.17684933105492617,3.3598100658482652e-18
2020-12,0.06309541499583086,0.0631615290440347,4.39310445542394,0.0,0.020837582742384966,6.25127482271549e-05,3.6012999766685123e-06,-0.0006547479564397827,Slowdown,0.6644376052561312,1.0,0.0,0.42704149775745803,0.6082337406442502,0.16472476159829183,3.653809251691456e-18
2021-01,0.0199596536226117,0.020571842859230496,4.480789298682153,0.0,0.2007166847293746,0.0006021500541881238,1.0039182430671742e-05,-0.0006547479564397827,Goldilocks,0.5019211681110302,0.012807787406867721,0.0,0.6418633195917417,0.3755385808863453,0.18259809952191305,7.87251002906395e-18
2021-02,0.012782357424571735,0.012811946381248053,4.538064349042105,0.0,0.008350749385028642,2.5052248155085927e-05,4.536708521232086e-06,-0.0006547479564397827,Goldilocks,0.7089824012286416,1.0,0.0,0.6531388112240907,0.36051612986326365,0.1863450589126456,2.8029336664181502e-18
2021-03,-0.006160570336310996,-0.006111478374990106,4.510107284429125,-0.006160570336311122,0.013891738242249737,4.167521472674921e-05,7.416746594140961e-06,-0.0006547479564397827,Goldilocks,0.704801158309072,1.0,0.0,0.6628068396121308,0.35006518327303077,0.18712797711483836,0.0
2021-04,0.023962389182383206,0.02576821503801476,4.618180230432918,0.0,0.5160851434434435,0.0015482554303303305,0.00025757042530122354,-0.0006547479564397827,Overheating,0.6660530368928005,1.0,0.0,0.183887821582064,0.313754232891256,0.22235794552668006,0.48
2021-05,0.043278534538219574,0.04337818159367203,4.818048303039432,0.0,0.03285237232732892,9.855711698198676e-05,1.0899384704685654e-06,-0.0006547479564397827,Overheating,0.7652171470631772,1.0,0.0,0.21132420216108336,0.28107606970017845,0.22759972813873813,0.48
2021-06,0.052384310021701075,0.05243031495494509,5.070438439045381,0.0,0.014415485278095566,4.32464558342867e-05,2.7584774097269004e-06,-0.0006547479564397827,Overheating,0.6496273544113389,0.9975156960755927,0.0,0.21009745903117663,0.2661437604980077,0.24375618339845184,0.4800025970723637
2021-07,0.005577249177483335,0.005695222648011579,5.098717537659026,0.0,0.0363413070236306,0.0001090239210708918,8.94954945735188e-06,-0.0006547479564397827,Overheating,0.6672072593176747,1.0,0.0,0.21840788854878576,0.2674863411983434,0.23410577025287077,0.48
2021-08,-0.027589799560238385,-0.027581855862067323,4.958044942780742,-0.027589799560238437,0.0023486915837113986,7.046074751134196e-06,8.976234199302713e-07,-0.0006547479564397827,Overheating,0.6974322735756574,1.0,0.0,0.21177880203747618,0.2673512951909724,0.24057295748947038,0.48029694528208094
2021-09,0.04807963062521309,0.0481317764450893,5.196425912252845,0.0,0.01622737951110477,4.868213853331431e-05,3.463681342903591e-06,-0.0006547479564397827,Overheating,0.4855714715812645,-0.09619018945823658,0.0,0.20881841189043143,0.26669996664967816,0.2438188301349122,0.48066279132497824
2021-10,0.03845100632474187,0.03859350663385528,5.396233717870932,0.0,0.043719285068504546,0.00013115785520551363,1.1342453907899952e-05,-0.0006547479564397827,Overheating,0.5413261304442114,0.2755075362947427,0.0,0.2042946396414868,0.2679609363361747,0.24652845354716427,0.48121597047517417
2021-11,-0.07380564693719893,-0.07371757461129583,4.997961197299142,-0.07380564693719893,0.02757432840341173,8.27229852102352e-05,5.349340692868632e-06,-0.0006547479564397827,Overheating,0.43514428061654115,-0.43237146255639236,0.0,0.2021841793617893,0.2626705079727499,0.25342805219306735,0.4817172604723933
2021-12,0.06564770328060171,0.0657946030226669,5.326065870987397,-0.013003114867163323,0.0458095627327499,0.0001374286881982497,9.471053866951962e-06,-0.0006547479564397827,Overheating,0.49480236854678805,-0.03465087635474633,0.0,0.1951877561257799,0.2671560046221189,0.2561278919254968,0.4815283473266044
2022-01,0.06214535554246629,0.062214969852758914,5.657056128182504,0.0,0.023089406922237835,6.92682207667135e-05,3.460895259034258e-07,-0.0006547479564397827,Overheating,0.4720715143470758,-0.18618990435282812,0.0,0.2033189681667138,0.2543539489976383,0.2607687730428563,0.4815583097927917
2022-02,0.07819769548999081,0.07832248810924188,6.099424880663905,0.0,0.03944089226450735,0.00011832267679352206,6.469942457544342e-06,-0.0006547479564397827,Overheating,0.4274847741130646,-0.48343483924623587,0.0,0.19115670517831565,0.24549004995320606,0.2696035372435207,0.4937497076249575
2022-03,0.028106896606883,0.028199350360662127,6.270860785146175,0.0,0.029476352079545243,8.842905623863573e-05,4.0246975404897305e-06,-0.0006547479564397827,Overheating,0.36026088627008146,-0.9315940915327903,0.0,0.18590994060733732,0.2390712501039295,0.2791089458239721,0.49590986346476107
2022-04,0.027355444816225562,0.027372758768264255,6.442402971304475,0.0,0.005749026047202427,1.724707814160728e-05,6.687389708820435e-08,-0.0006547479564397827,Overheating,0.3181859879918957,-1.0,0.0,0.18670242656845124,0.22910588650989147,0.27874659939376334,0.505445087527894
2022-05,0.058332125708310194,0.058396150579500615,6.818202031290198,0.0,0.020348069078953354,6.104420723686006e-05,2.9806639535588377e-06,-0.0006547479564397827,Overheating,0.367710206243676,-0.8819319583754933,0.0,0.1799106397295569,0.22788636069064902,0.28475983092445795,0.507443168655336
2022-06,-0.03216942324918964,-0.0320530445547169,6.59886440434714,-0.03216942324918959,0.03647233001706096,0.00010941699005118288,6.9617044215550815e-06,-0.0006547479564397827,Overheating,0.2782529563190822,-1.0,0.0,0.17977562885181955,0.2292367935953068,0.27982495577945066,0.511162621773423
2022-07,-0.03153346992029973,-0.03126376438192695,6.390779312144523,-0.06268847962910762,0.08363545803712369,0.00025090637411137107,1.879916426141226e-05,-0.0006547479564397827,Overheating,0.3118307096359832,-1.0,0.0,0.11395904466969949,0.3141478884086653,0.269365422716701,0.5025276442049341
2022-08,-0.01679541336712638,-0.016580787341463222,6.283443531858976,-0.07843101406750641,0.06187906044921719,0.00018563718134765157,2.898884431550691e-05,-0.0006547479564397827,Overheating,0.31370315205717886,-1.0,0.0,0.12272770728538346,0.26381946071854484,0.30115145686906736,0.5123013751270044
2022-09,0.02447586838129891,0.026036795718902557,6.43723626872608,-0.05587481286353557,0.5129195716214262,0.0015387587148642785,2.2168622739366484e-05,-0.0006547479564397827,Stagflation,0.37769385491455376,-0.8153743005696417,0.0,0.10282056674985433,0.3213670514615957,0.7531001982963467,0.022712183492203115
2022-10,-0.010493110993251474,-0.010396996959136649,6.369689634068553,-0.06578162324368286,0.027778087157400336,8.333426147220101e-05,1.2779772642624477e-05,-0.0006547479564397827,Stagflation,0.47211416049015353,-0.18590559673230977,0.0,0.10077155082819547,0.32877017406573633,0.7481731380187036,0.022285137087364716
2022-11,-0.0050495908021351895,-0.0049907230145490224,6.337525307879905,-0.07049904376613725,0.01867498610337756,5.602495831013268e-05,2.8428292760344086e-06,-0.0006547479564397827,Stagflation,0.2587731540594103,-1.0,0.0,0.09110208441116437,0.3386455172430654,0.7500877779239851,0.02016462042178514
2022-12,0.004049011540736375,0.004117494831614002,6.363186020991219,-0.06673548366722082,0.020103810191331676,6.031143057399503e-05,8.171860303631705e-06,-0.0006547479564397827,Stagflation,0.37691268468799277,-0.8205821020800482,0.0,0.08792408500285205,0.34072832777469036,0.7566049126630372,0.01474267455942039
2023-01,0.03089730413212719,0.030955464286652846,6.559791314731085,-0.037900126070364415,0.016725123398778515,5.017537019633555e-05,7.984784329319372e-06,-0.0006547479564397827,Stagflation,0.5393111162866276,0.2620741085775177,0.0,0.07916780553009269,0.35790420362163744,0.7515823443066088,0.01134564654166122
2023-02,0.008438686140233182,0.008578917716177439,6.615147334781529,-0.029781267198714212,0.040614578923986684,0.00012184373677196006,1.8387839172297473e-05,-0.0006547479564397827,Stagflation,0.5198379370192816,0.13225291346187737,0.0,0.0905451078676157,0.31988149753611544,0.7779421434580441,0.011631251138224772
2023-03,0.05734699235123264,0.057389363653973145,6.994506138391523,0.0,0.012331058489193247,3.6993175467579746e-05,5.378127272929911e-06,-0.0006547479564397827,Stagflation,0.5935477591761114,0.6236517278407424,0.0,0.09746044808738784,0.3144786828524272,0.7750125062953273,0.013048362764857605
2023-04,0.02953563147076842,0.02955480770240125,7.201093294015082,0.0,0.005474315714158879,1.6422947142476637e-05,2.7532844903521703e-06,-0.0006547479564397827,Stagflation,0.5229899223759891,0.15326614917326048,0.0,0.0942824474998796,0.3088715493047609,0.7808236479960335,0.016022355199325856
2023-05,-0.0023444118542275253,-0.0005904514961735044,7.184210965533195,-0.0023444118542275127,0.501580693080948,0.001504742079242844,0.00024921827881117694,-0.0006547479564397827,Slowdown,0.6830818637164464,1.0,0.0,0.3818544970253473,0.5153454556103577,0.2870867149839738,0.01571333238032111
2023-06,-0.012755019179635108,-0.01269408499642819,7.092576216877275,-0.015069528015696831,0.018734046863965913,5.6202140591897745e-05,4.7320426150214425e-06,-0.0006547479564397827,Slowdown,0.6280765918343666,0.853843945562444,0.0,0.38649458618026533,0.5297621196378167,0.2775701015465995,0.006173192635318439
2023-07,0.007625876828880171,0.00770084143881647,7.146663329506626,-0.007558569551333716,0.0211874152983987,6.35622458951961e-05,1.1402364041102481e-05,-0.0006547479564397827,Slowdown,0.6710357562393334,1.0,0.0,0.39217689350150814,0.5507400995537508,0.254659018876601,0.0024239880681399314
2023-08,-0.0015831789708525518,-0.0015341723227513386,7.135348882411588,-0.009129781953822858,0.015381238141183525,4.6143714423550573e-05,2.862933677662716e-06,-0.0006547479564397827,Slowdown,0.5752200381627398,0.5014669210849321,0.0,0.3947919492115539,0.559660135977163,0.23820069102847458,0.00734722378280843
2023-09,-0.02489205270715286,-0.02486451536438259,6.957735401946674,-0.033794575647376424,0.008415814900553108,2.5247444701659327e-05,2.2898980686088258e-06,-0.0006547479564397827,Slowdown,0.6143671445331031,0.7624476302206877,0.0,0.390667170397176,0.5587184930488344,0.24104859071764137,0.009565745836348257
2023-10,-0.0039023905964206533,-0.0038902148628340892,6.930583600741734,-0.0375650866095808,0.0038805599431808698,1.164167982954261e-05,5.34053757021466e-07,-0.0006547479564397827,Slowdown,0.6595394391526141,1.0,0.0,0.389233903213669,0.5635999534205749,0.23610641539142097,0.011059727974335031
2023-11,0.04593979006357426,0.04600236722168021,7.24897315637786,0.0,0.0199956042477498,5.99868127432494e-05,2.5903453627034444e-06,-0.0006547479564397827,Slowdown,0.5215397811259519,0.14359854083967932,0.0,0.3833858223917658,0.5555845159056465,0.24226474308784207,0.018764918614745704
2023-12,0.04131705408291452,0.04135712386673501,7.548479372325519,0.0,0.012323962795734023,3.697188838720207e-05,3.097895433289061e-06,-0.0006547479564397827,Slowdown,0.47306971154176014,-0.17953525638826573,0.0,0.3930317848229546,0.5564724463301606,0.23402803598283467,0.01646773286405032
2024-01,-0.020984663066979655,-0.020959614043462627,7.390077076029222,-0.02098466306697966,0.008174939827855613,2.452481948356684e-05,5.242040334610814e-07,-0.0006547479564397827,Slowdown,0.52817883675485,0.18785891169900001,0.0,0.40227065197193934,0.5564357979634866,0.23078525466150596,0.010508295403068062
2024-02,0.02929102089713992,0.029388862893702926,7.606539978094669,0.0,0.03197710589982492,9.593131769947476e-05,1.9106788635305796e-06,-0.0006547479564397827,Slowdown,0.5098804438498178,0.06586962566545193,0.0,0.41589641202350786,0.5353104276740899,0.23656316212189568,0.01222999818050667
2024-03,0.05420558138043664,0.05424583527789356,8.018856899900825,0.0,0.012468301119734867,3.74049033592046e-05,2.848994097716731e-06,-0.0006547479564397827,Slowdown,0.5678941800935386,0.45262786729025767,0.0,0.42302686406595214,0.5281489770491568,0.2341435833760571,0.014680575508833905
2024-04,-0.015251913493641293,-0.014685770401764177,7.89655398814565,-0.0152519134936413,0.18865559188493336,0.0005659667756548,1.7631622231625843e-07,-0.0006547479564397827,Goldilocks,0.5665988808387836,0.44399253892522417,0.0,0.617966333127124,0.3221113387899677,0.24537591365607128,0.014546414426836957
2024-05,0.001697622356251503,0.0018320917364265292,7.909959354733273,-0.013580183126712164,0.04291317794689316,0.00012873953384067948,5.7298463343467e-06,-0.0006547479564397827,Goldilocks,0.5078746413557724,0.05249760903848285,0.0,0.6435166303711525,0.2913425226194745,0.25020078233403353,0.014940064675339568
2024-06,0.041814070983821436,0.041847956474009955,8.240706956671232,0.0,0.011264683736444073,3.379405120933222e-05,9.143897918953426e-08,-0.0006547479564397827,Goldilocks,0.6580608265644883,1.0,0.0,0.6502945324914328,0.2827070586170259,0.25120729680512627,0.01579111208641491
2024-07,0.017477126641686536,0.017500050574332744,8.384730835770002,0.0,0.006422994186129788,1.9268982558389366e-05,3.6549500878212404e-06,-0.0006547479564397827,Goldilocks,0.6320053608007777,0.8800357386718516,0.0,0.6580278768489122,0.2781853474405335,0.24470728549730666,0.019079490213247677
2024-08,-0.04062334097509093,-0.04060612886107921,8.044115056044157,-0.040623340975091016,0.005418131058519576,1.6254393175558728e-05,9.577208361563616e-07,-0.0006547479564397827,Goldilocks,0.6224172707475075,0.8161151383167169,0.0,0.6568454128808769,0.27598146053357114,0.24983245279792482,0.017340673787627006
2024-09,-0.02572093919273427,-0.02569106822550694,7.837212861828288,-0.06529940968479919,0.00881571008639142,2.644713025917426e-05,3.423836968155819e-06,-0.0006547479564397827,Goldilocks,0.5030251030175176,0.020167353450117147,0.0,0.6508573519214375,0.2808855877031064,0.2521697936667825,0.016087266708673647
2024-10,0.017302848765311626,0.01737619247485879,7.972818970718057,-0.04912642672972789,0.021770400390440325,6.531120117132097e-05,8.032508375841768e-06,-0.0006547479564397827,Goldilocks,0.38588936088191433,-0.7607375941205712,0.0,0.6474350849176032,0.2821328085774542,0.2558999863986499,0.014532120106292701
2024-11,-0.016713347194205815,-0.01665539612974459,7.839566479143896,-0.06501870689758904,0.016755469717765606,5.026640915329682e-05,7.684655307927613e-06,-0.0006547479564397827,Goldilocks,0.4995353164809958,-0.0030978901266946286,0.0,0.6415225087047396,0.2856949439979943,0.25840528675381125,0.014377260543454763
2024-12,-0.0035258414104162162,-0.002932641719711172,7.8119254110120195,-0.06831530265877395,0.19672783011656447,0.0005901834903496935,3.0162003553509674e-06,-0.0006547479564397827,Slowdown,0.4244602254176305,-0.5035984972157966,0.0,0.44307682656338593,0.4908659075316926,0.25357235297177255,0.012484912933148951
2025-01,0.028954379856656904,0.02900320136270434,8.038114866774333,-0.04133895002532162,0.015083892291696798,4.52516768750904e-05,3.569829172347744e-06,-0.0006547479564397827,Slowdown,0.3301405786702684,-1.0,0.0,0.42192645105145427,0.5036837549545156,0.2608639933726774,0.013525800621352614
2025-02,0.020793656014576778,0.02092598414143638,8.205256662319693,-0.02140488191757528,0.04406830051827724,0.0001322049015548317,1.232253047739329e-07,-0.0006547479564397827,Slowdown,0.46609515011575947,-0.22603233256160354,0.0,0.380655014097755,0.5397599670950901,0.26686095693789924,0.012724061869255645
2025-03,0.031473862164452165,0.03148252584549214,8.463507779533495,0.0,0.0027063944906082146,8.119183471824643e-06,5.444975681545284e-07,-0.0006547479564397827,Slowdown,0.498346915101526,-0.011020565989826592,0.0,0.38190008471948106,0.5377162438952416,0.2683484171959919,0.012035254189285412
2025-04,0.0053066245555661905,0.005361385954524033,8.508420437742593,0.0,0.016036796959260573,4.811039087778172e-05,6.651008080060972e-06,-0.0006547479564397827,Slowdown,0.5732847232973376,0.48856482198225065,0.0,0.39216095987995797,0.5234693957940311,0.27245984305185117,0.011909801274159878
2025-05,0.024324763472770447,0.024328279149289297,8.715385752417568,0.0,0.0011415331268686945,3.4245993806060835e-06,9.107713824585417e-08,-0.0006547479564397827,Slowdown,0.3687445476539058,-0.8750363489739614,0.0,0.3934688716926045,0.5267704285898501,0.2706627880094963,0.009097911708049017
2025-06,0.05649267324174063,0.0565309807475087,9.207741191904615,0.0,0.012303100145571559,3.690930043671468e-05,1.398205331361646e-06,-0.0006547479564397827,Slowdown,0.5268608301253724,0.17907220083581626,0.0,0.39800422596450513,0.5230499732073636,0.26940657727797773,0.009539223550153561
2025-07,0.02377330566482061,0.02386212984971625,9.426639637742323,0.0,0.02842949308167664,8.528847924502992e-05,3.5357056506139518e-06,-0.0006547479564397827,Slowdown,0.5291655592020342,0.19443706134689487,0.0,0.41728275117443825,0.5180907858949146,0.25817653686536746,0.006449926065279549
2025-08,0.005775940265226937,0.005787737642245458,9.481087345191742,0.0,0.00380717405680671,1.142152217042013e-05,3.758548481009871e-07,-0.0006547479564397827,Slowdown,0.6310720264325532,0.8738135095503549,0.0,0.4219438379890218,0.5115244698903202,0.25938058479808446,0.007151107322573498
2025-09,0.07824136366369941,0.07825529806533953,10.222900548094188,0.0,0.004016965200448171,1.2050895601344513e-05,1.883506038770827e-06,-0.0006547479564397827,Slowdown,0.6345155124709763,0.8967700831398417,0.0,0.418869777113543,0.509737373886418,0.26580160193143865,0.00559124706860038
2025-10,0.14922464956072073,0.14977014224937815,11.748409299877643,0.0,0.18141114535329078,0.0005442334360598723,1.2592525975614611e-06,-0.0006547479564397827,Goldilocks,0.6890751461860984,1.0,0.0,0.6190701786372687,0.29774438756513344,0.2791328759765797,0.00405255782101816
2025-11,-0.0005946776820760504,0.00021042308658178433,11.74142278306711,-0.0005946776820762167,0.2674591419759667,0.0008023774259279001,2.7233427299346582e-06,-0.0006547479564397827,Slowdown,0.4321741176878424,-0.45217254874771723,0.0,0.4028036388145851,0.5324079144346862,0.25840268533853933,0.0063857614121893115
2025-12,0.053691653250269734,0.05434924591739087,12.371839183800367,0.0,0.21845757856001277,0.0006553727356800384,2.219931441096945e-06,-0.0006547479564397827,Goldilocks,0.5367068952328479,0.24471263488565248,0.0,0.605545006794037,0.31160009398723504,0.27548661020590265,0.007368289012825136
2026-01,0.1049586076397291,0.10673243808488442,13.670370198474695,0.0,0.506116660289345,0.001518349980868035,0.0002554804642872711,-0.0006547479564397827,Overheating,0.5107222649834976,0.07148176655665066,0.0,0.13366768800019432,0.28407850526389017,0.2723868788964538,0.5098669278394616
2026-02,0.1337157334961146,0.1338924911179958,15.498313776727164,0.0,0.05888447119546893,0.0001766534135864068,1.0420829478535731e-07,-0.0006547479564397827,Overheating,0.4820649101873863,-0.11956726541742477,0.0,0.10091648583841399,0.3218469457321167,0.2666743106168755,0.5105622578125937
2026-03,-0.08192917276559115,-0.08010613295801032,14.228549749738342,-0.0819291727655912,0.522514159382155,0.0015675424781464648,0.0002554973294343751,-0.0006547479564397827,Goldilocks,0.4044504844447705,-0.6369967703681967,0.0,0.5481783864324451,0.3802837301316253,0.24366249548956093,0.027875387946368547
2026-04,0.07090394754482081,0.07266165095446399,15.237410094832661,-0.016834326988932502,0.5055490186486603,0.001516647055945981,0.00024105635369720135,-0.0006547479564397827,Overheating,0.7439588378153297,1.0,0.0,0.06327366584053103,0.36378839846797983,0.23132482341382482,0.5416131122776643
2026-05,-0.004249149222214043,-0.0041232694219453464,15.172664065579646,-0.02101194464371514,0.04101081415632305,0.00012303244246896915,2.847357799727224e-06,-0.0006547479564397827,Overheating,0.5483054709475691,0.322036472983794,0.0,0.06520195740240968,0.35515597350641376,0.23428379328558055,0.545358275805596
2026-06,-0.13074077193107478,-0.13065207249274804,13.188978253394883,-0.14900559871229757,0.025448805741153685,7.634641722346105e-05,1.2353021103284678e-05,-0.0006547479564397827,Overheating,0.42669722184585906,-0.48868518769427294,0.0,0.06828209056055644,0.3440313057334628,0.24048031173022716,0.5472062919757534
2026-07,0.004500378400486518,0.004658336256557367,13.248333646250947,-0.1451758018898075,0.05194130231587592,0.00015582390694762776,2.133949123221235e-06,-0.0006547479564397827,Overheating,0.5096814260796096,0.06454284053073098,0.0,0.06117442863389325,0.37849473607606104,0.22521278205681453,0.5351180532332311
