month,return,gross_return,nav,drawdown,turnover,trade_cost,fx_cost,forecast_vol,leverage,risk_score,w_KODEX200,w_BOND,w_GLD,w_USO
2007-04,0.022418970912662702,0.024816064713347942,1.0224189709126628,0.0,1.4999999999999998,0.00225,0.00014709380068524147,0.05521652824118857,1.5,,0.6032730120504908,0.6025393865790262,0.22123662522828136,0.07295097614220156
2007-05,0.0833692018263154,0.08422038545869777,1.1076572244497342,0.0,0.2794764502070914,0.0008384293506212742,1.2754281761101882e-05,0.07576076087572939,1.5,,0.8845442718650043,0.3126139898475298,0.21378041365233852,0.08906132463512735
2007-06,0.01032007565723683,0.010483395227845298,1.1190883308083404,0.0,0.046576188047610836,0.0001397285641428325,2.3591006465634724e-05,0.09081590076465597,1.5,,0.8624572384373266,0.30704609741212263,0.22769298205374555,0.10280368209680509
2007-07,0.10488121423025405,0.10492437162262502,1.2364596737744273,0.0,0.012830163956554473,3.849049186966342e-05,4.6669005013108e-06,0.0852726033373686,1.5,,0.8729386390708089,0.3086838683868494,0.22117541164446264,0.09720208089787905
2007-08,-0.014005761066394843,-0.013900402143773338,1.2191421150153101,-0.01400576106639495,0.03367683749915863,0.0001010305124974759,4.328410124030679e-06,0.10343859126478644,1.4501357584813168,,0.8356811141681607,0.30117469849001777,0.2178687906578323,0.09541115516530618
2007-09,0.0530814332402168,0.05313181047614832,1.283855925803832,0.0,0.014201134391109704,4.260340317332911e-05,7.773832758183358e-06,0.10307278057100948,1.4552823661981367,,0.8449765130886024,0.3061635010657482,0.21391681483960687,0.09022553720417911
2007-10,0.060340339650808046,0.061283428941231,1.3613242284295377,0.0,0.30872369308998376,0.0009261710792699513,1.6918211152999907e-05,0.06996320571961714,1.5,,0.59004762491489,0.6333154471807032,0.21664157109449117,0.05999535680991559
2007-11,-0.06999217596974312,-0.06895619804290656,1.2660421834814226,-0.06999217596974316,0.34039503221979306,0.0010211850966593793,1.4792830177183276e-05,0.10867483661953466,1.3802643248974253,,0.8347857689413762,0.2340481761292641,0.19498634310259264,0.11644403672419246
2007-12,0.06758875498054379,0.06955221408215963,1.3516123984157813,-0.007134105021373349,0.610511707346201,0.001831535122038603,0.00013192397957724312,0.175246331880979,0.8559380295724227,,0.1346558322481027,0.12289145761161656,0.14307579814943697,0.45531494156326646
2008-01,-0.01976220364017176,-0.019666320779543525,1.3249015589557076,-0.026755323025322464,0.028719488700799024,8.615846610239707e-05,9.72439452583651e-06,0.17939352647154763,0.8361505732693786,,0.1125032322416737,0.11855058091905192,0.15632440842251083,0.4487723516861421
2008-02,0.07057183016308216,0.07064766867368946,1.4184022867571326,0.0,0.023321289990774513,6.996386997232354e-05,5.8746406349756145e-06,0.17643347125583875,0.8501788177283623,,0.10895558834911058,0.12143079391459846,0.1649155640037335,0.4548768714609198
2008-03,0.007882935076203877,0.007966920619643027,1.4295834598955783,0.0,0.022101383827981026,6.630415148394309e-05,1.768139195520563e-05,0.180053873276275,0.8330839946433127,,0.10779094897007609,0.11793272480340891,0.16024993562327525,0.4471103852465525
2008-04,0.07634911362202593,0.07666574779994541,1.5387308899073149,0.0,0.0992383573914898,0.0002977150721744694,1.891910574501654e-05,0.147124374965909,1.0195455378128697,,0.14319838888739142,0.23110703340879116,0.1945593188487406,0.4506807966679466
2008-05,0.07007146327981766,0.07016580390519499,1.6465520149569763,0.0,0.025018639497201706,7.505591849160511e-05,1.928470688572065e-05,0.15289991041221007,0.9810339299454651,,0.14707855123227978,0.21709820155250223,0.18062687377380984,0.4362303033868733
2008-06,0.07188988535101001,0.07197153770729198,1.7649224505367078,0.0,0.024715028913625564,7.414508674087669e-05,7.507269541088102e-06,0.15259778890270365,0.9829762349678605,,0.14619400058838708,0.20718386488395635,0.18738137990007261,0.4422169895954445
2008-07,-0.09430583802575378,-0.0941628363148913,1.5984799597883765,-0.09430583802575387,0.044770791175843726,0.00013431237352753118,8.689337334954029e-06,0.1499385007528495,1.0004101631458344,,0.13307411876933437,0.2160994841459336,0.20853122134231747,0.44270533888824903
2008-08,-0.03493242945476787,-0.033006719903116995,1.5426411713582089,-0.12594393544651428,0.6043872523330316,0.001813161756999095,0.00011254779465177756,0.10714291755324956,1.3999992106379842,,0.17757485763100217,0.3755373799096644,0.8448656621714294,0.0020213109258880794
2008-09,0.13242652433241914,0.13276328272785232,1.7469277799732683,-0.010195728746023591,0.10727715641749419,0.0003218314692524826,1.4926926180673373e-05,0.10365074353778267,1.4471676215744862,,0.10792763834591278,0.5112214378412209,0.8280185453873526,0.0
2008-10,-0.09610779306816673,-0.09562899144581531,1.5790344063905655,-0.10532363282568835,0.13131695381932998,0.00039395086145798997,8.48507608934308e-05,0.1275911414091333,1.1756302071082703,,0.09954361759143392,0.39933604493694935,0.6593465958662024,0.017403948713684798
2008-11,0.12749553459585358,0.12779698149095278,1.7803542421785767,0.0,0.0856298714517123,0.0002568896143551369,4.4557280744079053e-05,0.1410905503223379,1.063147033286832,,0.024337105632918556,0.4672747574526467,0.5715351702012668,0.0
2008-12,0.028101984051352134,0.028430926995538872,1.8303857286980363,0.0,0.0835695632332159,0.0002507086896996477,7.823425448708948e-05,0.16601764819430578,0.9035184007933973,,0.02040439338564759,0.4195652571724436,0.4602213208345193,0.003327429400786905
2009-01,0.05043600678188687,0.0505221957111786,1.9227030757241195,0.0,0.024449935298454767,7.33498058953643e-05,1.2839123396360536e-05,0.1571045214315388,0.9547783770524088,,0.021612266217037265,0.4483741958922856,0.4801326900273826,0.004659224915703324
2009-02,0.08393824188018371,0.0840019061749439,2.0840913915580237,0.0,0.019240419565707833,5.77212586971235e-05,5.943036063048385e-06,0.15439707953103274,0.9715209669484133,,0.0214569781842655,0.4552821864663812,0.4909941068147857,0.00378769548298094
2009-03,-0.06132132085029162,-0.06116158865243133,1.9562921546549634,-0.06132132085029163,0.04345148869283497,0.00013035446607850492,2.9377731781785017e-05,0.15906108698020963,0.9430339176461368,,0.01940313128303326,0.4470362628615725,0.4739433832439386,0.002651140257592328
2009-04,-0.044024488799232646,-0.043846452755910544,1.8701673926043294,-0.10264616984659636,0.0568501299801067,0.0001705503899403201,7.485653381779978e-06,0.17840143764352212,0.8408003992643083,,0.031804522915188274,0.3886916930567646,0.42030418329235536,0.0
2009-05,0.010306404736266223,0.012122080326032094,1.8894420946770774,-0.09339767808139665,0.566410533827678,0.0016992316014830342,0.00011644398828283577,0.09650967106650558,1.5,,0.4344674933714291,0.9149241686502663,0.15060833797830456,0.0
2009-06,-0.005667041464577976,-0.005630756260951676,1.8787345479816233,-0.09853543103159201,0.010679428353740791,3.2038285061222376e-05,4.246918565077293e-06,0.09243233135134835,1.5,,0.43717464990429156,0.9078305116216895,0.15499483847401913,0.0
2009-07,0.05632539798559824,0.05636717140994057,1.9845550191059813,-0.047760080414530726,0.01225508263385909,3.6765247901577275e-05,5.008176440750842e-06,0.08918939654071933,1.5,,0.438192277994519,0.9011602520987803,0.16064746990670078,0.0
2009-08,0.009306334630032333,0.009411781503787206,2.003023952205492,-0.03889821707479313,0.032894364403992,9.868309321197601e-05,6.763780542896045e-06,0.09344636843851264,1.5,,0.452486680630492,0.8847948297466081,0.1627184896228999,2.2558859077634333e-17
2009-09,0.031606005231047535,0.03162660170488794,2.0663315377168123,-0.008521629096089889,0.00634155032858767,1.902465098576301e-05,1.571822854639901e-06,0.09070718733926864,1.5,,0.4603252162069288,0.8720866208493229,0.16758816294374837,0.0
2009-10,-0.024334934439515805,-0.024304036833059338,2.0160474952161698,-0.032649190250234494,0.008366549821802072,2.5099649465406217e-05,5.797956991061476e-06,0.09115305839457843,1.5,,0.48000286457079544,0.8486143947923679,0.17138274063683673,0.0
2009-11,0.02954808872287798,0.029682648736830478,2.0756178454743535,-0.004065822697600363,0.04408790063794919,0.00013226370191384758,2.296312038649176e-06,0.0925458376016478,1.5,,0.4913085695028917,0.8253395123228213,0.1833519181742868,0.0
2009-12,0.038472043458208566,0.03926824980731875,2.1554711054280764,0.0,0.25682967057730505,0.0007704890117319152,2.5717337378271822e-05,0.13331990616094572,1.1251133031770801,,0.5569006297507106,0.42565297445438927,0.14255969897198018,5.785414257940714e-18
2010-01,-0.027233454416808658,-0.02717905625394237,2.0967701813316526,-0.02723345441680869,0.016115685161658472,4.8347055484975416e-05,6.051107381310609e-06,0.13376531245261603,1.121366946704773,,0.5694221870246444,0.41221686600142343,0.1397278936787053,8.628225934609598e-19
2010-02,0.0065034220954822905,0.0065931267540206865,2.110406362858073,-0.0209071429705171,0.028879109537697067,8.663732861309121e-05,3.067329925304674e-06,0.1330401189090882,1.1274794492817701,,0.578377589835261,0.399701111875536,0.14940074757097319,2.663053378888047e-17
2010-03,0.03352599099921783,0.0335998741366973,2.181159827583945,0.0,0.023035476535976842,6.910642960793053e-05,4.776707871539499e-06,0.12786306495989927,1.173130020362357,,0.6047608613342955,0.40843196536605875,0.1599371936620028,4.37694424309502e-18
2010-04,0.026668668118480055,0.026725293805501496,2.2393284551391424,0.0,0.016208118080956947,4.8624354242870844e-05,8.001332778568307e-06,0.12495141793873189,1.2004665691232916,,0.6250669797685471,0.4071886973633904,0.1682108919913541,0.0
2010-05,-0.01728547898552753,-0.01719828131054784,2.2006205901861406,-0.01728547898552768,0.02762186782631111,8.286560347893333e-05,4.332071500755916e-06,0.11989148150779635,1.2511314241307938,,0.6557232642970503,0.41536786202131115,0.18004029781243241,1.4167378276412407e-19
2010-06,0.02087215050726605,0.020980268237877877,2.246552274353894,0.0,0.03330483862007212,9.991451586021637e-05,8.203214751609275e-06,0.11754175199760175,1.2761422851946302,0.0,0.6700976168306505,0.415528587027712,0.19051608133626763,0.0
2010-07,0.01999951170619872,0.02010352733786569,2.291482222863422,0.0,0.03256658352289167,9.769975056867502e-05,6.315881098295742e-06,0.11223458710341486,1.3364864064745696,0.0,0.7095471738060506,0.42539256505321016,0.20154666761530873,7.307652980081607e-19
2010-08,0.01099441862902753,0.011098028843443459,2.3166757377025573,0.0,0.03047243138357375,9.141729415072126e-05,1.2192920265206769e-05,0.10776792054483544,1.3918798770696743,0.0,0.7496364711017984,0.43600647181351565,0.20623693415436023,0.0
2010-09,0.056398145686460975,0.0565707034187788,2.447331953465796,0.0,0.05557632465033857,0.00016672897395101572,5.828758366812237e-06,0.0997121220934608,1.5,0.0,0.8026701956101334,0.4660914847006621,0.2312383196892045,0.0
2010-10,0.0072697229117376595,0.007307821042809573,2.4651233786405333,0.0,0.010664993322175756,3.199497996652727e-05,6.1031511053852715e-06,0.10026012069464198,1.4961083126645007,0.0,0.8108534694287308,0.45579210082726584,0.22946274240850417,0.0
2010-11,0.03749650641246914,0.03751024171324416,2.5575568932152555,0.0,0.0038693972988622237,1.160819189658667e-05,2.127108878430359e-06,0.0793751440753143,1.5,0.0,0.813641223570936,0.4496697769377893,0.23668899949127473,6.800933412623183e-19
2010-12,0.03453499162901271,0.036655930827303174,2.645882099113168,0.0,0.6073146657298514,0.0018219439971895542,0.0002989952011009106,0.09797864945885996,1.5,0.0,0.2084254630044399,0.4513838315841324,0.24019070541142762,0.6000000000000001
2011-01,-0.013242690573186265,-0.011124187486845315,2.61084350118148,-0.013242690573186278,0.6077903597178991,0.0018233710791536973,0.0002951320071872531,0.08094782413930776,1.5,0.0,0.8236092943689799,0.4380546232940926,0.23833608233692755,0.0
2011-02,-0.039862941422819965,-0.03980393858504509,2.5067675996297325,-0.05257773939740673,0.017377949873627008,5.2133849620881025e-05,6.8689881539872604e-06,0.08272252588460736,1.5,0.0,0.8300812033459006,0.4300968613769339,0.2398219352771656,0.0
2011-03,0.05073950490076961,0.05286646373523318,2.6339597465362354,-0.004506002962463396,0.6112158547869287,0.0018336475643607863,0.0002933112701027831,0.08659653348792923,1.5,0.0,0.21252413889589927,0.4350689689438902,0.2524068921602106,0.6000000000000001
2011-04,0.04051952889763027,0.04058042275118769,2.7406865546012056,0.0,0.017173313390643985,5.151994017193196e-05,9.373913385491261e-06,0.08771468513824017,1.5,0.0,0.22667989889248263,0.41547853127671974,0.25784156983079765,0.6000000000000001
2011-05,-0.06264975417015471,-0.06257962759557997,2.5689832156979917,-0.06264975417015473,0.02237437673268583,6.71231301980575e-05,3.003444376675768e-06,0.08455512977570853,1.5,0.0,0.21734487516123607,0.42236993049136456,0.26028519434739944,0.6000000000000001
2011-06,-0.07147285516640309,-0.07134693217542697,2.3853706503974887,-0.1296448525305436,0.03876731852771734,0.00011630195558315202,9.621035392971877e-06,0.08835851101981317,1.5,0.0,0.21414785609257686,0.41247895446707933,0.2733731894403438,0.6000000000000001
2011-07,0.03675815585840112,0.03686438789523108,2.473052476544855,-0.09765220236769967,0.03390644090448569,0.00010171932271345708,4.512714116500338e-06,0.09965905875435534,1.5,0.0,0.20809477960794576,0.43146977696337474,0.2604354434286795,0.6000000000000001
2011-08,0.11549783198789675,0.11755035632537172,2.7586846759780848,0.0,0.6800631413209455,0.0020401894239628366,1.233491351213889e-05,0.11502259074085446,1.3040916487262013,-0.9999999999999998,0.026081832974524013,0.4388698076013334,0.839140008150344,0.0
2011-09,0.00499723791775319,0.005338544338931123,2.772470479644007,0.0,0.08962115686053189,0.00026886347058159565,7.244295059633743e-05,0.13669160117083207,1.0973607647812655,-0.9999999999999998,0.021947215295625315,0.3657822525415174,0.7096312969441229,0.0
2011-10,-0.026539374397411396,-0.026394394299125785,2.698890847578964,-0.026539374397411386,0.04452935285617651,0.00013358805856852955,1.139203971708197e-05,0.1264521440658218,1.1862195070565262,-0.9999999999999998,0.023724390141130546,0.4256556364431099,0.736839480472286,0.0
2011-11,0.0445934480123627,0.04465226019140293,2.819243696281518,0.0,0.017779641867033527,5.3338925601100584e-05,5.4732534391246925e-06,0.127165650593266,1.1795638153872912,-0.444444444444444,0.028096644103214004,0.4157699495794037,0.7356972217046733,2.058829617845927e-19
2011-12,-0.06662514994635556,-0.0663412223667653,2.631411162281444,-0.06662514994635571,0.08549325834605069,0.0002564797750381521,2.7447804552099666e-05,0.1116538450602027,1.343437836100686,-0.21052631578947323,0.09273811071399209,0.4513526827770678,0.7993470426096263,8.992031142147684e-19
2012-01,0.0611088241587621,0.06131275143941075,2.792213604286704,-0.009587710360216661,0.0586369469070555,0.0001759108407211665,2.801643992748104e-05,0.1123234943851822,1.3354285389806044,0.0,0.13699486205286823,0.4659007986250984,0.7324544427567433,7.843554589439111e-05
2012-02,-0.012856513137776584,-0.012764291558627537,2.7563154733997135,-0.022320958973785943,0.028102424170908077,8.430727251272424e-05,7.91430663632181e-06,0.11332221465672308,1.3236592706415213,0.0,0.1296317001537994,0.47223961836865536,0.7215977063818432,0.00019024573722337907
2012-03,-0.012526419804770206,-0.012437250830164812,2.7217887086655246,-0.03456777707600556,0.025239789580586963,7.571936874176089e-05,1.344960586363314e-05,0.11255766107191625,1.332650292938841,0.0,0.1359898641656777,0.45714543215590914,0.7395149966172541,0.0
2012-04,0.00023601989542231937,0.0022308648737333066,2.7224311049519057,-0.034339915863713655,0.581531252549414,0.001744593757648242,0.0002502512206627453,0.0738290880961948,1.5,0.0,0.5131319065732641,0.7500262947393157,0.23684179868742009,2.0948818851493354e-18
2012-05,-0.03764191135247435,-0.037597638261744996,2.6199535946360872,-0.07068920714739457,0.01290978129175094,3.872934387525282e-05,5.543746854097226e-06,0.07076362693261261,1.5,0.0,0.5118533478606911,0.7406804956943004,0.2474661564450085,0.0
2012-06,-0.009101543181822049,-0.009027077212632201,2.596107973860137,-0.07914736945787593,0.023670834094975925,7.101250228492778e-05,3.4534669049196e-06,0.07319966004178931,1.5,0.0,0.5006821838551337,0.7487694987464465,0.25054831739841976,1.5654139544774613e-17
2012-07,0.020066519004021087,0.020090296739817704,2.648202823854092,-0.06066906264719962,0.007236955546212878,2.1710866638638633e-05,2.066869157980003e-06,0.07057985081494832,1.5,0.0,0.502748432331261,0.7552142428969453,0.24203732477179374,0.0
2012-08,0.022422859734332747,0.02243641488633645,2.7075831043214365,-0.03960657679481838,0.004121340290012616,1.2364020870037847e-05,1.1911311336633563e-06,0.06817966027717016,1.5,0.0,0.49900444423967383,0.7574211346011623,0.24357442115916383,7.06414201112711e-18
2012-09,0.02918298122496613,0.02919704537843003,2.7865984512198847,-0.011579433556840546,0.004685542011497045,1.4056626034491134e-05,7.5274294129013e-09,0.06594021756349343,1.5,0.0,0.4929959339455164,0.754805048771072,0.25219901728341154,1.5606412646571035e-17
2012-10,-0.033791954809629064,-0.03375488790760701,2.69243384228368,-0.04498009667099567,0.011798531525109329,3.539559457532799e-05,1.6713074467287203e-06,0.06492701529316189,1.5,0.0,0.49582821291939905,0.7497951493460362,0.25437663773456487,3.4089998111382723e-17
2012-11,0.0005717385585350505,0.0006100041565052575,2.693973210527618,-0.04443407496809415,0.01210807191813402,3.632421575440206e-05,1.9413822158048657e-06,0.06738046808562077,1.5,0.0,0.4903905658730281,0.761508366607734,0.24810106751923777,1.3259937670435692e-17
2012-12,0.019628763087562083,0.019651489065300138,2.7468525724413038,-0.02567749781109574,0.0072030324220602494,2.160909726618075e-05,1.1168804718746372e-06,0.0642045604549844,1.5,0.0,0.4934040223375408,0.7653478700739607,0.24124810758849852,6.650563888661864e-18
2013-01,-0.007347721497130914,-0.0073053825704622564,2.7266694647453273,-0.032836548205567584,0.01345130166690731,4.035390500072193e-05,1.9850216679356546e-06,0.06212711233109492,1.5,0.0,0.4981281716279006,0.7635350211545925,0.23833680721750705,0.0
2013-02,0.007533101123917557,0.007560496473508935,2.7472097415547516,-0.025550808119843116,0.00872594710234484,2.6177841307034523e-05,1.2175082843433882e-06,0.05949916553275034,1.5,0.0,0.49372192951530725,0.7642656499601366,0.24201242052455635,2.2470094819731925e-18
2013-03,-0.0015032208673946325,-0.0014701644794342652,2.7430800785441365,-0.02701562047929329,0.010384860288449193,3.1154580865347575e-05,1.9018070950196225e-06,0.05694954671670913,1.5,0.0,0.49913041503410827,0.77175084989985,0.22911873506604186,0.0
2013-04,-0.03420772322295324,-0.03419010508412548,2.6492455544389015,-0.0602992008341946,0.005729630131181204,1.7188890393543613e-05,4.292484342143937e-07,0.05342053896998241,1.5,0.0,0.49645525379157857,0.7713810513892702,0.2321636948191514,0.0
2013-05,-0.004834432509329376,-0.004804152231010533,2.636437955605326,-0.06484212092672459,0.009697520460169775,2.9092561380509324e-05,1.187716938333777e-06,0.05556362697525266,1.5,0.0,0.4951255717492221,0.7864624558017207,0.21841197244905725,1.9361238209834953e-17
2013-06,-0.06944822616710024,-0.06940055441952919,2.4533420161889197,-0.1297871768145512,0.015889288090640503,4.766786427192151e-05,3.883299126053452e-09,0.052553279543247906,1.5,0.0,0.4903355690788721,0.7979913840608929,0.211673046860235,3.941818831721424e-18
2013-07,0.030871501716531722,0.0309369462417715,2.5290803684529353,-0.10292240014983367,0.019523516413766193,5.857054924129858e-05,6.873975998477708e-06,0.0651471292038433,1.5,0.0,0.46744684557187444,0.8412396651520725,0.19131348927605302,2.1985216732509723e-18
2013-08,0.013637713430133397,0.01367455584634961,2.5635712417596723,-0.09068831291848534,0.011484728673167579,3.445418601950274e-05,2.388230196710195e-06,0.06772171749726133,1.5,0.0,0.4732023556633279,0.833672927744164,0.19312471659250807,0.0
2013-09,0.0017176607397267703,0.0017257041295033783,2.567974587435135,-0.08912642393341086,0.002565127043034701,7.695381129104103e-06,3.4800864750393624e-07,0.06607924178674604,1.5,0.0,0.4752797728033542,0.8266268243588131,0.19809340283783272,0.0
2013-10,0.012504199319500666,0.012542519498600696,2.600085053523837,-0.07773667918340776,0.01100381434298617,3.301144302895851e-05,5.308736071071796e-06,0.06240397900270373,1.5,0.0,0.48412956219640346,0.8264540434139689,0.18941639438962754,5.174750443468074e-18
2013-11,-0.008070009098836206,-0.007243262084846923,2.5791023434841516,-0.08517935257392051,0.2746659645104583,0.000823997893531375,2.749120457906748e-06,0.08015686699148271,1.5,0.0,0.7617073181694225,0.5455793753956459,0.1927133064349314,8.563509376413396e-18
2013-12,-0.009394489302153718,-0.009359935460319713,2.55487299410913,-0.09377362535955414,0.010250873919236307,3.0752621757708924e-05,3.8012200762943678e-06,0.07680967004563967,1.5,0.0,0.7659207078848038,0.5445430880478649,0.1895362040673313,3.746681574828769e-18
2014-01,-0.028344041079272693,-0.02831935568651007,2.4824575690117765,-0.11945974294948336,0.007508435178643249,2.2525305535929746e-05,2.160087226697305e-06,0.07252063485474018,1.5,0.0,0.7578439253215699,0.5498089241228719,0.19234715055555834,4.0558278036935386e-19
2014-02,0.023530575946591147,0.024311376596735136,2.540871225373598,-0.0987401235569253,0.26005076309766806,0.0007801522892930042,6.483608509834371e-07,0.050631515911664954,1.5,-0.11111111111111072,0.47408130519637237,0.8193311722532701,0.2065875225503574,6.330755303599266e-18
2014-03,-0.00828721495776412,-0.0073999490378891045,2.5198144793489297,-0.10620905788581692,0.2945359849409756,0.0008836079548229268,3.657965052090054e-06,0.07093620563782034,1.5,0.0,0.7696103254854207,0.5226657762328111,0.20772389828176824,0.0
2014-04,-0.011838257531940639,-0.011779341994970256,2.489984266609684,-0.11678998523828055,0.01930040646189969,5.7901219385699074e-05,1.0143175846829695e-06,0.06926082625046316,1.5,0.0,0.7941427808395611,0.505577289429735,0.20027992973070383,3.312510372100226e-18
2014-05,0.01068940797141168,0.010754641455035433,2.516600724277871,-0.10734899306605605,0.021418427161086634,6.42552814832599e-05,9.782021404933505e-07,0.06780355925616295,1.5,0.0,0.8139557247117529,0.48802168498366005,0.19802259030458702,0.0
2014-06,0.010469329708081104,0.010578702660229741,2.5429478470039317,-0.098003535360214,0.03547971441102274,0.00010643914323306822,2.933808915569991e-06,0.061882887360391776,1.5,0.0,0.7872917102364053,0.5183329214466467,0.19437536831694807,1.975122936079539e-19
2014-07,0.026862526523693028,0.026909549872747622,2.611257850992443,-0.0737736314045504,0.015393621441093179,4.6180864323279535e-05,8.424847313152906e-07,0.06040347342416431,1.5,0.0,0.7928025405182335,0.5054664261346029,0.20142791607553856,0.0003031172716249799
2014-08,-0.01671860297291621,-0.01664280425651458,2.56760126772179,-0.08925884232414372,0.02485196198219781,7.455588594659344e-05,1.2428304550319152e-06,0.05961359923567899,1.5,0.0,0.7797076457549277,0.5226271819032167,0.1976651723418557,0.0
2014-09,-0.011194922036092772,-0.010396636819388589,2.5388571717098714,-0.09945451857938581,0.26588421620525543,0.0007976526486157663,6.325680884175927e-07,0.04414424520504713,1.5,0.0,0.512185623531582,0.7936129635090579,0.19420141295935994,0.0
2014-10,-0.014300935090672779,-0.014269765065740693,2.5025491400927593,-0.11233316105538071,0.009812990508773125,2.9438971526319376e-05,1.7310534057680127e-06,0.04127181060335771,1.5,-0.15094339622641506,0.48610202264165975,0.8150114931466582,0.19875219897667334,0.0001342852350087391
2014-11,0.01583401155749836,0.016065089369908928,2.5421745321001956,-0.09827783406832358,0.0749177869604134,0.0002247533608812402,6.324451529329339e-06,0.0367215220360855,1.5,-0.35185185185185136,0.403167239615539,0.8902292826343414,0.2066034777501196,2.1540516848512385e-18
2014-12,-0.013525797279816417,-0.013345211995728816,2.5077895947290965,-0.11047434528743239,0.05807271721440185,0.00017421815164320555,6.367132444395241e-06,0.03909485846700713,1.5,-0.09090909090909113,0.4617476843952444,0.837793156788228,0.2004591588165277,2.1733297055187193e-18
2015-01,0.03965893976932135,0.039914777884462654,2.607245871220589,-0.07519670092392039,0.08253309164656963,0.0002475992749397089,8.238840201595931e-06,0.03580625974531287,1.5,-0.3749999999999998,0.3701994173724855,0.9115502191092262,0.21825036351828841,2.9413691884700383e-19
2015-02,-0.006934389174274061,-0.0065285054169305625,2.5891662136765263,-0.08160964690936634,0.1272842093645981,0.00038185262809379433,2.403112924970495e-05,0.04584074463871975,1.5,-0.03508771929824499,0.5010533910449134,0.818568739275157,0.18037786967992978,1.0774884693257417e-17
2015-03,0.013559420565253482,0.01397409819520524,2.624273807281111,-0.06915680586873896,0.13625771992637475,0.00040877315977912426,5.904470172635248e-06,0.040041560188303356,1.5,-0.482758620689655,0.37031988304809,0.944263931071952,0.1854161858799581,0.0
2015-04,0.006757969922701907,0.007188555848991316,2.642008570739651,-0.06286619556004824,0.1388201309295329,0.00041646039278859875,1.4125533500809972e-05,0.041741915899608975,1.5,-0.06779661016949157,0.5126994710941111,0.8344121455799709,0.15288838332591811,5.8620519053271235e-18
2015-05,-0.004261254500863507,-0.0042350497395748435,2.630750299826267,-0.06685956120212921,0.008597543805893561,2.5792631417680683e-05,4.1212987098260266e-07,0.03984883305138224,1.5,0.0,0.5409024678057839,0.8152712151162426,0.14382631707797355,3.901499929130222e-18
2015-06,-0.020843901441958024,-0.020549795202419778,2.5759151998582865,-0.0863098485399375,0.0955426841993108,0.00028662805259793245,7.4781869403132145e-06,0.03578888107457661,1.5,-0.34426229508196665,0.4310224712747966,0.9012445695984755,0.16773295912672795,1.891368487970501e-18
2015-07,-0.013173904778059603,-0.012895726567178372,2.5419803382989974,-0.0983467155919231,0.09062330471814306,0.0002718699141544292,6.308296726802693e-06,0.032518863912775135,1.5,-0.6721311475409835,0.32912752877253515,0.9903992694754603,0.1804732017520046,0.0
2015-08,-0.0005033536455819118,-0.0004899838366488674,2.540700823228717,-0.0988005660596809,0.004095176868484431,1.2285530605453293e-05,1.0842783275911428e-06,0.031534399238984885,1.5,-0.6721311475409835,0.3180279258253387,1.0064037415842226,0.17556833259043897,4.272460754525515e-18
2015-09,0.011023237803558676,0.011341667330173756,2.5687075725908644,-0.08886643039092423,0.1035506319800008,0.0003106518959400024,7.77763067507653e-06,0.03232803477305059,1.5,-0.34426229508196665,0.40478259594747823,0.9240753494067265,0.17114205464579516,1.4821443245082395e-19
2015-10,0.022442323883643294,0.022586223932203994,2.626355339897316,-0.06841847572049731,0.04593553741421434,0.00013780661224264303,6.0934363180570746e-06,0.03344754357574676,1.5,-0.0983606557377048,0.4569154508533139,0.8897350051091916,0.15334954403749457,0.0
2015-11,-0.021401232373125793,-0.02135448321397782,2.5701480989737737,-0.08835546839611363,0.015407565987202948,4.622269796160884e-05,5.26461186366789e-07,0.03738000452871161,1.5,0.0,0.49286338351540626,0.861647766063445,0.14548885042114884,8.72983978270427e-18
2015-12,0.0024676086853787655,0.002576147663614488,2.576490218745511,-0.08610588643194983,0.035017191052867214,0.00010505157315860164,3.487405077120448e-06,0.040562051466444364,1.5,0.0,0.5235790026084163,0.841063329947251,0.13535766744433297,2.915653582787728e-18
2016-01,0.0022174219374807964,0.0022315183704640596,2.5822033846782624,-0.08407939757598937,0.004627221417912165,1.3881664253736495e-05,2.1476872952680415e-07,0.03873881673605306,1.5,0.0,0.5204143314490571,0.8420450742143735,0.1375405943365695,0.0
2016-02,0.03831764703709428,0.03840038314701141,2.681147342550354,-0.048983475218303485,0.023676027863962352,7.102808359188706e-05,1.170802632524666e-05,0.036695396471038005,1.5,0.0,0.5006776472474612,0.8289033666036081,0.1704189861489308,4.073889663114283e-18
2016-03,-0.0013794634209890542,-0.0012856757885180668,2.677448797865024,-0.05029536772699594,0.028004596730782125,8.401379019234638e-05,9.773842278641032e-06,0.044009881540949716,1.5,0.0,0.5238413501419175,0.8099763819265142,0.16618226793156834,0.0
2016-04,0.04351418074817491,0.04566650663159083,2.7939557887993063,-0.008969748700889402,0.6300674073164623,0.001890202221949387,0.0002621236614665278,0.11622118677326926,1.2906424737567714,-0.180327868852459,0.12753552985561553,0.48874445137234457,0.6743624925288113,0.0
2016-05,-0.009889044280116121,-0.007728719605190235,2.766326236287183,-0.018770090738920886,0.6330313767095872,0.0018990941301287615,0.00026123054479712575,0.041984277806849844,1.5,0.0,0.5581561035855247,0.775287923398089,0.16655597301638633,0.0
2016-06,0.05144490351966778,0.05370291413127811,2.908639622616903,0.0,0.6640690181444823,0.0019922070544334466,0.0002658035571768862,0.12090726190588474,1.2406202707390834,-0.42622950819672123,0.06676382388196939,0.47883124385813003,0.6950252029989841,0.0
2016-07,0.01997595820203893,0.02224500290288252,2.9667424861430924,0.0,0.6676481699768247,0.002002944509930474,0.0002661001909131154,0.05497199386956437,1.5,0.0,0.8504746219764923,0.47794105033660716,0.17158432768690057,3.348151833906798e-18
2016-08,-0.022104927966709285,-0.020032328396935334,2.901162857191123,-0.022104927966709376,0.5980801136295376,0.0017942403408886128,0.00027835922888534183,0.10653428211881999,1.4079974728951734,0.0,0.24090141230683426,0.4473950220397863,0.7197010385485528,0.0
2016-09,0.01002194065597654,0.012081870378400398,2.930238139179216,-0.01230452158701989,0.5944298730215247,0.0017832896190645743,0.0002766401033592834,0.05203039205685459,1.5,0.0,0.8722717916267073,0.46599212347352503,0.16173608489976773,1.6104737321765797e-18
2016-10,-0.014623694799065128,-0.014616200499304483,2.8873872309432786,-0.026748278817747773,0.00217574557306029,6.52723671918087e-06,9.670630414628928e-07,0.04942548201751526,1.5,0.0,0.874063368810406,0.4651354816567306,0.16080114953286342,8.482242314102548e-18
2016-11,0.02242601779922033,0.024573896059682222,2.9521398283776543,-0.004922118395392694,0.6513954093920034,0.0019541862281760103,0.00019369203228588442,0.14542857482144714,1.0314341606122834,0.0,0.187260861366674,0.29090978282715546,0.1406898521735406,0.4125736642449134
2016-12,0.04335910268127347,0.04344691887012212,3.080141962325758,0.0,0.02845080097724287,8.535240293172861e-05,2.4637859169263086e-06,0.14204000739612996,1.0560404969683697,0.0,0.19629014114926743,0.29561392778734535,0.13891864099534498,0.4252177870364119
2017-01,-0.03164734761257714,-0.031598726461317055,2.9826636389479493,-0.03164734761257715,0.015008552762932378,4.5025658288797134e-05,3.5954929712931904e-06,0.13970421852684195,1.0736969977122048,0.0,0.20302044878153636,0.28902098968428347,0.14640645484762316,0.4352491043987619
2017-02,0.0036199072105873257,0.003708447873608707,2.9934606045613337,-0.02814200086380847,0.02444101574698951,7.332304724096853e-05,1.5217615780412697e-05,0.13749767381894337,1.0909275468726813,-0.016393442622950616,0.21054881537744863,0.28954268776167585,0.14978384256640587,0.4410522011671509
2017-03,-0.037743257665979725,-0.03766671401618285,2.8804776496504156,-0.06482308773994938,0.021270785927507307,6.381235778252193e-05,1.273129201434875e-05,0.1332470178962819,1.1257287582732878,0.0,0.22499766134463428,0.285297873190827,0.1547110283275739,0.46072219541025267
2017-04,0.00015175242357409874,0.0002525486191977084,2.8809147691148014,-0.0646811723770433,0.029224143378791506,8.767243013637453e-05,1.3123765487235151e-05,0.13203622358274827,1.136051879778231,0.0,0.2345712820422489,0.2832453745818989,0.15319296736704252,0.46504225578704084
2017-05,-0.003837196737025109,-0.0036995301606989003,2.8698601323631068,-0.06827017473047614,0.037530264029572186,0.00011259079208871656,2.5075784237492017e-05,0.12381106884343557,1.2115233427932155,0.0,0.25256212079792895,0.29655245319113804,0.16687734911280216,0.49553141969134634
2017-06,-0.0067920144793400415,-0.006683627739275598,2.8503680007904157,-0.0745984971945397,0.029050118072339717,8.715035421701915e-05,2.123638584742399e-05,0.11800764711701665,1.271104065410775,0.0,0.2765866391636993,0.305618546002247,0.16945659592546072,0.519442284319368
2017-07,0.02384495771552715,0.02395297165086467,2.9183349052429546,-0.05253233749025832,0.029640563193700967,8.89216895811029e-05,1.9092245756416715e-05,0.11251945137663942,1.33310283835193,0.0,0.2973791689720884,0.3178780508242269,0.17341082189775886,0.544434796657856
2017-08,-0.02689261921160809,-0.026717108511336348,2.8398532359043114,-0.07801222455344525,0.05079017198600566,0.00015237051595801699,2.314018431372672e-05,0.10504525295631158,1.4279560073255775,0.0,0.3180984022856393,0.3392241063296046,0.18782638127044674,0.5828071174398868
2017-09,0.05427898351057401,0.05434514137462667,2.9939975828684116,-0.027967665293030963,0.01708251510977593,5.1247545329327796e-05,1.491031872333487e-05,0.10218337133992762,1.4679492175004043,0.0,0.32044505283878794,0.34723380710281765,0.20211035465926555,0.5981600028995333
2017-10,0.040317612410665817,0.04039420912158029,3.1147084169729706,0.0,0.020191867878633724,6.0575603635901174e-05,1.602110727857198e-05,0.10578071580400537,1.418027840517981,0.0,0.31898417790598416,0.3309797172176846,0.1895717583799957,0.5784921870143164
2017-11,0.0009869828554972021,0.001050121846900094,3.1177825807803954,0.0,0.02026551193506683,6.079653580520049e-05,2.3424555976915285e-06,0.10453167208000518,1.4349717842951448,0.0,0.3347227347067531,0.3290551733848663,0.18666664694532317,0.5845272292582023
2017-12,0.012727614364447084,0.012834769239668503,3.1574645151407585,0.0,0.03203100963396717,9.60930289019015e-05,1.1061846319516788e-05,0.09760071499651936,1.5,0.0,0.3458011804818918,0.35084568866718785,0.19223164559030098,0.6111214852606194
2018-01,0.06384339248245872,0.06385895660562069,3.359047761430326,0.0,0.004859952183320457,1.4579856549961371e-05,9.842666120061794e-07,0.09131004873604208,1.5,0.0,0.3481680967169927,0.34965253081307274,0.19220462087628787,0.6099747515936467
2018-02,-0.060829611405988714,-0.060737994131440196,3.154718191408363,-0.06082961140598875,0.029575178956774306,8.872553687032293e-05,2.8917376781927295e-06,0.09166919368117116,1.5,0.0,0.3530616200025646,0.34418965810205226,0.19453168016748007,0.608217041727903
2018-03,0.025208623179300185,0.027386671688934515,3.23424429353246,-0.03715441897876526,0.6198656065132441,0.0018595968195397323,0.0003184516900945983,0.07782695136342418,1.5,0.0,0.919959474597725,0.39545475931848606,0.18458576608378893,0.0
2018-04,0.037445529613433934,0.03956054609685804,3.3553522840030094,-0.0011001562614706417,0.6047509423114034,0.00181425282693421,0.00030076365648989023,0.09513022899811809,1.5,-0.016393442622950616,0.32288946094380516,0.3964136620314479,0.1839956931749858,0.5967011838497613
2018-05,-0.012890936693237268,-0.010987704956166444,3.312098650126418,-0.013976910909988538,0.6337221942830265,0.0019011665828490795,2.0651542217460793e-06,0.04969910466804346,1.5,0.0,0.3018914895584884,0.4092289218434369,0.7888795885980747,0.0
2018-06,0.08078294451439999,0.08259887549276114,3.579659731605799,0.0,0.6044320280661616,0.0018132960841984848,2.634894162662771e-06,0.08601214809388723,1.5,0.0,0.29498206920914316,0.41339381506746253,0.19079705920557258,0.6008270565178218
2018-07,-0.037876842516976435,-0.03716642234154213,3.444073523687404,-0.03787684251697643,0.22448487022207508,0.0006734546106662252,3.696556476807733e-05,0.07603940026352596,1.5,-0.5901639344262296,0.2215388943109865,0.5363852392608315,0.26649981850878535,0.4755760479193968
2018-08,0.027671037415877932,0.02786346265762539,3.539374611024393,-0.011253896627581028,0.05659464164625211,0.00016978392493875632,2.2641316808700407e-05,0.08082741758997371,1.5,-0.42622950819672123,0.22248610796000187,0.4989710743407867,0.26944166036096706,0.5091011573382442
2018-09,-0.009434932674323885,-0.007552065678618384,3.5059808498601663,-0.020582649544899967,0.6115193455367542,0.0018345580366102628,4.830895909523808e-05,0.041586076757787555,1.5,-0.26229508196721285,0.17640078144051013,0.44844742933305876,0.8734074472014323,0.0017443420249988709
2018-10,0.023252367323064745,0.023523361440834736,3.5875032044087454,0.0,0.08160609895668952,0.00024481829687006857,2.617582089992554e-05,0.03975212639292016,1.5,0.0,0.256061399525034,0.4206789269583945,0.8195065680255453,0.0037531054910262497
2018-11,-0.014321543389470146,-0.013684984663257954,3.5361246216069424,-0.014321543389470115,0.19816006403189032,0.000594480192095671,4.207853411652091e-05,0.059767220511511704,1.5,-0.7540983606557372,0.030000000000000006,0.5299215571562932,0.9400784428437068,0.0
2018-12,0.02474786711958804,0.02532242464602394,3.6236361638607746,0.0,0.17503707145365954,0.0005251112143609786,4.944631207491795e-05,0.03963328294836911,1.5,0.0,0.19486369604628795,0.4686393129642741,0.8289229473582149,0.007574043631223165
2019-01,0.037808903580910616,0.037844111785922376,3.7606418741924874,0.0,0.011531915612265606,3.459574683679682e-05,6.124581749628599e-07,0.04367556931114399,1.5,0.0,0.1877235074002644,0.4684832427537605,0.8437932498459753,1.9077336777662542e-19
2019-02,-0.005254285304099357,-0.0030464852019402456,3.740882388858937,-0.0052542853040993265,0.6319896646344978,0.0018959689939034934,0.0003118311082556177,0.060314464038113316,1.5,0.0,0.5577882026918046,0.7308218631610982,0.21138993414709722,0.0
2019-03,-0.007268707266537992,-0.007109034545771116,3.7136910098557743,-0.012484800708866928,0.04785355558310171,0.00014356066674930514,1.6112054017570806e-05,0.05609428156102053,1.5,0.0,0.5399731014562211,0.7802193836464952,0.1798075148972837,5.854691731421724e-18
2019-04,0.013174188618134009,0.01320971201073591,3.762615875689083,0.0,0.011002942030199608,3.3008826090598826e-05,2.5145665113029682e-06,0.053876647427557156,1.5,0.0,0.539290471580782,0.7842349057787307,0.1764746226404871,5.808951952269992e-18
2019-05,-0.02433314319290068,-0.024297954021698428,3.671059604806059,-0.024333143192900697,0.011662259464115813,3.498677839234744e-05,2.023928099053052e-07,0.05142871341687074,1.5,0.0,0.5332868327193484,0.7900598609634447,0.176653306317207,0.0
2019-06,0.04159142306212266,0.04165589800089169,3.8237441979158167,0.0,0.02058294976466349,6.174884929399046e-05,2.7260894750459618e-06,0.05025031148177184,1.5,0.0,0.520233756604068,0.7956611670840464,0.18410507631188552,2.448104236233788e-18
2019-07,-0.011667999636946787,-0.011618350644866977,3.7791287520027574,-0.011667999636946758,0.015952490533716657,4.785747160114997e-05,1.791520478659256e-06,0.056549879762736836,1.5,0.0,0.5251365491533823,0.7889885891364585,0.18587486171015932,7.883052431416367e-18
2019-08,0.013134566056322256,0.013182837514734806,3.8287659682312842,0.0,0.015421513462706496,4.626454038811949e-05,2.0069180244317725e-06,0.05386433729426896,1.5,0.0,0.5151797730376713,0.7945145584921106,0.190305668470218,7.494779830775586e-18
2019-09,0.010667651800310724,0.010758730330448009,3.8696099104052557,0.0,0.026371728874051318,7.911518662215396e-05,1.196334351513037e-05,0.05127613582584449,1.5,0.0,0.5075995818674,0.8061241765912555,0.18627624154134462,3.2007262569733102e-18
2019-10,-0.003266183105804249,-0.003172456203977955,3.8569710558898374,-0.003266183105804288,0.029171895614972135,8.751568684491641e-05,6.2112149813778326e-06,0.05044270278482385,1.5,0.0,0.5174224743600215,0.8216037943427045,0.16097373129727394,1.2869268401397401e-17
2019-11,0.005009896755735653,0.005022368160891884,3.8762940826697063,0.0,0.004128071157007562,1.2384213471022685e-05,8.719168520890385e-08,0.04866629096278146,1.5,0.0,0.5196522204517031,0.8182827783859886,0.16206500116230835,2.3685104472915476e-18
2019-12,0.03626604136705863,0.03626986624505656,4.0168719242226905,0.0,0.0012192111317795584,3.657633395338675e-06,1.6724460258923934e-07,0.04646894707049363,1.5,0.0,0.520572880866776,0.821660801372806,0.15776631776041797,4.448268620435785e-18
2020-01,-0.006611299493123254,-0.006559760981144079,3.990315180906136,-0.006611299493123224,0.016540353210443243,4.962105963132973e-05,1.917452347845253e-06,0.05075372655516108,1.5,0.0,0.528554328333342,0.8118279762789347,0.15961769538772327,0.0
2020-02,-0.011739836662679755,-0.011624992341313211,3.943469532449687,-0.018273520579625613,0.03691383589773432,0.00011074150769320298,4.102813673340408e-06,0.050074889498679845,1.5,0.0,0.5365533863195349,0.7833237114415432,0.18012290223892208,2.927345865710862e-18
2020-03,-0.11046853885116291,-0.10943765238493025,3.507840215195891,-0.12672341031269063,0.3368850163081727,0.0010106550489245181,2.023141730814859e-05,0.07842424636582288,1.5,0.0,0.8124071209746635,0.46244102644486573,0.22515185258047066,1.2166781254360769e-18
2020-04,0.05732852392502586,0.05807438872959015,3.7089395168979165,-0.07665975244763679,0.24535541546131223,0.0007360662463839368,9.798558180354397e-06,0.07246836974680965,1.5,0.0,0.539497290490883,0.7268670321687726,0.23363567734034438,3.2566722756033337e-18
2020-05,0.044847451544545384,0.04505945349247951,3.875276002163645,-0.03525029543640368,0.07009027246471845,0.00021027081739415538,1.7311305399669436e-06,0.07520286786559219,1.5,0.0,0.4961955512202759,0.7725688790809654,0.23123556969875858,1.0245710529988017e-17
2020-06,0.02519658979990836,0.025341147214228133,3.972919741951592,-0.010941892870931835,0.04680797226072858,0.00014042391678218574,4.133497537586794e-06,0.07432474180850583,1.5,0.0,0.47475938993927136,0.802058500296058,0.22318210976467073,9.367506770274757e-18
2020-07,0.05379153382913931,0.053838567108550645,4.186629188651236,0.0,0.01500086687468429,4.5002600624052874e-05,2.030678787285675e-06,0.07265258742976158,1.5,0.0,0.4800587002957315,0.7985146263830274,0.22142667332124122,0.0
2020-08,0.005159218254473574,0.0051970274879303705,4.208228922386037,0.0,0.011995392108557879,3.598617632567364e-05,1.8230571311226296e-06,0.07651151552824856,1.5,0.0,0.48205825452338924,0.782512047350455,0.23542969812615575,5.385096665463941e-17
2020-09,-0.005246119099086469,-0.005223505889787874,4.18615205226298,-0.005246119099086455,0.00743169642053312,2.2295089261599362e-05,3.181200369948012e-07,0.07400838773019079,1.5,0.0,0.48655022836023776,0.7774049360740212,0.236044835565741,6.731924637908867e-18
2020-10,-0.025186805160400224,-0.025120720684991153,4.080716256150823,-0.030300791279889605,0.02143722741222729,6.431168223668188e-05,1.772793172390222e-06,0.07395830297455003,1.5,0.0,0.50906871155797,0.765052154686958,0.22587913375507213,1.9905951886833858e-17
2020-11,0.0603595029113288,0.06038232511057646,4.327026260894265,0.0,0.007281532459880921,2.1844597379642765e-05,9.776018680161952e-07,0.07370580756039063,1.5,0.0,0.5081324496673509,0.7693256716956595,0.22254187863698954,1.3114007930338185e-17
2020-12,0.07946601883053052,0.0795419732446981,4.670877811222689,0.0,0.023447970893445375,7.034391268033613e-05,5.610501487249522e-06,0.08332558564098361,1.5,0.0,0.5436074270633601,0.7491882805708256,0.20720429236581428,1.895878034582727e-17
2021-01,0.01909836736947938,0.01973976460510597,4.76008395159937,0.0,0.2090542553088564,0.0006271627659265692,1.4234469700021707e-05,0.13397781701063938,1.11958832698467,0.0,0.6076618285086733,0.33906673974684803,0.1728597587291488,4.479143755738844e-18
2021-02,-0.00207046225988626,-0.0012980501701604572,4.750228377423693,-0.0020704622598862743,0.23140435845888724,0.0006942130753766618,7.81990143491409e-05,0.09564122186959512,1.5,-0.8360655737704914,0.5776868267184848,0.5979608381751126,0.3243523351064027,0.0
2021-03,-0.00031668161516765035,0.0017753876108322383,4.748724067428715,-0.0023864881977213592,0.6969463132630237,0.002090838939789071,1.2302862108176382e-06,0.27676236864636633,0.5419811975654204,0.0,0.08679186763944345,0.1535169776104848,0.084879873289324,0.21679247902616816
2021-04,0.015195366267840767,0.015798304623225394,4.820882668938205,0.0,0.17468462541671548,0.0005240538762501465,7.888447913448052e-05,0.1684134148317082,0.8906653911738068,-0.9999999999999998,0.09624817605553425,0.3343566153678657,0.23577347622194458,0.2242871235284623
2021-05,0.028648082450209056,0.02873464209577996,4.9589917131207315,0.0,0.028514816456579467,8.554444936973841e-05,1.0151962011660243e-06,0.17305945441874085,0.8667541481845575,-0.9180327868852456,0.10885857118511771,0.29157922492476135,0.2338066922136181,0.23250965986106034
2021-06,0.022600889521214244,0.022685212353953394,5.07106933696559,0.0,0.026513542037412102,7.95406261122363e-05,4.782206626910951e-06,0.1806478450042103,0.8303448070277506,-0.7540983606557372,0.1112266548442673,0.24884196524554358,0.22817941304774836,0.24209677389019138
2021-07,0.004226640720186101,0.004585009709607145,5.092502925120096,0.0,0.10280688539425475,0.00030842065618276427,4.994833323827958e-05,0.2356939761029506,0.6364184714440064,-0.016393442622950616,0.11593075914526643,0.14255611746344196,0.12484641367191213,0.2530851811633859
2021-08,-0.013891600323645278,-0.013429901472003498,5.021759909837333,-0.013891600323645226,0.13266726446584598,0.0003980017933975379,6.369705824424288e-05,0.1662551707182206,0.9022275779574347,-0.7540983606557372,0.12169446961751242,0.27212563599972467,0.24494460966826476,0.2634628626719329
2021-09,0.028286814998537264,0.028722168094439903,5.163809503373973,0.0,0.12968943449980191,0.00038906830349940574,4.6284792403233964e-05,0.22013792205581373,0.6813910052352045,0.0,0.1192038129989098,0.15109627259982442,0.1381687897169965,0.27292212991947373
2021-10,0.023957524120985625,0.024039698093063003,5.287521594107231,0.0,0.026365974500660555,7.909792350198167e-05,3.0760485753977273e-06,0.21257306526157238,0.7056397282290874,0.0,0.12068601779914795,0.15723137391109968,0.1446968429374082,0.28302549358143153
2021-11,-0.04352355019324577,-0.04328156315869968,5.057389882608234,-0.04352355019324572,0.07117571740047064,0.00021352715220141193,2.8459882344681e-05,0.17827898053558572,0.8413779322125917,-0.34426229508196665,0.12662398392197538,0.21322844050552153,0.20605011375065554,0.29547539403443934
2021-12,0.041716119365508744,0.04224483423834387,5.268364562629035,-0.003623064442809243,0.14985556762202223,0.0004495667028660667,7.914816996905577e-05,0.13282753309819673,1.1292839406202628,-0.9999999999999998,0.12488324664727407,0.36618265183608995,0.35160016465004595,0.28661787748685286
2022-01,0.03814610225706717,0.038844535033356005,5.469332135962592,0.0,0.1998319316748873,0.0005994957950246619,9.893698126417311e-05,0.20695765212877446,0.7247859572095748,0.0,0.12309179865309797,0.15311891474173236,0.15782657641769726,0.2907486673970472
2022-02,0.056436896315028705,0.057062928057288624,5.778004266632368,0.0,0.18365470797834524,0.0005509641239350358,7.506761832488235e-05,0.14262957658316996,1.0516752807755283,-0.8360655737704914,0.12294600872796335,0.29897669205648375,0.32893534385772855,0.30081723613335276
2022-03,0.01688188369717288,0.01710839224043552,5.875547862663424,0.0,0.06941135904439216,0.00020823407713317649,1.827446612946493e-05,0.13142202416841536,1.1413612060013414,-0.9999999999999998,0.12048865287047329,0.33274430032329105,0.3891779570585528,0.2989502957490244
2022-04,0.017550086975697272,0.017974919423298673,5.97866423868304,0.0,0.11772817222362891,0.0003531845166708867,7.164793093051292e-05,0.10909925910444292,1.374894763092772,-0.9999999999999998,0.14667490401363134,0.3868409618417088,0.4707622863096394,0.37061661092779247
2022-05,0.04546425586524554,0.045747039629873726,6.2504797593629196,0.0,0.09150397076210622,0.00027451191228631866,8.271852341866116e-06,0.11436887812522191,1.3115456097747653,-0.5901639344262296,0.15653101788415089,0.3178852746771772,0.402236187785056,0.43489312942838126
2022-06,-0.028862244288439278,-0.028329879450826535,6.070076885628241,-0.02886224428843942,0.16379607826710182,0.0004913882348013055,4.097660281143645e-05,0.08470633925438115,1.5,-0.9999999999999998,0.15098165967756785,0.4213114640888548,0.5204508565951327,0.40725601963844466
2022-07,-0.02148040453321416,-0.021069812987550462,5.939689178577233,-0.049722676138601485,0.12163613958710662,0.00036490841876131983,4.56831269023753e-05,0.08194005632099456,1.5,-0.9180327868852456,0.09850755148570668,0.5422194536765457,0.46656316920072166,0.39270982563702606
2022-08,-0.02650662531480769,-0.024758799049978474,5.7822480630342685,-0.07491132110735377,0.5533003177394437,0.001659900953218331,8.79253116108854e-05,0.06469293537290662,1.5,0.0,0.14679057067223533,0.33201146318207414,0.9807566679891088,0.04044129815658172
2022-09,0.03204647888565909,0.03232145225215203,5.9675487534979395,-0.04526548629185834,0.08107445825718217,0.0002432233747715465,3.174999172139115e-05,0.062089084825040004,1.5,0.0,0.12349691288065826,0.4050614626844478,0.9445854565984545,0.026856167836439314
2022-10,-0.021928085663451023,-0.021627891893887526,5.836691833230416,-0.06620098649430373,0.09648165998611054,0.00028944497995833163,1.0748789605163678e-05,0.0674489007113853,1.5,-0.34426229508196665,0.041783825545971834,0.44599334728766626,1.0090654688422802,0.0031573583240817544
2022-11,-0.007100705821371758,-0.00680092192631979,5.795247201552644,-0.0728316185854948,0.09125310787249775,0.00027375932361749326,2.6024571434474843e-05,0.05934436570216139,1.5,0.0,0.11148784582004903,0.4268268336369802,0.9398273457513575,0.021857974791613156
2022-12,0.004778938899797569,0.004863041046984018,5.822942333838087,-0.0684007375408906,0.024860842222053644,7.458252666616093e-05,9.519620520287153e-06,0.05655806294858651,1.5,0.0,0.1058734536350685,0.43036784999879774,0.9478532516426034,0.015905444723530216
2023-01,0.037563518681378166,0.03764973314947958,6.041672536975802,-0.03340659124194978,0.025049316635491228,7.514794990647369e-05,1.1066518194945086e-05,0.05217360637121476,1.5,0.0,0.09354602105314014,0.4559561202755362,0.9382532828030068,0.012244575868316787
2023-02,0.009412225000711977,0.009576168848442652,6.0985381182744405,-0.024308796594513793,0.04661481653236989,0.00013984444959710968,2.4099398133565654e-05,0.05693078045168558,1.5,0.0,0.10533851643997222,0.41456399082602635,0.9677179506106659,0.012379542123335325
2023-03,0.07074338913337724,0.07078404386667328,6.529969373520264,0.0,0.012002080522544808,3.600624156763443e-05,4.6484917284085326e-06,0.05216582535225486,1.5,0.0,0.11087549376942901,0.40787087653010934,0.9673502600908317,0.013903369609629807
2023-04,0.016706714426511855,0.018819475885223723,6.639063707057535,0.0,0.6071871533395461,0.0018215614600186384,0.00029119999869323257,0.08221843125803494,1.5,0.0,0.4690785542512063,0.6402379903747644,0.368299289413697,0.022384165960332235
2023-05,-0.0020471435738669062,-0.001963455549799578,6.625472590453139,-0.0020471435738669275,0.024455813221684754,7.336743966505426e-05,1.0320584402273708e-05,0.07971704526521614,1.5,0.0,0.469226271916147,0.6553640936472532,0.3541961530102976,0.021213481426302118
2023-06,-0.01660723016928439,-0.01654348029183776,6.5154418421632,-0.018620376358630453,0.020045000601676327,6.0135001805028985e-05,3.614875641598847e-06,0.0776855858722443,1.5,0.0,0.4758696229153617,0.6674603427846982,0.3472215793276652,0.009448454972274957
2023-07,0.00876217449760743,0.008850052252012564,6.572531280513246,-0.010021356847888518,0.02438826622966197,7.316479868898591e-05,1.4712955716149113e-05,0.07793946593524981,1.5,0.0,0.49384414529040643,0.682252875654769,0.32077602034297503,0.003126958711849562
2023-08,-0.0028733346453845374,-0.002806669511974316,6.5536461986770735,-0.012865896781448338,0.020820348309148758,6.246104492744627e-05,4.204088482775037e-06,0.07504595068617056,1.5,0.0,0.49713995748218787,0.6950361345011784,0.29849325975459834,0.009330648262035553
2023-09,-0.032025473836762866,-0.031990208453545235,6.34376257380594,-0.044479334177450425,0.010745977313946518,3.223793194183955e-05,3.0274512757887674e-06,0.07123328758606899,1.5,0.0,0.49181685414080323,0.6939074715708822,0.30215475784164075,0.01212091644667385
2023-10,-0.005790420134291298,-0.005760109667660722,6.307029523271411,-0.05001220027956066,0.009519654906742513,2.855896472022754e-05,1.7515019103482576e-06,0.07121479441685796,1.5,0.0,0.4899571757601413,0.6999466393547775,0.2960332954554005,0.01406288942968078
2023-11,0.056698342230346754,0.056778785688733194,6.664627641638754,0.0,0.0256789836422922,7.70369509268766e-05,3.406507459567554e-06,0.06696053358199346,1.5,0.0,0.482402265294967,0.6898190308378956,0.3037812606467233,0.02399744322041411
2023-12,0.05097139966594452,0.05102474596013572,7.004333040785424,0.0,0.015939517768599122,4.781855330579737e-05,5.52774088539712e-06,0.07673174640486137,1.5,0.0,0.49647568877933534,0.6888660980948867,0.29351323935180795,0.021144973773969837
2024-01,-0.02721322077658957,-0.02716306369393994,6.813722579353769,-0.02721322077658961,0.016396631221324714,4.918989366397414e-05,9.671889856554538e-07,0.08150730413060676,1.5,0.0,0.5077831913150671,0.6886934407633762,0.28944533031830705,0.014078037603249452
2024-02,0.05116594045123463,0.05202066414829974,7.162353103100216,0.0,0.28160609946661375,0.0008448182983998413,9.905398665264853e-06,0.10440078074512998,1.4367708644458301,0.0,0.7336600353692979,0.4030687404605049,0.28424386506227123,0.01579822355375608
2024-03,0.06666022103082443,0.06743558012823568,7.639797144053688,0.0,0.2541064113486192,0.0007623192340458577,1.303986336538221e-05,0.08169242686546865,1.5,0.0,0.5349546950850151,0.6520245432516862,0.29353076861487637,0.01948999304842222
2024-04,-0.017623169625565867,-0.016917848469296087,7.505159703079116,-0.01762316962556587,0.2300294135821816,0.0006900882407465448,1.5232915523233831e-05,0.11169033883872066,1.342998880293469,0.0,0.6967101661130195,0.3534118238603871,0.2756035340337615,0.017273356286300875
2024-05,0.0015330883952527974,0.0016632403596166466,7.516665776324426,-0.016117099107153532,0.04044932763044058,0.00012134798289132175,8.80398147252759e-06,0.11176027119106166,1.342158518419886,0.0,0.7173120687076038,0.3301160594993658,0.2778264574528616,0.01690393276005491
2024-06,0.04775841813683067,0.04783639573829015,7.875649843464933,0.0,0.024180333379878825,7.254100013963648e-05,5.436601319843331e-06,0.10783071572708446,1.3910693162757486,0.0,0.7497175594230664,0.3338538269369899,0.2893267766722699,0.018171153243422365
2024-07,0.02043251443950566,0.020568583952279926,8.03656917261202,0.0,0.041231478693029296,0.0001236944360790879,1.2375076695180149e-05,0.1029582812749408,1.456900777116107,0.0,0.7946619672640169,0.34379760572130047,0.2955276718587746,0.02291353227201526
2024-08,-0.05138619604608722,-0.05130553785011266,7.623600453570239,-0.051386196046087185,0.02547983626294592,7.643950878883777e-05,4.218687185723519e-06,0.09835695718424403,1.5,0.0,0.8165312996474092,0.3511568790882631,0.3107914545242382,0.02152036674008951
2024-09,-0.031333327758206124,-0.031184515484228535,7.384727681860914,-0.08110942328133375,0.045295141995423165,0.00013588542598626948,1.292684799132246e-05,0.10429883773490778,1.438175182558113,0.0,0.7755562036725966,0.34243198853746604,0.30092461278627336,0.01926237756177715
2024-10,0.020751367397682328,0.020826844103467232,7.537970879119045,-0.06204118732557651,0.02356836416436591,7.070509249309773e-05,4.771613291807697e-06,0.10181154170068078,1.473310368297831,0.0,0.7866703246234571,0.35229264464680854,0.3164085331793711,0.017938865848194253
2024-11,-0.02138189892464847,-0.021281237031743696,7.3767947476847775,-0.08209652785366439,0.03124826921104669,9.374480763314007e-05,6.917085271631846e-06,0.09692103644635192,1.5,0.0,0.7937170282946258,0.36506694954782437,0.3233114700340948,0.01790455212345516
2024-12,-0.00522351027451572,-0.004468685013654625,7.338261984527253,-0.08689120607143441,0.24976217269336742,0.0007492865180801023,5.538742780992645e-06,0.07192228471600587,1.5,0.0,0.5453966456157993,0.6237241225585654,0.3165949946603333,0.01428423716530213
2025-01,0.03513576422432737,0.03520875606428962,7.596097427431946,-0.05480843077680042,0.02307282789753286,6.921848369259859e-05,3.7733562696561365e-06,0.06585098864711507,1.5,0.0,0.5132542202094116,0.6437233668053329,0.3274849517967089,0.015537461188546414
2025-02,0.02508055774325874,0.02523390664491625,7.7866117875840715,-0.03110249904645679,0.05066222984116868,0.00015198668952350603,1.3622121340025606e-06,0.06038815516020806,1.5,0.0,0.4669349520017504,0.6825560856464481,0.3350403542664494,0.015468608085352258
2025-03,0.03851554136988934,0.03853331371421572,8.086517356020035,0.0,0.0053549162587155814,1.6064748776146746e-05,1.7075955502325047e-06,0.05838409298449415,1.5,0.0,0.46811526035453566,0.6797675682763301,0.3367972312933078,0.015319940075826509
2025-04,0.0056741948439314824,0.005740668215661947,8.132401831106925,0.0,0.020240350773217133,6.07210523196514e-05,5.752319410811973e-06,0.05911811438610528,1.5,0.0,0.4800243699597015,0.6602017848136561,0.3442033439524775,0.015570501274164879
2025-05,0.02898517353331986,0.028989766894763822,8.368120909424247,0.0,0.0014508343710430659,4.352503113129198e-06,2.408583308335932e-07,0.0568983875266293,1.5,0.0,0.481613894480623,0.6644275934780535,0.34202853903506036,0.011929973006263306
2025-06,0.0681164476574031,0.06816780465008633,8.938127579341863,0.0,0.016118443881219118,4.8355331643657354e-05,3.0016610395774412e-06,0.05570779914581554,1.5,0.0,0.48757427285458077,0.6585916745435005,0.3404764747767399,0.013357577825178778
2025-07,0.028638027310835756,0.02874326954802644,9.19409792106679,0.0,0.033959313017608884,0.00010187793905282666,3.3642981378561864e-06,0.06691122043562792,1.5,0.0,0.5175304386459194,0.6525377270135484,0.32284952896765445,0.007082305372877567
2025-08,0.0026550189491454435,0.0033771307398496415,9.21850842526752,0.0,0.24039535476655335,0.0007211860642996601,9.257264045378633e-07,0.09523005896611701,1.5,0.0,0.7667130041145072,0.39985183534788643,0.3247863948950728,0.008648765642533559
2025-09,0.09633411124656101,0.09704867522597788,10.106565241434602,0.0,0.2373716512143312,0.0007121149536429937,2.4490257738757905e-06,0.0627020127803771,1.5,0.0,0.5232118349316716,0.6366048296594278,0.33305920464876626,0.007124130760134449
2025-10,0.16699371951637376,0.1676628895851882,11.794298162636665,0.0,0.21830298465910394,0.0006549089539773118,1.4261114837114203e-05,0.1116098974740629,1.3439668290606448,0.0,0.6946756322765232,0.3320485544415326,0.3129845164423507,0.004258125900238507
2025-11,-0.0012480742936760443,-0.00024823075976070086,11.779578002287927,-0.0012480742936760159,0.32507961973371735,0.0009752388592011521,2.4604674714191283e-05,0.09603220657570748,1.5,0.0,0.5036663630819079,0.6610357591906039,0.3258884945223819,0.00940938320510656
2025-12,-0.010750285725412935,-0.008657238654649275,11.652944173038543,-0.011984942863825343,0.6215792979360801,0.0018647378938082405,0.00022830917695541896,0.11670700914585923,1.2852698488102932,0.0,0.13138734869652988,0.3334164157127493,0.2977270364424205,0.5227390479585936
2026-01,0.11138922185002517,0.11153773041002954,12.950956556735091,0.0,0.04644106210221821,0.00013932318630665463,9.185373697703114e-06,0.11884297334674201,1.262169699863977,0.0,0.13722463988545933,0.29905271700632985,0.2893576913017189,0.5365346516704691
2026-02,0.1271542507640436,0.12745069365118283,14.597725734384419,0.0,0.08643166330591348,0.00025929498991774047,3.714789722149237e-05,0.13140014581969614,1.141551244591662,0.0,0.0938624409548147,0.3051923329730446,0.25639120104011454,0.48610526962368816
2026-03,0.18395403738970922,0.18432617400415852,17.28303631993209,0.0,0.10454222674242936,0.0003136266802272881,5.850993422202111e-05,0.1486339808809083,1.0091904900278907,0.0,0.055335740129770994,0.31909275340986076,0.20668907372727624,0.42807292276098285
2026-04,0.04010645360126194,0.040778371076078686,17.976197614186372,0.0,0.1775717347881824,0.0005327152043645472,0.000139202270452196,0.22983502727045554,0.6526420353825761,0.0,0.03360374241877518,0.1972787427352982,0.12682159568474638,0.2949379545437564
2026-05,-0.0043026682582529095,-0.0036126782501895906,17.89885199930773,-0.004302668258252873,0.20227661385225873,0.0006068298415567762,8.316016650654279e-05,0.1402246103186043,1.0697123683152696,-0.8360655737704914,0.04484210869013885,0.4234042340008791,0.2815477978148606,0.3199182278093911
2026-06,-0.09264089674031568,-0.09238998071373909,16.24068629946967,-0.09654496195274798,0.07177180232210104,0.0002153154069663031,3.560061961028871e-05,0.12553910264771428,1.1948468392428093,-0.9999999999999998,0.04981166681042552,0.482679787238236,0.33863891095646387,0.32371647423768407
2026-07,-0.002463442659438707,-0.001666407103921067,16.200678300020993,-0.09877057163435843,0.23276829958382414,0.0006983048987514724,9.873065676616746e-05,0.20004068943030198,0.7498474456731108,-0.5081967213114751,0.033258171560282,0.28424001571098234,0.16919446555360523,0.2631547928482413
