month,base_KODEX200,base_BOND,base_GLD,base_USO,p_inflation_high,proxy_mom1,proxy_mom6,proxy_vol6,daily_mom21,daily_mom252,daily_vol21,daily_downvol21,daily_mean_corr63
2007-04,0.6,0.4,0.0,0.0,0.25622719607327893,0.022482430203726977,0.04180052763015252,0.06921210371550336,0.0019827167360526587,0.04727937373136282,0.009603852225671472,0.0061741833671250905,0.1778587673492672
2007-05,1.0,0.0,0.0,0.0,0.3051283334811915,0.06227067269343256,0.12376237623762387,0.1342335142744199,0.0,0.043515072896291196,0.0,0.0,0.18950160894300513
2007-06,1.0,0.0,0.0,0.0,0.40032032970904374,0.09135963155786953,0.1776685393258426,0.16756684808064268,0.0,0.043515072896291196,0.0,0.0,0.5916507824538385
2007-07,1.0,0.0,0.0,0.0,0.35927163065575696,0.013164533736984563,0.18739920438662505,0.16513883477273306,0.0,0.043515072896291196,0.0,0.0,0.6185535459218676
2007-08,1.0,0.0,0.0,0.0,0.3766742730903011,0.09846975733429919,0.37164339419978565,0.12174892391182791,0.0,0.043515072896291196,0.0,0.0,0.4654267304655945
2007-09,1.0,0.0,0.0,0.0,0.33958969420072427,-0.016444792482380732,0.31214603837906196,0.1563810134017887,0.0,0.043515072896291196,0.0,0.0,0.3469921125703184
2007-10,0.6,0.4,0.0,0.0,0.18881364430421615,0.0230410865296371,0.18591846458755246,0.09707191310124413,0.0005272870324746215,0.03667507371787049,0.004239345757325811,0.0026912658934164606,0.3106787090154455
2007-11,1.0,0.0,0.0,0.0,0.45926952975461705,0.06329830234438161,0.31688025630756944,0.15611606680728596,0.0,0.043515072896291196,0.0,0.0,0.5425934751095686
2007-12,0.0,0.0,0.0,1.0,0.8647507097922191,-0.026797555916185156,0.4136129421065786,0.2800219043867305,0.009837965500305579,0.3917167300927322,0.31351029621094684,0.20090689377191434,0.5966524143737519
2008-01,0.0,0.0,0.0,1.0,0.9741256281845418,0.1257138851229307,0.4956019242358769,0.29432861388950937,0.06718791888083486,0.6818915079193024,0.3310705509797096,0.19103785132369674,0.6315941246371883
2008-02,0.0,0.0,0.0,1.0,0.9915552858209711,-0.05803437557112956,0.253609338405381,0.32828817573905,-0.020504976695864707,0.5343593604882608,0.2597076564187407,0.1609711827740258,0.6111946492746175
2008-03,0.0,0.0,0.0,1.0,0.9955979568940398,0.1278319857998167,0.4687315622586885,0.31537237480069985,0.10711950973463025,0.6680210794700647,0.2945513624947175,0.14455050305234116,0.5624480810755819
2008-04,0.0,0.0,0.0,1.0,0.9940424278271381,0.030435617840975704,0.39743461546935,0.31870891781264543,0.09960087894629566,0.8006357229418393,0.45014847555347576,0.2614226758462129,0.606366569648266
2008-05,0.0,0.0,0.0,1.0,0.9945859181821213,0.14632299232551826,0.37479688867853866,0.30466752929296914,0.15644439773109364,1.076543210234579,0.21360726112718734,0.09531628275800172,0.5911182051587339
2008-06,0.0,0.0,0.0,1.0,0.9943248134401856,0.14455534303700257,0.6168589938232334,0.28661285801774666,0.14383898522791982,1.2732949064659072,0.3232510822574886,0.19469559532819988,0.6037656819332635
2008-07,0.0,0.0,0.0,1.0,0.99591907627009,0.16187518574736104,0.6687973459352992,0.3027071816439341,0.12314872280420874,1.3592837103867126,0.5032915129057411,0.23472411452324765,0.6113814459001637
2008-08,0.0,0.0,1.0,0.0,0.9960264813827306,-0.06538861887495995,0.041686315782975214,0.2262467574876403,-0.053903321566107665,0.4689782165325398,0.22286005735660835,0.183894991387026,0.6766807445482949
2008-09,0.0,0.0,1.0,0.0,0.9956401857763497,-0.02046016723963706,-0.03900441548637201,0.20908804153372051,0.005207176299318217,0.39451349258643664,0.024186790358346387,0.011180673120496643,0.6409475337235077
2008-10,0.0,0.0,1.0,0.0,0.986917777546701,0.1579810943978619,0.17691046260538124,0.28923690516319883,0.19217621758002412,0.6088782511646493,0.40400280264621524,0.19906778304520634,0.18623997738903122
2008-11,0.0,0.0,1.0,0.0,0.9660874030781328,-0.11292155918896929,0.07443889035903184,0.348964491151361,-0.11429393140271238,0.28645177726004745,0.8761661051497923,0.680299846702482,0.44129732785319653
2008-12,0.0,0.0,1.0,0.0,0.9476867532875488,0.22346555359402998,0.2460633318544121,0.458168773123259,0.30112512635919275,0.6300239282201425,0.43872305596027483,0.15488890275002304,0.4262467326695002
2009-01,0.0,0.0,1.0,0.0,0.8385147734331238,0.020511367618518905,0.1741572202909547,0.45399636894374523,-0.014369940972029593,0.3346137532511422,0.3424308558646489,0.24761093394015524,0.5239618173192603
2009-02,0.0,0.0,1.0,0.0,0.6638417864683362,0.09998624303183012,0.38191853379939644,0.426641821977983,0.16997289373379898,0.5301138983707188,0.427587382822192,0.21391876763682288,0.39463010579739943
2009-03,0.0,0.0,1.0,0.0,0.5074816336392401,0.17410217114253035,0.6564038506772076,0.42574382731324906,0.1485262927945894,0.5549101358414574,0.32966151917025704,0.15316047308635494,0.2312889413927226
2009-04,0.0,0.0,1.0,0.0,0.5767408042236679,-0.14316297685112922,0.22564016926769437,0.5195559132250787,-0.11652429916971707,0.4392162895766556,0.39131424207539284,0.3019594089378082,0.19410685831880617
2009-05,0.6,0.4,0.0,0.0,0.48721342050834865,0.08756471966318147,0.16537004308187098,0.2186842354667305,0.012830186475829342,0.04303591343075164,0.09610045166025234,0.060533340242508296,0.11877576872605301
2009-06,0.6,0.4,0.0,0.0,0.28382073654615636,-2.4630989333696007e-05,0.1995984774503079,0.20440055703398166,0.00919909936336949,0.06863769452500668,0.12132852500535556,0.08096055599516398,-0.07624816800359825
2009-07,0.6,0.4,0.0,0.0,0.09828913938980424,0.0016716461274937089,0.145916536228057,0.20613842383397915,0.0013677705112258298,0.07052261347956734,0.1382182594689605,0.0921729041271532,-0.07774868947063945
2009-08,0.6,0.4,0.0,0.0,0.05125272583487534,0.08380211476917032,0.2322098198838618,0.2191058406370163,0.06017428739178987,0.14348926120452066,0.10683119086078235,0.06480362125595863,-0.05295680408270639
2009-09,0.6,0.4,0.0,0.0,0.04138707848234248,0.009989363613246205,0.3154222904899904,0.1681707946581395,0.028506079145762753,0.1740011053189876,0.09840643057430822,0.06350178432247497,-0.023623814546568107
2009-10,0.6,0.4,0.0,0.0,0.09920509528248952,0.042790733907055456,0.2434655329607911,0.13965832117133747,0.04332795177464721,0.2126525690512544,0.09649730249521817,0.038442786318664254,0.08759349697292466
2009-11,0.6,0.4,0.0,0.0,0.1166803917962743,-0.04495810150521373,0.09194575903445323,0.15121696314973898,-0.023073565532840012,0.16510359425841736,0.12086094147923757,0.09539805081010018,0.1009116520814362
2009-12,1.0,0.0,0.0,0.0,0.09816530910870604,0.008292602739778943,0.15474297109054636,0.2505312048251215,-0.03130942478861054,0.18349736161517316,0.22864690851845693,0.18895247535158027,0.1941000177768971
2010-01,1.0,0.0,0.0,0.0,0.1786907669763616,0.09216245372095866,0.2576629709980125,0.2619552087840242,0.08117816423858848,0.31840382857007943,0.10727452347292042,0.03608692554044193,0.08911281280066131
2010-02,1.0,0.0,0.0,0.0,0.31925742832043297,-0.05271279510900284,0.0452102358781743,0.22732702457581724,-0.05271314400493987,0.24890661769800104,0.18552528990032832,0.1674360487437303,0.12146338251187239
2010-03,1.0,0.0,0.0,0.0,0.46211167548019844,0.0014026106919948766,0.029815234113807154,0.22717661120937713,-0.03639694992967668,0.2369344183790858,0.21504004685417932,0.16871244366311813,0.15560068274468208
2010-04,1.0,0.0,0.0,0.0,0.3421863827611733,0.05159932107313381,0.014414282824958491,0.21783896113326673,0.07011311040092405,0.32365973781360147,0.13677033485499585,0.06099170623701806,0.19440264011890251
2010-05,1.0,0.0,0.0,0.0,0.24621901562038367,0.02802813683455696,0.12932648227451682,0.16990095079519757,0.021706513535957983,0.2806216411364215,0.13890540664244633,0.08515687675074074,0.17113941002057007
2010-06,1.0,0.0,0.0,0.0,0.2981965534213317,-0.060394383260000795,0.05239441705218639,0.2065044142104932,-0.06499768265205419,0.18882620578793374,0.22687067195570007,0.18834534296116617,0.0368819916814648
2010-07,1.0,0.0,0.0,0.0,0.42698133211057193,0.027480596371834975,-0.00993223163168766,0.1597083531314806,0.03967528588975289,0.22548641989314455,0.14897500043682288,0.08455942656775095,-0.04306630487162797
2010-08,1.0,0.0,0.0,0.0,0.4438694416802271,0.04939797172611593,0.09678997312822557,0.14456572002593238,0.050753417827249736,0.14685767433674823,0.1317403730661914,0.06538685804228714,-0.04069543984753132
2010-09,1.0,0.0,0.0,0.0,0.36698081060628024,-0.010822412265410586,0.0834004707864262,0.14855818933611914,0.0004344904205788591,0.08281726617767116,0.14948472876807586,0.10138312924043691,-0.06254685230886524
2010-10,1.0,0.0,0.0,0.0,0.33005838821305317,0.06564527145320853,0.09787118120766047,0.15806515631241236,0.06684206995842934,0.14469218415320761,0.08315541440291413,0.03192815051538978,-0.03782674298455844
2010-11,1.0,0.0,0.0,0.0,0.44278885049327543,0.007597670007833068,0.07605269205935294,0.1571443885995098,0.007799948749457775,0.17719635746920126,0.13605788513819794,0.09277923593985883,0.21832577649061483
2010-12,0.0,0.0,0.0,1.0,0.5476624181750266,0.055398907477042236,0.039262046851265,0.1655070882333523,0.06655654530040023,0.02177836501081276,0.36792821109646795,0.19692155299874378,0.42530196511133006
2011-01,1.0,0.0,0.0,0.0,0.4680438930022523,0.09622974796137562,0.2549619480890397,0.13596756160361836,0.08549980554360537,0.23365899629363307,0.09396035040330644,0.021591940558239577,0.45156090393436843
2011-02,1.0,0.0,0.0,0.0,0.4874445344886966,0.00923089035082758,0.20692663636753106,0.14052139308139036,0.027041745855943544,0.37036332090317337,0.11268642482508287,0.0776822273740034,0.4511256810711628
2011-03,0.0,0.0,0.0,1.0,0.5725638970363998,0.024356326692035912,0.13757819230793067,0.09203525865871277,0.1193181753927981,-0.005337688364778992,0.35908382129572675,0.1404055173334872,0.2038787475001477
2011-04,0.0,0.0,0.0,1.0,0.6993208681338872,0.059761030803243465,0.16810457554558234,0.10649808067442387,0.018502579936974684,0.014726004688744743,0.24062537044796936,0.15580387160479212,0.2127191087487892
2011-05,0.0,0.0,0.0,1.0,0.770942077183894,0.02477715874308295,0.1918410643569275,0.0999740467041093,0.03139173726350819,0.14809118787491493,0.247390924403632,0.175397383329082,0.22899292149091385
2011-06,0.0,0.0,0.0,1.0,0.7372885953266017,-0.09570951480712797,0.021197318591652303,0.19302075292341359,-0.10723868807057757,-0.00853098405255992,0.44725577061059923,0.3648358083235441,0.20594316325795195
2011-07,0.0,0.0,0.0,1.0,0.6867537124461776,-0.09273385280135493,-0.10587541471241835,0.2260404768731626,-0.0762953851816397,-0.008861383329440642,0.3114051307580418,0.2509406231615497,0.16946916531028902
2011-08,0.0,0.0,1.0,0.0,0.6953905635743144,0.07496576852780223,0.13820870888260162,0.17270690278864403,0.06399357657788052,0.22021747314075069,0.1804316483919284,0.10585448753119764,0.17687798120871437
2011-09,0.0,0.0,1.0,0.0,0.7571428559061475,0.1380293991331667,0.21723648281762897,0.23537015994930677,0.15374187009267448,0.35084419458939875,0.3856083172018284,0.24121482870044267,0.022684859013771142
2011-10,0.0,0.0,1.0,0.0,0.8163280622111959,0.011606196835401095,0.2552845871186855,0.22204260010890411,-0.02331803943428301,0.281413502892069,0.36113415125508364,0.2634568927010713,0.1721904625047904
2011-11,0.0,0.0,1.0,0.0,0.754906864492481,-0.04236760191182243,0.13088443328808808,0.24496285844600849,0.008664489513640738,0.2221282257946955,0.2664834687407362,0.17157757181217406,0.21380430105161272
2011-12,0.0,0.0,1.0,0.0,0.753364436659936,0.05708279122244542,0.20553335913768955,0.2425175242679328,0.01893052950491292,0.22329561569588963,0.2155603693257389,0.14171835870084398,0.3614935626811473
2012-01,0.0,0.0,1.0,0.0,0.783869273427142,-0.07893405167145973,0.1538733880863854,0.27627654569105947,-0.09204628399104997,0.15306577246054642,0.2301809808281968,0.192858366595499,0.28889344864886246
2012-02,0.0,0.0,1.0,0.0,0.7293982112232689,0.06869118590115986,0.14713822113856057,0.2737785936121506,0.07022578338986074,0.28142195485852173,0.1790774179221969,0.08915782946590291,0.18832246777627384
2012-03,0.0,0.0,1.0,0.0,0.5427676938105584,-0.02533602386718381,-0.01753478368795347,0.20058827459958378,0.03867900384182521,0.2553960287830521,0.17407565977452213,0.10696068653298531,0.2762755081778543
2012-04,0.6,0.4,0.0,0.0,0.4169680687460478,-0.0010685060696105086,0.14279224888859887,0.12339911447997336,-0.0006982482413225855,0.004474895597527562,0.06839796529258145,0.042923221777117,0.1747756441683972
2012-05,0.6,0.4,0.0,0.0,0.3125822034834505,0.0009458527672181472,0.06142400420171268,0.08287140529706859,-0.004371950485931642,-0.011274680357378997,0.0691313435034461,0.0482841314491021,0.17833967073483223
2012-06,0.6,0.4,0.0,0.0,0.2670706910831891,-0.04649164549232232,-1.503168757777118e-05,0.1149150150996632,-0.04338935083073947,-0.022798969536061087,0.1258898406095633,0.11297894057010553,0.22378284237111065
2012-07,0.6,0.4,0.0,0.0,0.2220598155322073,0.007893539689387774,0.03177994350514868,0.10776440261035507,0.0039592100267358266,-0.040030955797297985,0.12424009938103672,0.08502128089918237,0.13748063434977098
2012-08,0.6,0.4,0.0,0.0,0.12800061048648514,0.011011770083751538,-0.002336342764872823,0.08587075098004152,0.007903895183130949,0.06960420373210896,0.10508689681527233,0.06572183351922056,0.23129669210412826
2012-09,0.6,0.4,0.0,0.0,0.0636209408483466,0.008425409135975892,-0.020317284539992486,0.07519714786147208,0.0038698926620150953,0.08455226825413087,0.08909761509537129,0.051789506522616116,0.2596005646849376
2012-10,0.6,0.4,0.0,0.0,0.05995426857892093,0.028857027802618118,0.009031603210240435,0.08805600712065635,0.029073345479248225,0.1042712733170359,0.10900804121769096,0.047022734369441176,0.3272513083997401
2012-11,0.6,0.4,0.0,0.0,0.09232378121154627,-0.027851922956833253,-0.019998804106394208,0.09760589766277837,-0.03140293967135788,0.050426863567187175,0.06935663574491129,0.06487371141433364,0.3349661042324148
2012-12,0.6,0.4,0.0,0.0,0.05775691544980001,0.013688430352151837,0.041853350641640086,0.06491925515786669,0.010420691856370956,0.06146238124601533,0.08149940003890281,0.05306145998028397,0.38069112404378735
2013-01,0.6,0.4,0.0,0.0,0.03233980743396631,0.029050294013943434,0.06372295741432898,0.07211141938212397,0.024929536227214832,0.08502104119102549,0.04567725205750891,0.027740971157834683,0.3491885727983892
2013-02,0.6,0.4,0.0,0.0,0.025111425709533293,-0.014784887582398265,0.036581337706213635,0.0804447514266083,-0.009525309184587716,0.021658889967275163,0.07381496265845792,0.05042744580719484,0.3554134059078344
2013-03,0.6,0.4,0.0,0.0,0.03166333673374572,0.02551201821790272,0.05414501662440152,0.08506033769585788,0.02158037871589591,0.03668648615549008,0.06865248955697435,0.022962936065837946,0.22788000295532718
2013-04,0.6,0.4,0.0,0.0,0.04938221155302805,-0.007188666712296232,0.01721336507626048,0.0800735685215872,-0.008682182576902231,0.027808260225595793,0.06365610305868415,0.04557261516157655,0.15333678049408192
2013-05,0.6,0.4,0.0,0.0,0.04223904920479166,-0.018666692921392114,0.026824389336853605,0.07222987404373023,-0.02363288563920307,0.017283837018505555,0.07502855584598284,0.0669914656587421,0.17218330616295505
2013-06,0.6,0.4,0.0,0.0,0.045343663700258996,0.009839420365483242,0.02292550166015417,0.07126644212701828,0.009915580804579438,0.060527241136995036,0.07392856778550921,0.053342297388357274,0.12157543299160468
2013-07,0.6,0.4,0.0,0.0,0.04966400644327621,-0.051870200332506666,-0.05751336294679621,0.09181352605509577,-0.04825562640790526,0.02310648762714873,0.12067537341879978,0.09828359034372951,0.1790558783008435
2013-08,0.6,0.4,0.0,0.0,0.11180443719942507,0.02260814886739171,-0.021742050947440306,0.10140213117956591,0.019916000027853098,-0.012110282661964789,0.10590691642109606,0.05216568481649767,0.09654649704445918
2013-09,0.6,0.4,0.0,0.0,0.16632820381935806,0.00836780571986262,-0.03809628362196216,0.09219382848159836,0.00810241690682445,-0.0008065908980597891,0.08625006815936412,0.05716824451234609,0.1470752737293329
2013-10,0.6,0.4,0.0,0.0,0.15946641098894265,0.025284140602169325,-0.006634400593718448,0.1022107459780209,0.03638048465982657,0.031171576714178473,0.05408289400617928,0.021128035903948454,0.08170553393946503
2013-11,1.0,0.0,0.0,0.0,0.10074753360106965,0.025345539451034238,0.04833207048482335,0.1544105936497385,0.03810799846063162,0.10038393532299428,0.09249943709708028,0.047791799988824796,0.11056002343951488
2013-12,1.0,0.0,0.0,0.0,0.10375310472314753,0.011235935875496095,0.03772894817799877,0.15303830344705469,0.00898901463158519,0.03694633651719803,0.14399702962208769,0.09974102671679105,0.14528316419690504
2014-01,1.0,0.0,0.0,0.0,0.16410063701848865,-0.010370152299449154,0.11631561766641596,0.06332733891748289,-0.010393340721384758,0.0062100626891079536,0.1032319094484015,0.0789297774243166,0.1290574871173307
2014-02,0.6,0.4,0.0,0.0,0.21868009617912448,-0.02886340410376753,0.021725845962252688,0.06494229248655696,-0.024462469614260907,0.0052497892678440294,0.08741393370178462,0.07836074245960277,0.1041632924875771
2014-03,1.0,0.0,0.0,0.0,0.24616735280582575,0.015363055385285262,0.028531377808040048,0.10933036739300546,0.01664728955149042,-0.008155005829259987,0.12758465378416461,0.08843682375280802,0.015718321972793225
2014-04,1.0,0.0,0.0,0.0,0.20626077448127939,0.005431710371518905,-0.004800294707119068,0.09342160075742496,-0.0032752441867701654,0.0188869394983755,0.12281377568587136,0.0920599071843686,0.010158172378776828
2014-05,1.0,0.0,0.0,0.0,0.24701899966017188,-0.006603877434730898,-0.03581037769437867,0.08250237623893221,-0.008694164986874475,0.022003819409398773,0.0766146998930264,0.06263982325448357,0.0872684781273277
2014-06,1.0,0.0,0.0,0.0,0.25309743368153054,0.019404109719347362,-0.028022216520486753,0.08722788128760833,0.01900810265094366,0.057792130044439505,0.1024907165492872,0.05880217840678339,0.17490591173591072
2014-07,1.0,0.0,0.0,0.0,0.31114085513543566,-0.0040375507299292845,-0.021802569799540983,0.08665532624247711,-0.012776221067020033,0.11010491711827552,0.10574929212053853,0.08082247586486736,0.19633708222407795
2014-08,1.0,0.0,0.0,0.0,0.2916687573396268,0.034323711597750606,0.0649818876060606,0.053664353963855785,0.046042330605993165,0.12619552194922679,0.08535953189537708,0.03795972913535337,0.1156831798405562
2014-09,0.6,0.4,0.0,0.0,0.3044237943966911,-0.005448014186742234,0.03457906425075974,0.03780967519932059,-0.009972292339572197,0.036595148919002396,0.057449147030887326,0.04717410285051613,0.008982334286690171
2014-10,0.6,0.4,0.0,0.0,0.25417060238528044,-0.01602707174876139,0.013920329151255517,0.048969117318734275,-0.013726422843312047,0.019180636478472346,0.04420392349294759,0.036405289764966375,0.23814210739725847
2014-11,0.6,0.4,0.0,0.0,0.22873320692522736,-0.010281236981212083,0.006189029183342187,0.05194771337221223,-0.009244535943346066,-0.0009127624518966426,0.07352104572519903,0.05087696007551232,0.1510392671618234
2014-12,0.6,0.4,0.0,0.0,0.24058983183406485,0.007396525323720482,-0.0013392142576192922,0.04804556293328084,0.014500776510185442,0.019164266216003867,0.05210286704029971,0.028409596585614146,0.1136138614284502
2015-01,0.6,0.4,0.0,0.0,0.22808185753080618,-0.013892886635090362,-0.016020370164723574,0.05170364059037965,-0.009256989540654015,0.014308865219554212,0.06447778800016549,0.046597293692355546,0.1038227595200565
2015-02,0.6,0.4,0.0,0.0,0.08618912255462464,0.02078642912168971,-0.01784084224766458,0.04950644155889352,0.022431299332281718,0.03531456839579716,0.06673162812205764,0.043030172858676455,0.06761345012325053
2015-03,0.6,0.4,0.0,0.0,0.02703002226990684,0.004780495318807754,-0.007739787275844345,0.050354495954600384,0.0005518964844275498,0.037459917141411614,0.03893795987523173,0.028489022564711922,0.023080142737562686
2015-04,0.6,0.4,0.0,0.0,0.01599840116695417,0.014662455859547618,0.023208215782680064,0.047286617714195116,0.016534354209399638,0.027859305619568175,0.06192208467516252,0.03190763000137981,-0.08023677940477063
2015-05,0.6,0.4,0.0,0.0,0.018733402988741835,0.02319417034299076,0.05781634192987095,0.04687402673318475,0.024216647261300572,0.06619616054782296,0.05436932155387401,0.026563219424388718,-0.03152706206731439
2015-06,0.6,0.4,0.0,0.0,0.024879557437833922,-0.014436277362858574,0.034890815693245925,0.058048979216053204,-0.011202134170281597,0.031256171823163426,0.0794823027988471,0.06473745744124586,0.02533163063833399
2015-07,0.6,0.4,0.0,0.0,0.05618490391842093,-0.02013754648639754,0.02833722629138724,0.063556494820283,-0.023984799876412444,0.010476725642442286,0.060422897178427616,0.05164717787365333,0.06749201254224385
2015-08,0.6,0.4,0.0,0.0,0.08184464802072045,-0.01701448546769957,-0.009743303142744075,0.0632305481182072,-0.022885833900662456,-0.01664503930447081,0.07536499485962424,0.06767320716614196,0.08763744491121854
2015-09,0.6,0.4,0.0,0.0,0.08403603716793442,-0.027761741599592882,-0.04181515185925111,0.07166824114954654,-0.027324541640864175,-0.04143036566550051,0.08587108763540002,0.06966294714171037,0.04718214707255902
2015-10,0.6,0.4,0.0,0.0,0.07585413890907115,0.016510166152706285,-0.04007028784419442,0.07303793930163185,0.012308414703038117,0.003676885896244597,0.09808487774217792,0.05310673427580528,0.04539206101579022
2015-11,0.6,0.4,0.0,0.0,0.0649781304546958,0.035344198135964344,-0.028671500575806808,0.08583607203552879,0.02982957969765687,0.028529149282945365,0.05244633625557001,0.019828597161729602,-0.06591171748400353
2015-12,0.6,0.4,0.0,0.0,0.08822245527736965,-0.012737321116288558,-0.026997083606447703,0.08540051314067429,-0.0026501031167486255,0.026675788136256484,0.07277252561204452,0.051262007431850734,-0.03161391932285617
2016-01,0.6,0.4,0.0,0.0,0.0937822218882978,-0.0036236269973158874,-0.01059876997952236,0.08113711652942664,-0.008581829402845131,0.012045459073650955,0.07441314737886058,0.049783248522357514,0.021800303899736213
2016-02,0.6,0.4,0.0,0.0,0.30276784033588683,-0.01182733331953223,-0.005377762508072204,0.07906916956845317,-0.017433958833004914,-0.014977493946261689,0.10286157222962207,0.07777016454863674,0.018614755537405537
2016-03,0.6,0.4,0.0,0.0,0.38521743895349714,0.017054095700092198,0.04046987615965958,0.06666106125944803,0.016636471700586464,-0.009756855051289426,0.0875478931287381,0.05876592469038231,-0.06637484666336209
2016-04,0.0,0.0,1.0,0.0,0.5647162371047921,-0.09784496250554742,0.045613863384730946,0.28635652159303004,-0.070131842045707,0.07676216257573487,0.24811362464087097,0.20236776349754262,-0.041775116822995735
2016-05,0.6,0.4,0.0,0.0,0.4193676401349893,-0.0011046265594322202,0.005591592160958836,0.04738370248589773,-0.0004454414098591375,-0.010697994711742598,0.06586234829890364,0.04275357207409463,-0.02950128992912514
2016-06,0.0,0.0,1.0,0.0,0.5182549459840673,-0.026422930844375414,0.16249967059665704,0.28178246328013457,-0.028701689647518625,0.0845794666974018,0.16875827426581763,0.14212586844647457,0.1855309127206132
2016-07,1.0,0.0,0.0,0.0,0.4837855784953975,0.008049677020228518,0.024904102117166538,0.07118740343190612,-0.0030862460467595554,-0.010000897163746192,0.16707934539541683,0.13616873002261612,0.044044373388495435
2016-08,0.0,0.0,1.0,0.0,0.5014278702206908,-0.029001476962329353,0.10023667178245743,0.2917327242443865,-0.005646326996280315,0.14219533646785365,0.16572639746487564,0.11886505033851022,-0.011387801306826102
2016-09,1.0,0.0,0.0,0.0,0.32871904667141544,0.010119161498036933,0.0711954439064102,0.056583864127531754,0.014218063771233469,0.11783236493807325,0.09074037458236087,0.060437809789913456,-0.08085419895346244
2016-10,1.0,0.0,0.0,0.0,0.37915196731485373,0.014142401067613664,0.05518162144014904,0.048512421351963125,0.014071171383061243,0.07363392127248991,0.12853136038816088,0.09808549609726011,-0.08536876710027518
2016-11,0.0,0.0,0.0,1.0,0.762414396223169,0.0007172548932625755,-0.052217595281517815,0.36024390960318514,0.06434605149025852,-0.20714343393456303,0.251854513442614,0.14558152119611004,0.07110768425248311
2016-12,0.0,0.0,0.0,1.0,0.9397616327190923,0.0952631025231867,-0.033699667117225496,0.37221236144670966,-0.025463672308130403,-0.0970886576011365,0.3501885133339363,0.21871987293716777,0.05846438966023546
2017-01,0.0,0.0,0.0,1.0,0.9776679542669705,0.08058154188566191,0.08661335204440035,0.3808173972471425,0.058268977432587965,0.28590428565316706,0.22161408345522707,0.1476037880688124,0.09291429587867084
2017-02,0.0,0.0,0.0,1.0,0.9829306895384481,-0.08928300211898665,0.22914227478469718,0.2422392682544044,-0.05965398517474063,0.3994647584337878,0.2579587502967819,0.21320381596550142,0.07122646740057692
2017-03,0.0,0.0,0.0,1.0,0.994672604950712,-0.0030463389558290643,0.15219173844786882,0.2430647657562886,-0.028427026946992284,0.06895688603032735,0.19187247754271533,0.14747166191848968,0.10389912614316543
2017-04,0.0,0.0,0.0,1.0,0.9907073578311101,-0.09488009292965816,-0.02668834909369766,0.27942668333490034,-0.09469842718102317,-0.033189319204999235,0.3015544431296194,0.2625419238579096,0.034892797458618265
2017-05,0.0,0.0,0.0,1.0,0.9849658448591803,-0.022868207003832963,-0.049627900444691675,0.28090873461666915,-0.013772890683814376,-0.12742016705235526,0.2187670743321685,0.16111413788341192,-0.10497234189647252
2017-06,0.0,0.0,0.0,1.0,0.9619867256791725,-0.03204071322177149,-0.1600908516499494,0.2227656534406763,-0.0025041519245360133,-0.16221197629300765,0.35441674844512927,0.26924022273873344,-0.10540009752109163
2017-07,0.0,0.0,0.0,1.0,0.9339761424220429,-0.023966164742819096,-0.24135318293412555,0.13242426416082706,-0.06394719138618521,-0.18437796003121676,0.29544477085269233,0.25738518012352807,-0.012675299251532565
2017-08,0.0,0.0,0.0,1.0,0.8835967321931127,0.04066132807264111,-0.1331067653038317,0.15257603924796528,0.08269730664394537,0.05571485386378683,0.29671794282445974,0.19341305751600657,-0.03687460721486933
2017-09,0.0,0.0,0.0,1.0,0.9307464637394759,-0.05198857531361356,-0.17566410296888146,0.15315150274178907,-0.06587111545695146,-0.10201325403626382,0.27337363881501936,0.21220866320858692,-0.10660062146429135
2017-10,0.0,0.0,0.0,1.0,0.9592172254042797,0.07928880365716595,-0.017040176479921954,0.17490769002685738,0.1048734694580995,-0.06941239376078434,0.22546240363865308,0.1233159929797903,-0.14163777459382182
2017-11,0.0,0.0,0.0,1.0,0.9475084758970197,0.05904624832881766,0.06536285158104449,0.18904047278711428,0.023560247756070574,0.05381130398540801,0.22088168382517515,0.1446489317728067,-0.07467506145879747
2017-12,0.0,0.0,0.0,1.0,0.8928281768734929,0.027389040865059888,0.13077288808520704,0.17402417476386628,0.012041632669583802,-0.08588912656395087,0.19700218754205093,0.11888972377270295,0.07369369055975444
2018-01,0.0,0.0,0.0,1.0,0.7291023193193581,0.015077563001353322,0.1760065543661069,0.15737770612687627,0.03625638978453827,-0.059062126956355154,0.20519798402183761,0.13930842229678722,0.1305608289574014
2018-02,0.0,0.0,0.0,1.0,0.6511968902034202,0.08754446063507637,0.22898716361460414,0.17876742369830154,0.07440620388496888,0.04358191250632881,0.18674503272928292,0.098751754995342,0.18295711391452676
2018-03,1.0,0.0,0.0,0.0,0.44029632701127375,-0.08080975224580267,0.00722392843112285,0.17123117412090258,-0.060108490554118266,0.1657991633826117,0.2013357062954566,0.17873177357633765,0.3355755817404955
2018-04,0.0,0.0,0.0,1.0,0.5956648389690247,0.03496505102237957,0.1830101965865114,0.15911044495512844,0.03849314399262482,0.09465288432604568,0.3000063742627889,0.16940846332859158,0.22107663912455625
2018-05,0.0,0.0,1.0,0.0,0.635959249896076,-0.013912869745467016,-0.020101067671690398,0.06286631327433209,0.010247724766163646,0.023477280865894734,0.11135579461093723,0.06869932766544488,0.20404759166904138
2018-06,0.0,0.0,0.0,1.0,0.7407275068355059,-0.010835544103501626,0.1433654675839675,0.17123747593379193,0.029923236288587285,0.40081740134254806,0.262235886927609,0.18163599289640237,-0.019654300623205223
2018-07,0.0,0.0,0.0,1.0,0.7992278251429672,0.15436414876482218,0.3002554216764812,0.24987675595748063,0.15849047178712694,0.5755790425134992,0.32681371869054604,0.1531453945123108,0.055295600494617424
2018-08,0.0,0.0,0.0,1.0,0.8327899322462808,-0.06261362425894157,0.12072817377160883,0.2795769708858408,-0.039646615435708576,0.4367452376044958,0.251126714647459,0.21793282721584314,0.14029690581956583
2018-09,0.0,0.0,1.0,0.0,0.7713754761798364,-0.02376722317312141,-0.06826965100534255,0.035741748614329785,-0.01635538933848002,-0.1187654547752568,0.15861951331090487,0.11335826610409942,0.21917477006454225
2018-10,0.0,0.0,1.0,0.0,0.7674558902117742,-0.007124003915890298,-0.07234754728834691,0.0335986461300891,-0.00428825784963438,-0.09913750139325261,0.10243004079774365,0.07668424070355453,0.11678734161880959
2018-11,0.0,0.0,1.0,0.0,0.848139794862167,0.0647904959577501,0.0016919244694946212,0.11377723211256324,0.059368242083767564,-0.022405985233059922,0.16470896867955692,0.07725383409415805,-0.02795846049175038
2018-12,0.0,0.0,1.0,0.0,0.844686071773831,-0.01860442644432847,-0.01601882137145405,0.11708952340205422,-0.009524173200545438,0.009580195671273328,0.11039084191052607,0.0816939326503685,-0.17886133409931068
2019-01,0.0,0.0,1.0,0.0,0.7358601701828538,0.03761672579418063,0.026169370835878336,0.1295096815032743,0.04454696821210624,0.011486004956652307,0.13380342471552684,0.0629990920138749,-0.1051321079313342
2019-02,0.6,0.4,0.0,0.0,0.39727843500685084,0.05269480190137088,0.003598179909347188,0.14441387676523193,0.05427744512412658,-0.007626705893148622,0.0822913204998943,0.0365298094504091,0.11449243471427396
2019-03,0.6,0.4,0.0,0.0,0.1982975103245934,-0.0019834571232985043,-0.005745556633543258,0.14407785673683043,0.014017712323801224,-0.02543526971413146,0.06152685028243701,0.0400027380705832,0.0805323717262556
2019-04,0.6,0.4,0.0,0.0,0.14804997311017942,-0.010701457719474172,-0.019925712690103126,0.14458318075494836,-0.00886533651129684,-0.03505572354482833,0.06695046154441509,0.05285995140709314,0.06410338293361406
2019-05,0.6,0.4,0.0,0.0,0.18065176657327298,0.01275045117551854,0.06671661356208691,0.08958048928962684,0.021012596851661458,-0.019922245190712617,0.07216169975699858,0.03939694972791003,-0.019352776809160963
2019-06,0.6,0.4,0.0,0.0,0.25611141308738755,-0.039735800324175674,-0.004015638835874524,0.10789781107229429,-0.04184111791825029,-0.06724054111393873,0.08082524008345203,0.08100905375606782,-0.07244902349725775
2019-07,0.6,0.4,0.0,0.0,0.24967127513933163,0.04084838571160643,0.052078738268256375,0.11820234087168072,0.03547986885406296,0.003279867009196913,0.060522449490708986,0.02093354494872511,-0.00015076001788222096
2019-08,0.6,0.4,0.0,0.0,0.13706893583921415,-0.02565116635222875,-0.026221379942429568,0.09903592596964624,-0.01221985738890563,-0.009331330625501733,0.07911852591794526,0.06175111340062357,-0.0962516645686942
2019-09,0.6,0.4,0.0,0.0,0.07860619014560234,-0.012497724997619586,-0.03648029732676483,0.09961658220706811,-0.014538140541350386,-0.03186510806283571,0.08264747344220208,0.06471006136706639,-0.1692063940037002
2019-10,0.6,0.4,0.0,0.0,0.03909852207932449,0.032498469749381975,0.005593939611203469,0.11245461244576735,0.037264190796152175,0.004459779677752351,0.0658897292038292,0.03655795604619028,-0.09888335612696131
2019-11,0.6,0.4,0.0,0.0,0.021802378100544265,0.0030132960834414746,-0.004074408734908608,0.11092205941358606,-0.0013029016495950119,0.04032416101440828,0.07704194879753705,0.05618755952221512,-0.05519087617813615
2019-12,0.6,0.4,0.0,0.0,0.022271365786245056,0.008011985647414788,0.045446589748018296,0.08840032227878948,0.0040060929158518555,0.049696381970538495,0.0802866059132511,0.05614463855341101,0.03786359561934899
2020-01,0.6,0.4,0.0,0.0,0.0741347756586376,0.04066478268480389,0.04526217560963541,0.08823533488677318,0.04367510198233071,0.09246777958029417,0.06718117258528115,0.021732561507388518,-0.0669427249386893
2020-02,0.6,0.4,0.0,0.0,0.32338490677326015,-0.02179569582455232,0.04939824820764982,0.08484393274474127,-0.0080297821169929,0.04113840154910253,0.10278412727457821,0.08118520822795046,-0.08782374689165555
2020-03,1.0,0.0,0.0,0.0,0.49628297183209497,-0.04257187738567525,0.061917756449432426,0.16508594153145117,-0.06803766750079521,-0.007030469771768355,0.24559457154635697,0.20424112767442354,0.1158933205190281
2020-04,0.6,0.4,0.0,0.0,0.29074577829257986,-0.08057609243587405,-0.0728295991181287,0.14084349713277794,-0.08052228983195586,-0.08907310967667426,0.420413973119152,0.29518847169789214,0.12640094649832415
2020-05,0.6,0.4,0.0,0.0,0.08906145637685753,0.04854677288813303,-0.030739138196622218,0.164998786509592,0.05550482368644283,0.010416691875891448,0.18808768085417107,0.11736172376274441,0.12440345263441388
2020-06,0.6,0.4,0.0,0.0,0.020785933273908333,0.03926341725352467,-0.0006891090675812395,0.17610751613204503,0.026499036507292573,0.02387417364532074,0.11869865853669972,0.0769640075276285,0.09369251016382181
2020-07,0.6,0.4,0.0,0.0,0.015389403007052641,0.03451692682485974,-0.006592661699462377,0.17296937662304027,0.024510751419769106,0.0448830701960774,0.21831939545387624,0.13583828274768836,0.016537440782103337
2020-08,0.6,0.4,0.0,0.0,0.07539081234683151,0.036674602733480555,0.052786369257812105,0.17507416058745148,0.04850028988023136,0.14115647910072782,0.09652564577560203,0.04070663582201367,-0.03466902909656706
2020-09,0.6,0.4,0.0,0.0,0.13391702863060376,0.013154954577694111,0.08864221956197804,0.16758932297109444,0.01873385171029307,0.11952694804255581,0.12800070389186502,0.09776682918798259,0.0613127915343351
2020-10,0.6,0.4,0.0,0.0,0.20347955979300053,0.008814874826049923,0.19448543313104216,0.05426942563189243,0.009843730506763348,0.11642787553228295,0.11370168094566863,0.08386370500368662,0.10124734529150585
2020-11,0.6,0.4,0.0,0.0,0.2072428863682209,-0.01732920104385971,0.11944072049667254,0.0762304633666366,-0.01887593833581913,0.07757780223313926,0.08141710984333658,0.07200709918218999,0.048911736455272824
2020-12,0.6,0.4,0.0,0.0,0.11674501416744369,0.09203432864685279,0.17628281278115665,0.12832420389849758,0.078914449521724,0.17892508463853463,0.11433698700931386,0.060234680338992055,0.013484579499797403
2021-01,1.0,0.0,0.0,0.0,0.18712448320303515,0.1342408163070654,0.3993519297852459,0.2479255688119237,0.12104438526833694,0.32841173555615644,0.18268461029621655,0.08487293068966774,0.04609004827430748
2021-02,1.0,0.0,0.0,0.0,0.25642950249580154,0.0369541051082698,0.3734221513543865,0.2500426534137551,0.04235368241846538,0.3753343274855554,0.31154602673981446,0.18414953053453123,0.003950772766425165
2021-03,0.0,0.0,0.0,1.0,0.5276054327282511,0.16073630959742968,0.27561243178734895,0.47166137007464676,0.184221367237569,-0.2971252896428783,0.243573758241337,0.1054095094640924,0.15427020822858006
2021-04,0.0,0.0,0.0,1.0,0.8222868806329806,0.0075396498136306445,0.44692041322699505,0.3986019713400288,0.02151358758015176,-0.037309368063461856,0.5859692214447872,0.4084093422275314,0.14038150113970663
2021-05,0.0,0.0,0.0,1.0,0.9602606039693171,0.04066926698155027,0.7025814677591453,0.2633413515460815,0.06921252326003424,0.9142471933327152,0.2511944330088476,0.15682088289022342,0.04479265815893943
2021-06,0.0,0.0,0.0,1.0,0.9897907227066636,0.05996501062719162,0.50438904649527,0.19539919821669355,0.03420621894402265,0.4908606963159936,0.2842281432364255,0.18839849359840719,0.03940431789216696
2021-07,0.0,0.0,0.0,1.0,0.9915225734688886,0.12186390270024039,0.6160093115517562,0.20011248866199002,0.10995638052077727,0.6226622603824303,0.13770220732966423,0.07024133112764942,-0.06507556222006626
2021-08,0.0,0.0,0.0,1.0,0.9801098056514895,0.0017721413852394008,0.449803350482489,0.22080572519827754,0.011882565007077739,0.5977637488781138,0.3529550918834148,0.2710561823068254,-0.05746490193181581
2021-09,0.0,0.0,0.0,1.0,0.9829649900308999,-0.05327113724332411,0.18249999235325398,0.20602359594092262,-0.02854187481005932,0.7714838960222234,0.3369403193703219,0.21107252487192024,0.03165264197372803
2021-10,0.0,0.0,0.0,1.0,0.980938811212815,0.1353396353835994,0.33249258270658455,0.24795707010104498,0.10907060330690199,0.9360767416065798,0.21018265145419082,0.09035587621818311,0.10168530948770538
2021-11,0.0,0.0,0.0,1.0,0.9793879780615111,0.09184855187924534,0.39802350562141964,0.2533172335961507,0.06895978784268975,1.0584145282609705,0.21911307986842238,0.13501214162878464,0.14585439025758198
2021-12,0.0,0.0,0.0,1.0,0.9897944223152414,-0.14618425003698965,0.12612631167114885,0.38573302430825246,-0.1016502465592054,0.7181305154731372,0.5159394516134944,0.4577236622730437,0.17217080180162672
2022-01,0.0,0.0,0.0,1.0,0.9905296794914683,0.10398220484821818,0.10817667410811871,0.3756794126470884,0.17214565392064718,0.6569101712935872,0.319518127662895,0.1455197789532826,0.1877395107580094
2022-02,0.0,0.0,0.0,1.0,0.978128388215845,0.16386510747051375,0.2874865556988686,0.4216067200135297,0.1434861454820806,0.7104827793534738,0.23458026575003732,0.09638745746625321,0.15804155424979277
2022-03,0.0,0.0,0.0,1.0,0.9646227215118734,0.1322151440258863,0.5397352224452483,0.39404643134842654,0.0684497678099174,0.5985749028670089,0.21820637662869735,0.13730815925638257,0.1329864714400132
2022-04,0.0,0.0,0.0,1.0,0.9496476744231944,0.0548628550628425,0.43059349129535196,0.38329779946391795,0.09220236076393773,1.0527062077755538,0.7787744179419271,0.543920516288239,0.12529223424263428
2022-05,0.0,0.0,0.0,1.0,0.9612232276483782,0.06802588725604286,0.3993798684017673,0.3810301308184813,0.09420751714607722,0.9414073303490151,0.3803194917083995,0.21846201754608727,0.15090204818492156
2022-06,0.0,0.0,0.0,1.0,0.965892117302355,0.13136311469008755,0.8542721501895654,0.1443670489412998,0.09590347993970849,1.0147749561353985,0.4400319695623759,0.28983385575829795,0.10664384718926108
2022-07,0.0,0.0,0.0,1.0,0.9671102944526416,-0.018113351188431603,0.649197839909541,0.23157702344275274,0.014371542102006085,0.8616195769597363,0.32137863220571306,0.23050425387546986,0.14684815911256963
2022-08,0.0,0.0,1.0,0.0,0.9616234978365459,-0.0017548306576928852,0.05760883640116754,0.09453404841302868,-0.030805470156716752,0.12447922758071095,0.15117144039141794,0.11663423075226745,0.10932286855762426
2022-09,0.0,0.0,1.0,0.0,0.9332980634862571,-0.011844954909809857,-0.012655491849186462,0.048544700475045305,0.0050617162718604725,0.10512880615495312,0.15322266066931717,0.10966066646386322,-0.009409327135213426
2022-10,0.0,0.0,1.0,0.0,0.8778218802498664,0.053737002155779034,0.025911872107004852,0.0925639281110808,0.022665174312900938,0.1169034674954712,0.18757474508296873,0.11997019744026964,0.008093693663422477
2022-11,0.0,0.0,1.0,0.0,0.8495325084607128,-0.020433039006210407,-0.00020568003557142056,0.09902011103757227,-0.010604013283344704,0.06720800656617776,0.19761878994676363,0.12958874064765508,0.009247661549304434
2022-12,0.0,0.0,1.0,0.0,0.8104108441868989,-0.021911971716751077,0.002342192914218222,0.09758385363232688,0.009792705378913968,0.11196276102481484,0.25217368304325705,0.16652946884260736,0.11936678474833512
2023-01,0.0,0.0,1.0,0.0,0.7087511337515986,0.015175033361398471,0.01099158460083971,0.09957045502774702,-0.0047072650015530515,0.05272326037878128,0.2176308317871868,0.14442625797562522,0.06903450900907657
2023-02,0.0,0.0,1.0,0.0,0.6320108724551676,0.0178563656806332,0.030853192821859166,0.10156201219644823,0.02758110875939712,0.07872836586437115,0.1737081790232323,0.1007393141650961,0.09946588508288377
2023-03,0.0,0.0,1.0,0.0,0.5373833140318203,0.020085631458748088,0.06416349880091543,0.09852070678228445,0.005690334489487858,-0.026234102735404496,0.1887901569744323,0.1400061470916103,0.008800148115490689
2023-04,0.6,0.4,0.0,0.0,0.48091798610072733,0.024641029055746166,0.11628113116460659,0.15679847063671412,0.01762278115190763,-0.03238685958259735,0.09249205721492228,0.06091685574221978,0.06991331622767594
2023-05,0.6,0.4,0.0,0.0,0.3329804022952261,0.008362678142838975,0.09195566991410198,0.15606999820334408,0.01435433083159765,-0.005451090309166906,0.07618372941967211,0.047390490312945524,0.09523479507013295
2023-06,0.6,0.4,0.0,0.0,0.23516872898069272,0.018811237601944253,0.051362375559452556,0.13935755797621086,0.02391298571698619,0.024115713031844344,0.07057418460121785,0.028484249430711477,0.085207625001491
2023-07,0.6,0.4,0.0,0.0,0.14900109035726394,-0.006675956509728631,0.10029147799463667,0.10306462948115819,-0.002487000985166299,0.08578684890709587,0.06107249593239967,0.03556527210889229,0.05450925407470214
2023-08,0.6,0.4,0.0,0.0,0.09660147218591293,0.017095965598333374,0.047093945711730534,0.05456087827976687,0.011833780491984136,0.059203734267282204,0.11683768916747242,0.05225851216170173,0.02481025793555902
2023-09,0.6,0.4,0.0,0.0,0.09158781880666442,-0.01614617602940216,0.04632280028709901,0.05530614909959985,-0.01701260299464158,0.07905744561331685,0.06958662023834808,0.053770070780527195,0.014629600048720512
2023-10,0.6,0.4,0.0,0.0,0.17852364716010238,-0.0208231606298539,-0.00010342793885709245,0.05909061816880165,-0.014451899794486911,0.12072632145264617,0.08155199533405488,0.06340472392807667,0.026694528401429312
2023-11,0.6,0.4,0.0,0.0,0.2255492454651966,-0.03028144588053827,-0.03842309999618321,0.07033163546084939,-0.03453756426742205,0.029708314526291302,0.12942526317879247,0.11405102470445726,0.1516564791603002
2023-12,0.6,0.4,0.0,0.0,0.20913205067752094,0.06825738957554672,0.00824528741168229,0.1257179642627735,0.07345981811133329,0.08631283375235599,0.13573592781326033,0.04803360851103607,0.10217637963339675
2024-01,0.6,0.4,0.0,0.0,0.15889660702110292,0.049579232764899395,0.06534551552989076,0.14077421451010846,0.04963968335017688,0.12651751180039783,0.08860444892004084,0.03961108076304106,0.038757444832024236
2024-02,1.0,0.0,0.0,0.0,0.16741725304210409,-0.05837807482697177,-0.01324448149529156,0.2220523965425742,-0.057510847689967615,0.05843262532915783,0.1723277218876963,0.15084035732643566,-0.0818616732136885
2024-03,0.6,0.4,0.0,0.0,0.16401042294099138,0.04205917156801475,0.06827583820976457,0.16065322198530127,0.03389900922053779,0.11078069218974607,0.11512601046902032,0.05622756324427515,-0.13389778557540574
2024-04,1.0,0.0,0.0,0.0,0.18307900415306452,0.05785681586242597,0.18645135970266336,0.22811676032694667,0.059020313889667,0.14912019850847735,0.1699463630102565,0.08941386939754087,-0.11688871801580468
2024-05,1.0,0.0,0.0,0.0,0.1841444284706163,-0.03936007998379887,0.19591517116946444,0.2220786657869095,-0.025973117311536398,0.1415865898903006,0.19581428227844144,0.14660015364605516,-0.12330625344317385
2024-06,1.0,0.0,0.0,0.0,0.20309545748303118,-0.0024754530313808587,0.08965693722214385,0.19724890081864,-0.017053141480836254,0.058065671638946936,0.1592979619184027,0.11450308490277245,-0.025782734492433162
2024-07,1.0,0.0,0.0,0.0,0.21198479794943872,0.05859626077222546,0.08282506495341191,0.19341355662164975,0.06995153153331612,0.18095894959705072,0.12636909639250146,0.0592327345984913,-0.03690381200058682
2024-08,1.0,0.0,0.0,0.0,0.22395995413786812,0.005131673581662888,0.15585856768660045,0.1523664418504521,-0.02321069139998788,0.12995351453178672,0.15266871838120988,0.11311850753941906,0.08430185724429795
2024-09,1.0,0.0,0.0,0.0,0.2533033342918585,-0.05554824485111076,0.018695065594097615,0.1650498379395037,-0.04861775014247138,0.10198448866516241,0.39995699612945157,0.3530431464373722,0.296759936757436
2024-10,1.0,0.0,0.0,0.0,0.1492844793504036,-0.05895328765467056,-0.09379073993279796,0.15605298112902763,-0.015923366345913403,0.11126626118274174,0.21254209844956215,0.14493372031794133,0.336449426827475
2024-11,1.0,0.0,0.0,0.0,0.0946938778106644,-0.00654657340102871,-0.06283647403045978,0.150790075424106,0.007920356051358324,0.09892280225502814,0.12520015987629812,0.08252642394387504,0.25394420349738567
2024-12,0.6,0.4,0.0,0.0,0.08775505796383996,-0.00750479481681765,-0.028201566536591338,0.09667913851668246,-0.017943422442480927,0.02841601301297203,0.11752115286366573,0.09057383919101349,0.25196536311475676
2025-01,0.6,0.4,0.0,0.0,0.15126465741448988,-0.021258473658625543,-0.08639245503870607,0.05916149210393242,-0.012811508574331554,-0.0012275852061144343,0.12380027836393555,0.0908525651967138,0.15586072534738069
2025-02,0.6,0.4,0.0,0.0,0.25314892979568593,0.02031343130341612,-0.07700268725833803,0.07034924225279146,0.03722759341251902,0.008400638601982813,0.08454591641220378,0.03909027958869195,0.13443434594620376
2025-03,0.6,0.4,0.0,0.0,0.31415987251459576,0.02042425984747065,-0.025348580123435105,0.07389582814362976,0.02435338456341496,0.020008263097923917,0.09810011548684286,0.06510334446874251,0.025660148097199114
2025-04,0.6,0.4,0.0,0.0,0.276257067830889,0.008868526086003525,0.015671714291678684,0.05783127066482509,-0.0013748845784896657,0.001092818413107155,0.10806530665569415,0.08257318751155499,-0.021386054299316875
2025-05,0.6,0.4,0.0,0.0,0.26696101400410316,0.009056062801448439,0.029581382572602788,0.056914709708506796,0.015153683331162293,-0.002154802860484639,0.19696571130977042,0.12794948129238537,0.05543334521687878
2025-06,0.6,0.4,0.0,0.0,0.20890257779434793,0.0355322114888299,0.07422653574064908,0.06605995849587891,0.03641595629043182,0.028263555795802198,0.08635391610347187,0.04583436799698269,0.04140437587317928
2025-07,0.6,0.4,0.0,0.0,0.16837883212208155,0.09694267764378472,0.20395926891565597,0.11553666229165808,0.07849427809799003,0.06865810975795461,0.11052400101657671,0.034084736051311924,0.06152341178262977
2025-08,1.0,0.0,0.0,0.0,0.1847580009411891,0.0375873310771595,0.34484179718859886,0.19932745039889752,0.05709031825943489,0.2667318508805536,0.14377066444655576,0.08929744830607844,0.023951697856201454
2025-09,0.6,0.4,0.0,0.0,0.19790096367870136,-0.005948824231990835,0.17523659318401053,0.1269811203757265,-0.009358366957223918,0.2021685673959266,0.11791420772689201,0.09855824296757487,-0.04072818100381348
2025-10,1.0,0.0,0.0,0.0,0.22974844748305584,0.11761279240398959,0.42579528792196975,0.2307027266867281,0.10567130755387466,0.4096459669405823,0.1877100803643628,0.11109851036519351,0.02435585061436979
2025-11,0.6,0.4,0.0,0.0,0.3777343697347654,0.13069326164665318,0.3958129823160481,0.17520752314011656,0.11245576767295185,0.44039153633200856,0.13526550298523174,0.04036052668497452,0.009216392821138397
2025-12,0.0,0.0,0.0,1.0,0.5025998739257795,-0.0006569055648952826,0.06990869967967717,0.2031324800734378,0.01709768259523403,-0.012266611616579937,0.24950504866075743,0.1797807583546329,-0.017704994863537382
2026-01,0.0,0.0,0.0,1.0,0.6101210030761949,-0.045407854495776556,-0.004783240175999404,0.21650329832070622,-0.03927415575133342,-0.14736355127720346,0.28315328239964116,0.22263575003843697,0.03501038906199282
2026-02,0.0,0.0,0.0,1.0,0.5850870204009426,0.10726086465963003,-0.013819831969846597,0.20346668750634425,0.14248081811043423,0.026135469893714847,0.32280648660365907,0.17484728823836224,0.09598753708586226
2026-03,0.0,0.0,0.0,1.0,0.5073404072945843,0.15227920711777876,0.18935149469621382,0.2786914548714528,0.03771633949981412,0.11117939550646128,0.3268232422836691,0.20468466749809222,0.29368962366400186
2026-04,0.0,0.0,0.0,1.0,0.6776929800424434,0.48923939295983065,0.8413566233633847,0.6758193415645899,0.6668829455544687,1.0744156030793426,0.7526617445743572,0.3261621070891072,0.12352572368363551
2026-05,0.0,0.0,0.0,1.0,0.9361295450951111,0.12710783743359855,1.0430083098732412,0.6526870591844178,0.14927011368721432,1.3509452649397082,0.784627095268474,0.4883206360130955,-0.010240444890243748
2026-06,0.0,0.0,0.0,1.0,0.9784744521759909,-0.033851697671965386,0.975146494950115,0.6710778517722994,-0.11770675807426745,0.891577607404568,0.5003969751307514,0.3957815472883253,-0.15414864227720237
2026-07,0.0,0.0,0.0,1.0,0.9901002765515133,-0.20790149051065598,0.638930931960163,0.8013289822387661,-0.1483392832477024,0.5881823577491463,0.4908039188128604,0.39435050986845316,-0.16025201070516426
