name,hard_fraction,leverage,financing_rate,Months,CAGR,Volatility,Sharpe,Sortino,MDD,Calmar,FinalMultiple,PositiveMonths,AvgTurnover,MDD15Pass
blend_h0.000_lev1.00,0.0,1.0,0.04,129.0,0.07383027501925166,0.06662032756482997,1.10530694715596,2.018172347527059,-0.08933845417896868,0.8264109301841062,2.150592732264042,0.6434108527131783,0.02865831361746645,True
blend_h0.000_lev1.05,0.0,1.05,0.04,129.0,0.07542461171861459,0.0699515002761755,1.0772191789407082,1.954076323855171,-0.09500703227979534,0.7938845147429655,2.185167294938788,0.6434108527131783,0.03010002960375109,True
blend_h0.000_lev1.10,0.0,1.1,0.04,129.0,0.07700859705008911,0.07328272953861743,1.0516741143196706,1.896448015720956,-0.10065110607225336,0.7651043297508102,2.2200158619551615,0.6434108527131783,0.03156066152094064,True
blend_h0.000_lev1.15,0.0,1.15,0.04,129.0,0.07858222083448507,0.07661402131124671,1.0283405498172962,1.8443588801535826,-0.10627121761861336,0.7394497079773877,2.2551348406028557,0.6434108527131783,0.03303970334255616,True
blend_h0.000_lev1.20,0.0,1.2,0.04,129.0,0.08014560589802122,0.07994533783655049,1.0069445405400093,1.7970504526050417,-0.11186500249077069,0.7164493283288806,2.2905235422125427,0.6356589147286822,0.03453319232543166,True
blend_h0.000_lev1.25,0.0,1.25,0.04,129.0,0.08169824558231276,0.08327673938333645,0.9872478143377832,1.7538819639940406,-0.11743329699294092,0.6956991558128847,2.3261667689249723,0.6356589147286822,0.036051622833596864,True
blend_h0.000_lev1.30,0.0,1.3,0.04,129.0,0.0832406586604495,0.08660816217896022,0.9690611102337474,1.7143459988930632,-0.12297566764400514,0.6768872270034578,2.3620725912107834,0.6356589147286822,0.03758112091810795,True
blend_h0.025_lev1.00,0.025,1.0,0.04,129.0,0.07618562648970828,0.06831011393272053,1.1118650820458247,2.04828656733407,-0.08820706157921354,0.8637134615496797,2.201847638308784,0.6356589147286822,0.02995593297272231,True
blend_h0.025_lev1.05,0.025,1.05,0.04,129.0,0.07789472037997203,0.07172577663992263,1.0844682521710503,1.9850935386042365,-0.09382629224583061,0.8302014127967788,2.239730198743414,0.6356589147286822,0.031472115435851725,True
blend_h0.025_lev1.10,0.025,1.1,0.04,129.0,0.07959309637166845,0.07514149986166836,1.0595506470175724,1.9282554455205494,-0.09942240135443348,0.8005549583129156,2.2779598297893853,0.627906976744186,0.033009066346954746,True
blend_h0.025_lev1.15,0.025,1.15,0.04,129.0,0.08128087631906822,0.0785572118574704,1.0367919106099188,1.8768663029769292,-0.10499391838714867,0.7741484227625232,2.316536312029711,0.627906976744186,0.03456195038918949,True
blend_h0.025_lev1.20,0.025,1.2,0.04,129.0,0.08295823963263182,0.08197296342115507,1.0159242321879374,1.8301833395960363,-0.11054024729715106,0.7504799533298122,2.3554608052079624,0.627906976744186,0.036126196184323306,True
blend_h0.025_lev1.25,0.025,1.25,0.04,129.0,0.08462500890441094,0.08538879916476111,0.9967188811618259,1.7875852584051333,-0.11606089474774417,0.7291431716801904,2.3947261176051033,0.627906976744186,0.0377043588265269,True
blend_h0.025_lev1.30,0.025,1.3,0.04,129.0,0.08628117192395535,0.08880467147708507,0.9789850125301619,1.7485614135717389,-0.12155643095907331,0.7098034323910452,2.434328651198514,0.627906976744186,0.039295479221897286,True
blend_h0.050_lev1.00,0.05,1.0,0.04,129.0,0.07850220565113708,0.07025953808998632,1.1136900358599466,2.0679832323845093,-0.08707701382210187,0.9015261571959381,2.253337033601112,0.6356589147286822,0.03172577371050182,True
blend_h0.050_lev1.05,0.05,1.05,0.04,129.0,0.08032333802465086,0.07377277851805238,1.0870508180925988,2.0059821899703545,-0.09264805732601666,0.86697271743112,2.2945783965455826,0.6356589147286822,0.03333489473922086,True
blend_h0.050_lev1.10,0.05,1.1,0.04,129.0,0.08213347375830393,0.07728606133679773,1.062823960912479,1.9502034919766011,-0.09819571670682858,0.8364262364265866,2.336247968594818,0.6356589147286822,0.034962041175434236,True
blend_h0.050_lev1.15,0.05,1.15,0.04,129.0,0.08393289732400966,0.08079936485863855,1.0406990505991927,1.899764916700306,-0.10371841090139489,0.809238172804293,2.378350027091456,0.6356589147286822,0.036597785248555614,True
blend_h0.050_lev1.20,0.05,1.2,0.04,129.0,0.08572151119041327,0.08431271181921347,1.0204126627451753,1.853935681386321,-0.10921669908589449,0.7848754989655637,2.4208799687651044,0.6356589147286822,0.03824405365827688,True
blend_h0.050_lev1.25,0.05,1.25,0.04,129.0,0.08749906433001509,0.08782613403030165,1.0017418345045088,1.8121076271177126,-0.1146907108919567,0.7629132616715817,2.463829147151248,0.6356589147286822,0.03990534728286891,True
blend_h0.050_lev1.30,0.05,1.3,0.04,129.0,0.08926538133518425,0.09133962212931941,0.9844991122647205,1.7737771451375293,-0.12013976688072392,0.7430127729797237,2.507190239687327,0.6356589147286822,0.041584187812308264,True
blend_h0.075_lev1.00,0.075,1.0,0.04,129.0,0.08078635574172477,0.07244253736235713,1.1116235159441232,2.078593079260236,-0.08817956897739054,0.9161572990047001,2.305172465867833,0.627906976744186,0.03389109671280919,True
blend_h0.075_lev1.05,0.075,1.05,0.04,129.0,0.08271697492615893,0.07606492514247741,1.0857866334122297,2.0180442757385597,-0.09326537653938605,0.8868990615314514,2.3498257936751528,0.6201550387596899,0.03561034097525555,True
blend_h0.075_lev1.10,0.075,1.1,0.04,129.0,0.08463626463988305,0.07968733483367206,1.0622915554253574,1.963553929227967,-0.09835145306035209,0.8605492039649593,2.39499328321259,0.6201550387596899,0.037343694438642626,True
blend_h0.075_lev1.15,0.075,1.15,0.04,129.0,0.08654424945037342,0.08330977582710732,1.04083372781112,1.9142594539086997,-0.10343759523234608,0.8366807953720687,2.440673802403112,0.6124031007751938,0.039089328373881,True
blend_h0.075_lev1.20,0.075,1.2,0.04,129.0,0.0884409559907553,0.08693228284315381,1.0211591104069633,1.8694527404058623,-0.10852360060638166,0.8149467534857536,2.4868661292189285,0.6124031007751938,0.04084526581268987,True
blend_h0.075_lev1.25,0.075,1.25,0.04,129.0,0.09032593736547256,0.09055488605512364,1.0030495511003117,1.8285394149470668,-0.11360926759250245,0.7950578265274685,2.533557075409521,0.6124031007751938,0.04261977016224146,True
blend_h0.075_lev1.30,0.075,1.3,0.04,129.0,0.0921991272808822,0.09417753465123951,0.9863250011352631,1.7910344930776334,-0.11872443825931056,0.7765808677022887,2.5807421836659445,0.6046511627906976,0.04441311627918579,True
blend_h0.100_lev1.00,0.1,1.0,0.04,129.0,0.0830510692199915,0.0748428573782528,1.1064331679589545,2.0810061772305812,-0.0900735507160696,0.9220361422387533,2.3576322087690604,0.5968992248062015,0.03610522117304412,True
blend_h0.100_lev1.05,0.1,1.05,0.04,129.0,0.08508959884916889,0.07858517092724804,1.0814301211813941,2.022074336278683,-0.09526378479746989,0.8931998558536044,2.4057760996306765,0.5968992248062015,0.03792734207037027,True
blend_h0.100_lev1.10,0.1,1.1,0.04,129.0,0.08711635700721132,0.08232750877165478,1.0586948714960758,1.96901721580534,-0.10045503494568231,0.8672174277209357,2.454524241170614,0.5968992248062015,0.03976010471946518,True
blend_h0.100_lev1.15,0.1,1.15,0.04,129.0,0.08913100743688762,0.08606994906720225,1.0379279283583092,1.9209906266104473,-0.10564707400303952,0.8436675438292146,2.5038673509223677,0.5968992248062015,0.041610714566988324,True
blend_h0.100_lev1.20,0.1,1.2,0.04,129.0,0.09113320493328092,0.08981241785573289,1.0188812929905142,1.8773102565992767,-0.11083967577561027,0.8222074297454264,2.5537951139660224,0.5968992248062015,0.04348595804660122,True
blend_h0.100_lev1.25,0.1,1.25,0.04,129.0,0.09312315475000865,0.09355495648147502,1.0013508922946346,1.8374169399765121,-0.11603261503328566,0.802560165719741,2.6043104728501953,0.5891472868217055,0.04537890559671525,True
blend_h0.100_lev1.30,0.1,1.3,0.04,129.0,0.09510084667876928,0.09729757721422491,0.9851622958719229,1.8008378453738252,-0.12122566750985875,0.7844943124032305,2.655410898770995,0.5891472868217055,0.04728636792343951,True
blend_h0.125_lev1.00,0.125,1.0,0.04,129.0,0.08529338198082925,0.07744213590266404,1.0986811979910727,2.0751248875469464,-0.09197991071247735,0.9273044659442026,2.4106375286761437,0.5968992248062015,0.038434372524579694,True
blend_h0.125_lev1.05,0.125,1.05,0.04,129.0,0.08743715207399627,0.08131441735491382,1.0745150575700588,2.0179386857869237,-0.09727571929712775,0.8988589619874239,2.46232168554254,0.5968992248062015,0.04037873831187876,True
blend_h0.125_lev1.10,0.125,1.1,0.04,129.0,0.08956841899496992,0.08518666338769756,1.0525410724277426,1.9664388865691513,-0.10257332968730137,0.8732135270252277,2.514698645587472,0.5968992248062015,0.0423347792914579,True
blend_h0.125_lev1.15,0.125,1.15,0.04,129.0,0.09168729406950371,0.08905890769925714,1.0324748962880645,1.9198243575253877,-0.10787248931430904,0.8499599355898205,2.56777075605229,0.5968992248062015,0.04429839562190378,True
blend_h0.125_lev1.20,0.125,1.2,0.04,129.0,0.09379317365603557,0.09293119309489262,1.0140724216557966,1.8774223331112787,-0.11317294668525191,0.8287596674219864,2.621521915493899,0.5968992248062015,0.046282587517133815,True
blend_h0.125_lev1.25,0.125,1.25,0.04,129.0,0.09588611346629383,0.09680356210207215,0.9971349398291106,1.8386872277729938,-0.11847445138311552,0.8093400083046016,2.6759519189572307,0.5891472868217055,0.048283326047439706,True
blend_h0.125_lev1.30,0.125,1.3,0.04,129.0,0.09796586461886925,0.10067595940699062,0.9814924115974818,1.8031615897373352,-0.1237767540668544,0.791472238526758,2.7310522638916073,0.5891472868217055,0.050304578409983924,True
blend_h0.150_lev1.00,0.15,1.0,0.04,129.0,0.08751764133804407,0.08021912212809527,1.0890122890261367,2.0622381929473357,-0.09389859837364256,0.9320441716264252,2.4642816299733497,0.6046511627906976,0.04076641453694599,True
blend_h0.150_lev1.05,0.15,1.05,0.04,129.0,0.08976482062758451,0.08423016487885684,1.065682408272903,2.0069500356959113,-0.09930112152441273,0.9039658288805553,2.5195758018229815,0.6046511627906976,0.04283307775729166,True
blend_h0.150_lev1.10,0.15,1.1,0.04,129.0,0.09199890739880812,0.08824122172098262,1.04447038391671,1.9571505318126634,-0.10470627006941546,0.8786379969205002,2.5756609358459333,0.6046511627906976,0.044906986533362996,True
blend_h0.150_lev1.15,0.15,1.15,0.04,129.0,0.09421937695068228,0.0922522870445876,1.0250956743219486,1.9120558765302114,-0.11011376443193965,0.8556548532941896,2.6325238404766043,0.5968992248062015,0.04699789681297009,True
blend_h0.150_lev1.20,0.15,1.2,0.04,129.0,0.09642630235787375,0.09626341999000163,1.007329617821253,1.8710295382689055,-0.11552332623052652,0.834691187522209,2.690165740352155,0.5891472868217055,0.04910211723445903,True
blend_h0.150_lev1.25,0.15,1.25,0.04,129.0,0.09861954392853267,0.10027456230111823,0.9909792719284166,1.8335444873607412,-0.1209346782790609,0.8154777879423858,2.748581993292741,0.5891472868217055,0.05122054193039141,True
blend_h0.150_lev1.30,0.15,1.3,0.04,129.0,0.1007990398810652,0.10428570624080342,0.975881596165427,1.7991618668885765,-0.1263475445868627,0.7977918384616239,2.8077695029534993,0.5891472868217055,0.05335350932629092,True
blend_h0.175_lev1.00,0.175,1.0,0.04,129.0,0.08972458120796656,0.08315591150681845,1.0779216191414565,2.043892186842291,-0.09582956304259593,0.9362933353675449,2.518575855606127,0.6046511627906976,0.04308591231438183,True
blend_h0.175_lev1.05,0.175,1.05,0.04,129.0,0.09207328518977076,0.08731374629719342,1.0554148288972622,1.990587526466258,-0.10133993288771825,0.9085587740795658,2.5775474602900013,0.6046511627906976,0.045273458730298845,True
blend_h0.175_lev1.10,0.175,1.1,0.04,129.0,0.09440791821782435,0.09147161038512867,1.0349501912254202,1.9425573071758822,-0.10685378878284402,0.8835242932722482,2.6374041529853494,0.6046511627906976,0.04747045343299304,True
blend_h0.175_lev1.15,0.175,1.15,0.04,129.0,0.09672825511610972,0.09562948001788014,1.0162603652612423,1.8990542458954172,-0.11237082251034813,0.8607951152729357,2.698140731350464,0.5968992248062015,0.04967991336509637,True
blend_h0.175_lev1.20,0.175,1.2,0.04,129.0,0.09903420295081666,0.09978737488602692,0.9991233763701556,1.8594670138426315,-0.11789072717484395,0.8400508277800243,2.7597547465384236,0.5968992248062015,0.05190001898389847,True
blend_h0.175_lev1.25,0.175,1.25,0.04,129.0,0.10132556966155115,0.10394527610126572,0.9833522350613065,1.8232891341393564,-0.12341319720327182,0.8210270210783008,2.822240475855423,0.5891472868217055,0.054133398199828285,True
blend_h0.175_lev1.30,0.175,1.3,0.04,129.0,0.10360236178009785,0.10810319511585083,0.9687901485757782,1.7900998545054336,-0.1289379283449894,0.8035057109254686,2.885597002556088,0.5891472868217055,0.0563789540757839,True
blend_h0.200_lev1.00,0.2,1.0,0.04,129.0,0.09191413373073032,0.08623621881785654,1.0658176160653021,2.0213651085792894,-0.09777275399906493,0.9400792140068935,2.5735122566829225,0.5968992248062015,0.045392059274602756,True
blend_h0.200_lev1.05,0.2,1.05,0.04,129.0,0.09436262699253972,0.09054800959667962,1.044115648081925,1.9700897922674914,-0.10339209471865929,0.9126677165145972,2.6362310601643113,0.5968992248062015,0.0476960333945388,True
blend_h0.200_lev1.10,0.2,1.1,0.04,129.0,0.09679598169431847,0.09485983838272947,1.0243820735061706,1.9238687797615965,-0.10901581842612951,0.8879076733245703,2.699932425646472,0.5968992248062015,0.050011060478727824,True
blend_h0.200_lev1.15,0.2,1.15,0.04,129.0,0.09921420027817995,0.0991716647047109,1.0063615761703508,1.8819933311593486,-0.1146435865939609,0.8654143090408711,2.7646174812449673,0.5968992248062015,0.05233335900490355,True
blend_h0.200_lev1.20,0.2,1.2,0.04,129.0,0.10161700905442927,0.10348350262877733,0.989838437316584,1.8438771449459712,-0.12027506215150285,0.8448718066462422,2.830279352135788,0.5968992248062015,0.05466824160955908,True
blend_h0.200_lev1.25,0.2,1.25,0.04,129.0,0.10400430359224844,0.1077953435281412,0.9746330939750922,1.8090365349327113,-0.12590990948505199,0.826021589703357,2.8969149048332286,0.5968992248062015,0.05701469233032708,True
blend_h0.200_lev1.30,0.2,1.3,0.04,129.0,0.1063756463626162,0.11210718786636553,0.9605908244810925,1.7770615936086274,-0.13154779443793663,0.8086463693072674,2.9645107558489716,0.5968992248062015,0.05938009115529344,True
blend_h0.225_lev1.00,0.225,1.0,0.04,129.0,0.09408650721745371,0.08944519887925237,1.0530410464461561,1.996018761423478,-0.09972812046015445,0.9434300654953705,2.6290894840398726,0.6124031007751938,0.047677021768283305,True
blend_h0.225_lev1.05,0.225,1.05,0.04,129.0,0.09663290787373335,0.09391739308719772,1.0321184574756213,1.9467380667696677,-0.10545754827293763,0.9163204479553708,2.695620165134489,0.6124031007751938,0.050096197492927194,True
blend_h0.225_lev1.10,0.225,1.1,0.04,129.0,0.09916314262704429,0.0983896171964699,1.013094403184517,1.9023048821345918,-0.11119229150662269,0.8918167013505434,2.763237339551275,0.6124031007751938,0.05252358758205859,True
blend_h0.225_lev1.15,0.225,1.15,0.04,129.0,0.10167726132986665,0.10286182352515,0.9957232008465784,1.8620436008493964,-0.11693197961856272,0.8695419479046055,2.8319439003855615,0.6124031007751938,0.05495578611251246,True
blend_h0.225_lev1.20,0.225,1.2,0.04,129.0,0.10417471265568712,0.10733403014677027,0.9797944144163997,1.8253865308239474,-0.1226762436653479,0.8491840762574077,2.901725435072663,0.6046511627906976,0.05740391285966966,True
blend_h0.225_lev1.25,0.225,1.25,0.04,129.0,0.10665540852873123,0.11180620766037054,0.9651354610256246,1.7918707939174314,-0.12842471630288055,0.8304897343685156,2.972579079167331,0.5968992248062015,0.05986742843311811,True
blend_h0.225_lev1.30,0.225,1.3,0.04,129.0,0.109118978798185,0.11627839609941766,0.951597583498858,1.761103695109567,-0.13417703178644835,0.8132463309507032,3.0444929373579126,0.5968992248062015,0.06234919502109595,True
blend_h0.250_lev1.00,0.25,1.0,0.04,129.0,0.09624136544341577,0.09276945328660408,1.0398625488466517,1.969109111672707,-0.10169561158101303,0.9463669468839145,2.6852918631609306,0.6046511627906976,0.049947300644511666,True
blend_h0.250_lev1.05,0.25,1.05,0.04,129.0,0.09888387444426772,0.09740781096333917,1.0196915904664638,1.9217595122344677,-0.1075362347311859,0.9195400479796698,2.7556994789815823,0.6046511627906976,0.05247788679771633,True
blend_h0.250_lev1.10,0.25,1.1,0.04,129.0,0.1015090609509417,0.10204616657972347,1.0013517735910387,1.8790555903795896,-0.11338314044154074,0.8952747344591218,2.8272993628909013,0.6046511627906976,0.05501498711169455,True
blend_h0.250_lev1.15,0.25,1.15,0.04,129.0,0.10411689297518345,0.10668449998842791,0.9846052906868001,1.8403490338529334,-0.11923592441261044,0.8732007026245859,2.9000924139259663,0.5968992248062015,0.05755786211416721,True
blend_h0.250_lev1.20,0.25,1.2,0.04,129.0,0.10670653523881701,0.111322798906957,0.9692473103436335,1.8050931563713168,-0.12509418409438677,0.8530095624453987,2.974055720880517,0.5968992248062015,0.060124159765503206,True
blend_h0.250_lev1.25,0.25,1.25,0.04,129.0,0.10927837098911031,0.11596108785776371,0.9551151063459815,1.7728533854023643,-0.13095751868638295,0.8344566397200159,3.0491996384839952,0.5968992248062015,0.06270056508610278,True
blend_h0.250_lev1.30,0.25,1.3,0.04,129.0,0.11183174614028824,0.12059943050390692,0.9420628978556748,1.7432494573222346,-0.13682552913769153,0.8173309969643799,3.1255036157346,0.5968992248062015,0.06529776415619941,True
blend_h0.275_lev1.00,0.275,1.0,0.04,129.0,0.09837880519957865,0.09619707381722943,1.026500065745044,1.9410739428217079,-0.10367517645548618,0.9489137955971401,2.742114262765682,0.5891472868217055,0.05219802754565036,True
blend_h0.275_lev1.05,0.275,1.05,0.04,129.0,0.10111565489469831,0.1010067400055164,1.007051255146936,1.8955938536563723,-0.10962809519979544,0.9223516536560875,2.816463158213447,0.5891472868217055,0.05483477183201892,True
blend_h0.275_lev1.10,0.275,1.1,0.04,129.0,0.10383379335861753,0.10581639464559016,0.9893675375988562,1.8545610844390685,-0.11558829755900424,0.8983071431224567,2.8921087593076282,0.5891472868217055,0.0574805663204538,True
blend_h0.275_lev1.15,0.275,1.15,0.04,129.0,0.10653274529011725,0.11062602599917477,0.9732160806066918,1.817349599071374,-0.12155534369851695,0.8764135088486201,2.9690390304567353,0.5891472868217055,0.06014474277125953,True
blend_h0.275_lev1.20,0.275,1.2,0.04,129.0,0.1092125772078516,0.1154356542573293,0.958406907847087,1.7834533517368045,-0.12752879569136477,0.8563758217568317,3.047256010900007,0.5891472868217055,0.06282176514036521,True
blend_h0.275_lev1.25,0.275,1.25,0.04,129.0,0.11187318334884466,0.12024525495353756,0.9447794464327991,1.7524490021967318,-0.13350821751824815,0.8379497938660864,3.1267560611238503,0.5891472868217055,0.06550940115754296,True
blend_h0.275_lev1.30,0.275,1.3,0.04,129.0,0.11451398986871464,0.12505482611088076,0.9321942779731257,1.7239750950464414,-0.13949317506757364,0.8209289795951772,3.207520097865656,0.5891472868217055,0.06821834863457081,True
blend_h0.300_lev1.00,0.3,1.0,0.04,129.0,0.10049880932129995,0.09971742049205469,1.0131229162737923,1.912329893236775,-0.10566676411675491,0.9510919555580911,2.7995482235596363,0.5891472868217055,0.054427077851868344,True
blend_h0.300_lev1.05,0.3,1.05,0.04,129.0,0.10332791799250685,0.10470305961001693,0.9943624627992155,1.8686518163577412,-0.11173307071172578,0.9247747093525743,2.8778922537053546,0.5891472868217055,0.05717292025472103,True
blend_h0.300_lev1.10,0.3,1.1,0.04,129.0,0.10613662350582342,0.10968864115013484,0.9773028653930926,1.829230951813988,-0.11780769509904909,0.9009311608769445,2.9576330916486375,0.5891472868217055,0.05993517416797867,True
blend_h0.300_lev1.15,0.3,1.15,0.04,129.0,0.10892513632720013,0.11467419943442637,0.9617249812392166,1.7934801248286183,-0.1238901600939063,0.8792073256232539,3.0387778319772156,0.5813953488372093,0.06270460469361928,True
blend_h0.300_lev1.20,0.3,1.2,0.04,129.0,0.11169306211387164,0.11965974657313223,0.947441756899543,1.7609064831156682,-0.12997999058530574,0.8593096645946254,3.121315180822982,0.5813953488372093,0.06548708455490108,True
blend_h0.300_lev1.25,0.3,1.25,0.04,129.0,0.11444015324240597,0.1246452297351396,0.9342975831005382,1.7311028227859209,-0.13607671353609951,0.840997333552198,3.205236477476155,0.5813953488372093,0.06828293808941718,True
blend_h0.300_lev1.30,0.3,1.3,0.04,129.0,0.11716613081541416,0.12963071340750887,0.9221598268913618,1.7037287096703757,-0.1421798579829997,0.8240698259061673,3.2905305521511985,0.5813953488372093,0.07109611106727769,True
blend_h0.325_lev1.00,0.325,1.0,0.04,129.0,0.10260105562769994,0.10332106355974592,0.9998578667528304,1.8833196842519162,-0.10767032353796324,0.9529186154207484,2.8575763461554797,0.5813953488372093,0.05663763658025743,True
blend_h0.325_lev1.05,0.325,1.05,0.04,129.0,0.1055204565214074,0.10848674517948972,0.9817541352224969,1.841379539570995,-0.11385110222729589,0.926828589772834,2.939970136651316,0.5813953488372093,0.05949501208403237,True
blend_h0.325_lev1.10,0.325,1.1,0.04,129.0,0.10841813828801361,0.11365242554478369,0.9652931214448685,1.8035184270863351,-0.12004126521461722,0.9031739051914934,3.023875861268806,0.5813953488372093,0.06236095949234999,True
blend_h0.325_lev1.15,0.325,1.15,0.04,129.0,0.11129400068292372,0.11881806933149847,0.9502614365290855,1.7691720835874696,-0.12624029611283838,0.8816044013667784,3.10929139921292,0.5813953488372093,0.06523572655522421,True
blend_h0.325_lev1.20,0.325,1.2,0.04,129.0,0.11414780024878546,0.12398367047319452,0.9364799921851715,1.7378724973175301,-0.13244768078301228,0.8618331372354694,3.19620905017404,0.5813953488372093,0.06812069635099754,True
blend_h0.325_lev1.25,0.325,1.25,0.04,129.0,0.11697920581477561,0.1291492220053192,0.923797749097266,1.7092291765431407,-0.13866290733432152,0.8436229130313438,3.2846167090068765,0.5813953488372093,0.0710184000458325,True
blend_h0.325_lev1.30,0.325,1.3,0.04,129.0,0.11978792223801782,0.13431477779278816,0.9120867967853924,1.6829165721645534,-0.14488546612407072,0.8267766632675153,3.3745014891579674,0.5813953488372093,0.07393270076710722,True
blend_h0.350_lev1.00,0.35,1.0,0.04,129.0,0.10468556444830623,0.10699947158887699,0.9868040943597299,1.8544135676266484,-0.10989076747662818,0.9526329358885495,2.916189875888649,0.5968992248062015,0.058829978690948526,True
blend_h0.350_lev1.05,0.35,1.05,0.04,129.0,0.10769349470287803,0.11234900566438581,0.9693261226700354,1.8141329631766927,-0.11598213063496066,0.9285352330854304,3.0026917843240706,0.5891472868217055,0.061790660778795116,True
blend_h0.350_lev1.10,0.35,1.1,0.04,129.0,0.11067822633698143,0.11769848461800266,0.9534358698736192,1.7777656950647833,-0.1222889399725251,0.9050550798939604,3.0908204302457065,0.5813953488372093,0.0647576379669864,True
blend_h0.350_lev1.15,0.35,1.15,0.04,129.0,0.11363939618166197,0.12304795895391969,0.9389246826554339,1.7447654062987092,-0.12860567416700552,0.8836266122604469,3.1805651889491418,0.5813953488372093,0.0677331653335032,True
blend_h0.350_lev1.20,0.35,1.2,0.04,129.0,0.11657670449119206,0.12839734687009235,0.9256199997154776,1.7146839944093473,-0.13493177817052993,0.8639677477892547,3.2719152797181272,0.5736434108527132,0.07072097839643825,True
blend_h0.350_lev1.25,0.35,1.25,0.04,129.0,0.11949010169888719,0.1337467226715652,0.9133776019028959,1.6871522921956754,-0.14126669936583547,0.8458476218053776,3.36486599623695,0.5736434108527132,0.07371722180550017,True
blend_h0.350_lev1.30,0.35,1.3,0.04,129.0,0.12237906125203835,0.13909609407385598,0.902072770291888,1.6618550232707134,-0.14760988756622562,0.8290708926739926,3.459395589498063,0.5658914728682171,0.07673065830700478,True
blend_h0.375_lev1.00,0.375,1.0,0.04,129.0,0.1067523956538654,0.1107452222868435,0.9740335386597464,1.825899482479259,-0.11281953600237649,0.9462226085703519,2.975380827448856,0.5968992248062015,0.060999066052143634,True
blend_h0.375_lev1.05,0.375,1.05,0.04,129.0,0.10984703280858699,0.11628196361366983,0.9571512691009353,1.7871850964325309,-0.1186598645673117,0.9257303066132736,3.0660455095380286,0.5968992248062015,0.06405946494644606,True
blend_h0.375_lev1.10,0.375,1.1,0.04,129.0,0.11291673723451079,0.12181864116875105,0.9418029579822715,1.7522254001331181,-0.12455065135440957,0.9065929082394406,3.1584480923718443,0.5968992248062015,0.0671246361288843,True
blend_h0.375_lev1.15,0.375,1.15,0.04,129.0,0.11596105969270054,0.1273552585299818,0.927786850020691,1.7204972435647559,-0.13098621656690068,0.8852920767695729,3.2525740035616666,0.5891472868217055,0.07020000065057035,True
blend_h0.375_lev1.20,0.375,1.2,0.04,129.0,0.11897978015779898,0.13289183217793638,0.914936317258328,1.6915714276057685,-0.1374321945145801,0.8657344123627195,3.3484133799740783,0.5891472868217055,0.07328406346654134,True
blend_h0.375_lev1.25,0.375,1.25,0.04,129.0,0.121972608602541,0.1384284269254771,0.9031106771156302,1.665090957726926,-0.14388798994383523,0.8476913788993188,3.4459520842592113,0.5813953488372093,0.07638076498170218,True
blend_h0.375_lev1.30,0.375,1.3,0.04,129.0,0.12493921711487888,0.1439649768601603,0.8921913724221253,1.640757191024809,-0.15035301022232805,0.8309725021809033,3.545172445030782,0.5813953488372093,0.07949320175252332,False
blend_h0.400_lev1.00,0.4,1.0,0.04,129.0,0.10880129712932662,0.11455172647563461,0.9615949873866015,1.797996550354341,-0.11574843051863892,0.9399807551758241,3.0351317461102636,0.6046511627906976,0.06315007626703467,True
blend_h0.400_lev1.05,0.4,1.05,0.04,129.0,0.11198089206769968,0.1202787035022094,0.9452800188318805,1.7607690109541765,-0.12173131752815392,0.9199020789518756,3.1300137017559115,0.5968992248062015,0.06630322684638568,True
blend_h0.400_lev1.10,0.4,1.1,0.04,129.0,0.11513361025874791,0.12600559999028726,0.9304471740582518,1.7271438386912665,-0.12770160034410494,0.9015831434258357,3.2267419575077727,0.5968992248062015,0.06946164413750032,True
blend_h0.400_lev1.15,0.4,1.15,0.04,129.0,0.11825889485367092,0.13173240069163455,0.9169010411727825,1.6966190146100413,-0.13365928017231377,0.8847787800533666,3.3252965689004315,0.5968992248062015,0.0726348843335856,True
blend_h0.400_lev1.20,0.4,1.2,0.04,129.0,0.12135667810594164,0.1374592378834939,0.9044811719358008,1.6687845786136237,-0.13994884146395348,0.8671502874655764,3.4256703455016124,0.5891472868217055,0.07581446338817979,True
blend_h0.400_lev1.25,0.4,1.25,0.04,129.0,0.12442661143024636,0.14318607510378845,0.8930519657437762,1.6432996580752093,-0.14652667924347884,0.8491737618887173,3.527844955134895,0.5813953488372093,0.07900728341902377,True
blend_h0.400_lev1.30,0.4,1.3,0.04,129.0,0.1274681119647576,0.1489127604572771,0.8824978370067001,1.61987538215966,-0.1531147218446981,0.8325006924810702,3.6317912420518033,0.5813953488372093,0.08222237391514224,False
blend_h0.425_lev1.00,0.425,1.0,0.04,129.0,0.1108323404139282,0.11841311664111276,0.9495238616534937,1.770857224547804,-0.12057650784927287,0.9191868498337553,3.095433925552756,0.5891472868217055,0.0652790216561211,True
blend_h0.425_lev1.05,0.425,1.05,0.04,129.0,0.11409482422752992,0.12433308020303852,0.9337464761837831,1.7350330114200059,-0.12670727880284582,0.9004599049519433,3.194575699240778,0.5891472868217055,0.06852551291394676,True
blend_h0.425_lev1.10,0.425,1.1,0.04,129.0,0.1173283000716514,0.13025292437855396,0.9194017582685028,1.702666065804845,-0.13281655815734283,0.8833860905554933,3.2956690065968437,0.5891472868217055,0.07177967645313439,True
blend_h0.425_lev1.15,0.425,1.15,0.04,129.0,0.12053240720758263,0.13617270847378352,0.9063018394307015,1.673278015766554,-0.1389043494857295,0.8677367386538581,3.3986976404318523,0.5891472868217055,0.0750460278149362,True
blend_h0.425_lev1.20,0.425,1.2,0.04,129.0,0.12370710982238231,0.1420925049281731,0.8942921892410427,1.6464776145189457,-0.14497065630494566,0.8533251692133097,3.5036533730019452,0.5891472868217055,0.07831578307757954,True
blend_h0.425_lev1.25,0.425,1.25,0.04,129.0,0.126851551791604,0.1480122553881393,0.8832387026465603,1.6219319894511655,-0.15101548207699522,0.8399903774563244,3.6104979380610076,0.5891472868217055,0.08160676699139062,False
blend_h0.425_lev1.30,0.425,1.3,0.04,129.0,0.12996537720357892,0.15393194113498268,0.8730306438056931,1.5993652857628673,-0.1570388302100132,0.8276002631309208,3.7192058733084146,0.5891472868217055,0.08492157045149534,False
blend_h0.450_lev1.00,0.45,1.0,0.04,129.0,0.11284546171690368,0.12232416873094676,0.9378418414031624,1.7445418135558286,-0.12654388951327722,0.8917495909991271,3.1562742686409506,0.5891472868217055,0.06738529708365985,True
blend_h0.450_lev1.05,0.45,1.05,0.04,129.0,0.11618896638127807,0.1284395880243324,0.9225753983016054,1.7100478305339522,-0.13294996193661424,0.8739300462280146,3.2597218646666057,0.5891472868217055,0.07072037431566577,True
blend_h0.450_lev1.10,0.45,1.1,0.04,129.0,0.11950107894222617,0.13455490727077848,0.9086933828349294,1.678872511179962,-0.1393323526493947,0.857669282617581,3.3652207034594,0.5891472868217055,0.07406879306065732,True
blend_h0.450_lev1.15,0.45,1.15,0.04,129.0,0.12278176607885638,0.14067016755868583,0.8960166345928458,1.6505625609533248,-0.14569106605147475,0.8427542567055952,3.4727620290412626,0.5891472868217055,0.07742658539321184,True
blend_h0.450_lev1.20,0.45,1.2,0.04,129.0,0.12603085542558246,0.146785408656615,0.8843950160128387,1.6247416665437966,-0.1520261064710564,0.8290079799522915,3.582330331774858,0.5891472868217055,0.0807895081965327,False
blend_h0.450_lev1.25,0.45,1.25,0.04,129.0,0.12924706384878237,0.1529006035320827,0.873696242645174,1.6010835290919097,-0.15833747816613963,0.816275876979464,3.6938684753041056,0.5891472868217055,0.08418317577260238,False
blend_h0.450_lev1.30,0.45,1.3,0.04,129.0,0.13243112453225647,0.15901570052879038,0.8638198485582367,1.5793391665492649,-0.16462518532593118,0.8044402457015573,3.8073852325237336,0.5891472868217055,0.08758371044949244,False
blend_h0.475_lev1.00,0.475,1.0,0.04,129.0,0.11484002957474937,0.1262802746100251,0.9265564990722424,1.719097930390837,-0.13249007873618968,0.8667821067826176,3.2176215141036457,0.5891472868217055,0.06948141394935306,True
blend_h0.475_lev1.05,0.475,1.05,0.04,129.0,0.11826305056253483,0.13259339149552085,0.9117784303237393,1.6858727602148538,-0.1391692891519597,0.8497783619014018,3.325429415202477,0.5891472868217055,0.07289187004630196,True
blend_h0.475_lev1.10,0.475,1.1,0.04,129.0,0.1216518702039906,0.1389064539365165,0.8983365897859809,1.6558291919614065,-0.14582252335764423,0.8342460917757355,3.435377063135079,0.5891472868217055,0.07632795113810412,True
blend_h0.475_lev1.15,0.475,1.15,0.04,129.0,0.1250069069636799,0.14521943425197456,0.8860614207941482,1.6285415888055015,-0.152449786664829,0.8199874181425776,3.5474663092921754,0.5891472868217055,0.0797751892924984,False
blend_h0.475_lev1.20,0.475,1.2,0.04,129.0,0.12832747649085352,0.15153240486480304,0.8748045734006638,1.6036419212724171,-0.15905108429540893,0.8068318242490456,3.661659976331335,0.5891472868217055,0.08324245689873214,False
blend_h0.475_lev1.25,0.475,1.25,0.04,129.0,0.13161349499618735,0.15784526142154665,0.8644456807661517,1.5808331304532324,-0.16562642138346462,0.7946406974009947,3.7779374935887926,0.5891472868217055,0.08672392037089173,False
blend_h0.475_lev1.30,0.475,1.3,0.04,129.0,0.13486492348790646,0.1641580699106558,0.8548823593997703,1.5598651493188735,-0.17217580297709334,0.7832977756221018,3.8962773138393314,0.5891472868217055,0.09021266930850175,False
blend_h0.500_lev1.00,0.5,1.0,0.04,129.0,0.11681624271597957,0.13027734188015935,0.9156742058017484,1.6945664366220476,-0.13841508425099402,0.8439560135234369,3.2794688282286835,0.5891472868217055,0.07156084749672519,True
blend_h0.500_lev1.05,0.5,1.05,0.04,129.0,0.12031675785087481,0.1367901649197167,0.901359769573322,1.6625426838509818,-0.14536527042140857,0.8276857154537736,3.391672786156998,0.5891472868217055,0.07504540403467921,True
blend_h0.500_lev1.10,0.5,1.1,0.04,129.0,0.12378030753306701,0.1433030287177757,0.8883366485784017,1.6335730428719804,-0.15228708159346394,0.8128089804984455,3.5061075839220126,0.5813953488372093,0.07856312587455509,False
blend_h0.500_lev1.15,0.5,1.15,0.04,129.0,0.1272072665444377,0.14981579566783648,0.8764414951899873,1.6072503513053213,-0.15918052407713468,0.7991383825498427,3.6227689158987118,0.5813953488372093,0.0821023091239661,False
blend_h0.500_lev1.20,0.5,1.2,0.04,129.0,0.1305973322262266,0.15632851642497084,0.8655333442437644,1.5832281076411079,-0.16604560407207836,0.7865148430520083,3.741627344760925,0.5813953488372093,0.08566203240488549,False
blend_h0.500_lev1.25,0.5,1.25,0.04,129.0,0.13395054663258854,0.16284114267722807,0.8554961204276083,1.5612210420581756,-0.17288232767002076,0.774807630356869,3.8626622308033753,0.5813953488372093,0.08923191212496705,False
blend_h0.500_lev1.30,0.5,1.3,0.04,129.0,0.137266572810548,0.16935364682431153,0.8462294865432431,1.5409869318244158,-0.17969070085708438,0.7639047104597911,3.9858362144172164,0.5813953488372093,0.09280652615802142,False
blend_h0.525_lev1.00,0.525,1.0,0.04,129.0,0.11877416370200788,0.13431170225500805,0.9051946815090673,1.6709646342554425,-0.1443189146736008,0.8229978999678159,3.341805012926957,0.5968992248062015,0.07362008711840323,True
blend_h0.525_lev1.05,0.525,1.05,0.04,129.0,0.12234983948683498,0.14102612645351287,0.8913182113200742,1.6400693150125811,-0.15153791557770135,0.8073876364235713,3.458427488960987,0.5891472868217055,0.07718432318672401,False
blend_h0.525_lev1.10,0.525,1.1,0.04,129.0,0.12588574924358897,0.14774059380234028,0.8786916824267449,1.612110949527116,-0.15872603850281908,0.79310080709507,3.5773708430889672,0.5891472868217055,0.08078733437791093,False
blend_h0.525_lev1.15,0.525,1.15,0.04,129.0,0.12938261197626733,0.15445505346529737,0.8671587569138683,1.5867038150285206,-0.16588329084560272,0.7799616906364083,3.6986377088879254,0.5813953488372093,0.08441021191596895,False
blend_h0.525_lev1.20,0.525,1.2,0.04,129.0,0.13284006828444217,0.161169370989307,0.8565834589099273,1.563514970563207,-0.17300967986899485,0.7678187046241018,3.822191710201158,0.5813953488372093,0.08805320167434205,False
blend_h0.525_lev1.25,0.525,1.25,0.04,129.0,0.1362581683704973,0.16788358030098455,0.8468530009995493,1.542269832382086,-0.18010521270522006,0.7565476108318551,3.9480072984438626,0.5813953488372093,0.0917044467398807,False
blend_h0.525_lev1.30,0.525,1.3,0.04,129.0,0.13963607323607885,0.17459758308624265,0.8378679253643063,1.5227302933436762,-0.18716989635869263,0.7460391652324265,4.076021978204479,0.5813953488372093,0.0953613044295155,False
blend_h0.550_lev1.00,0.55,1.0,0.04,129.0,0.12071398017722834,0.13838006035175104,0.8951142675452272,1.6482940104453967,-0.15020157850475147,0.8036798373154892,3.4046226747261517,0.5968992248062015,0.07565212028231283,False
blend_h0.550_lev1.05,0.55,1.05,0.04,129.0,0.12436232649665868,0.14529788865299995,0.881650346897856,1.618455832040886,-0.15768723431617127,0.7886645170483847,3.5256773758113416,0.5968992248062015,0.07930501330823655,False
blend_h0.550_lev1.10,0.55,1.1,0.04,129.0,0.12796842540385067,0.1522156099322793,0.8694007763973141,1.5914544426030934,-0.16513940506919844,0.7749115079482575,3.6491535295032085,0.5891472868217055,0.0829916928300638,False
blend_h0.550_lev1.15,0.55,1.15,0.04,129.0,0.13153306416200095,0.15913340506969065,0.8582131414068987,1.5669153555538116,-0.1725580993368886,0.7622537838992207,3.7750518864016445,0.5891472868217055,0.08669279452373259,False
blend_h0.550_lev1.20,0.55,1.2,0.04,129.0,0.13505580613475754,0.16605101431407235,0.8479556920074905,1.5445180647075345,-0.17994332553226755,0.7505463497202026,3.9033280868881333,0.5891472868217055,0.09040926062980084,False
blend_h0.550_lev1.25,0.55,1.25,0.04,129.0,0.13853633583235014,0.17296850105940892,0.838517024779246,1.5239947016181805,-0.18729509191202076,0.7396687997431649,4.033937138918196,0.5891472868217055,0.09413649514330705,False
blend_h0.550_lev1.30,0.55,1.3,0.04,129.0,0.14197339222678496,0.17988562266884828,0.8297993692085991,1.5051122276241196,-0.19461340658007997,0.7295149636485369,4.166792168507911,0.5891472868217055,0.0978726997349658,False
blend_h0.575_lev1.00,0.575,1.0,0.04,129.0,0.12263522562815332,0.1424795735210262,0.8854213488783111,1.626535027685795,-0.1560630841318874,0.785805472897841,3.4678926974276627,0.5968992248062015,0.07766570275438468,False
blend_h0.575_lev1.05,0.575,1.05,0.04,129.0,0.12635424323003774,0.1496022945522267,0.8723502025237706,1.5976997356387632,-0.16381323619706856,0.77133109731153,3.5934056334599256,0.5968992248062015,0.08140449632881062,False
blend_h0.575_lev1.10,0.575,1.1,0.04,129.0,0.13002874335707393,0.156724820550392,0.8604611117554536,1.5716081065186625,-0.17152719211647982,0.7580648977730287,3.721448565248513,0.5968992248062015,0.0851634520188036,False
blend_h0.575_lev1.15,0.575,1.15,0.04,129.0,0.1336587616874072,0.16384747009659661,0.8496011780546081,1.547889428755953,-0.17920496173058909,0.7458429744168883,3.851990883803927,0.5968992248062015,0.08894333251453886,False
blend_h0.575_lev1.20,0.575,1.2,0.04,129.0,0.13724427530056382,0.17096992825079582,0.8396452804509655,1.526240438007928,-0.18684655469040679,0.7345293335912408,3.9849962120767595,0.5891472868217055,0.09273316422796292,False
blend_h0.575_lev1.25,0.575,1.25,0.04,129.0,0.14078477168988068,0.17809224543916197,0.8304843840976278,1.5064010034405977,-0.19445198046198586,0.7240079085612771,4.120405307947434,0.5891472868217055,0.09652756251234584,False
blend_h0.575_lev1.30,0.575,1.3,0.04,129.0,0.14427813256428124,0.18521407442292603,0.8220199950937582,1.4881378986146998,-0.20202124833078938,0.7141730573213783,4.258088507822595,0.5891472868217055,0.10034786215232647,False
blend_h0.600_lev1.00,0.6,1.0,0.04,129.0,0.12453762146078295,0.14660743691887296,0.8761050320521908,1.6056712083875544,-0.16190343983097832,0.7692092372515124,3.5315908716328046,0.6124031007751938,0.07966622513120303,False
blend_h0.600_lev1.05,0.6,1.05,0.04,129.0,0.12832581900864537,0.1539365866842659,0.8634102407499081,1.5777898485656185,-0.16991593064784127,0.7552312400572178,3.661602153802891,0.6124031007751938,0.0834745646669919,False
blend_h0.600_lev1.10,0.6,1.1,0.04,129.0,0.1320665792271034,0.16126535213701676,0.8518640576238121,1.5525583872275235,-0.17788941031173477,0.7424083254628194,3.7942301507744447,0.6124031007751938,0.087302751754353,False
blend_h0.600_lev1.15,0.6,1.15,0.04,129.0,0.13575956048820403,0.16859424535094236,0.8413152906403474,1.5296149078923826,-0.1858238900226571,0.7305818453787141,3.9294232780294167,0.6046511627906976,0.09116204120942495,False
blend_h0.600_lev1.20,0.6,1.2,0.04,129.0,0.13940541594961875,0.175922988024682,0.8316461419635838,1.5086743060654701,-0.19371938075844863,0.7196255501324634,4.067162309041241,0.5968992248062015,0.09502253746263888,False
blend_h0.600_lev1.25,0.6,1.25,0.04,129.0,0.1430030126175983,0.1832514630017022,0.822748306706128,1.4894799725762278,-0.20157589328021686,0.709425171286754,4.2073562048697575,0.5891472868217055,0.09888429845215452,False
blend_h0.600_lev1.30,0.6,1.3,0.04,129.0,0.14654995815543947,0.19057959189243692,0.8145242043721056,1.4718021032029738,-0.20939343813760503,0.6998784654327739,4.3498528469109266,0.5813953488372093,0.10278983665556313,False
blend_h0.625_lev1.00,0.625,1.0,0.04,129.0,0.12642162340824425,0.15076142834449457,0.8671557703971451,1.585695657663919,-0.16772265376831663,0.7537540133539535,3.5957171580677505,0.6124031007751938,0.08164015691271975,False
blend_h0.625_lev1.05,0.625,1.05,0.04,129.0,0.13027691029537114,0.15829827812882336,0.8548191105576112,1.5587150602286433,-0.17599532696536213,0.740229371664005,3.730243647880149,0.6124031007751938,0.08551614381781972,False
blend_h0.625_lev1.10,0.625,1.1,0.04,129.0,0.13408169834801842,0.16583461873190825,0.8435988614128567,1.5342946759984448,-0.18422607016796955,0.7278106634189634,3.867467524575102,0.6124031007751938,0.08941251724798101,False
blend_h0.625_lev1.15,0.625,1.15,0.04,129.0,0.1378354836446809,0.17337105961579333,0.8333470569711309,1.5120840789635954,-0.19241489602874162,0.7163451816334011,4.007322888991223,0.6046511627906976,0.09334490942716082,False
blend_h0.625_lev1.20,0.625,1.2,0.04,129.0,0.14153917844118857,0.18090737982814956,0.8239505613232718,1.491811085052962,-0.2005618169419796,0.7057134832505748,4.149792006783234,0.6046511627906976,0.09727382557588773,False
blend_h0.625_lev1.25,0.625,1.25,0.04,129.0,0.1451908974665026,0.18844323779712702,0.8153014877439418,1.473221906202149,-0.20866684505016764,0.695802428179694,4.294744076226423,0.6046511627906976,0.10120834531760499,False
blend_h0.625_lev1.30,0.625,1.3,0.04,129.0,0.14878802617731846,0.19597916978464944,0.8073024856344978,1.4560885912597756,-0.21672999225026046,0.686513318403626,4.442003821970436,0.6046511627906976,0.10521209315689478,False
blend_h0.650_lev1.00,0.65,1.0,0.04,129.0,0.12828726425063297,0.1549394518126673,0.858560892079785,1.5665794794945045,-0.17352073400227463,0.73931951122885,3.6602573753807786,0.6356589147286822,0.08358466421921452,False
blend_h0.650_lev1.05,0.65,1.05,0.04,129.0,0.13220755482339897,0.16268518483942132,0.8465652543279963,1.5404503604055577,-0.18205143431811632,0.7262099050116778,3.7993125382670563,0.627906976744186,0.08752593603695309,False
blend_h0.650_lev1.10,0.65,1.1,0.04,129.0,0.1360739961848112,0.17043029701337456,0.8356544679994882,1.5167960541147465,-0.19053718204681203,0.7141598018982979,3.9411336028647357,0.6124031007751938,0.09149243824728207,False
blend_h0.650_lev1.15,0.65,1.15,0.04,129.0,0.13988632828151126,0.17817547843986012,0.8256858852697909,1.4952802978507491,-0.19897799138745031,0.7030241249602542,4.085654202830615,0.6046511627906976,0.09549368628797471,False
blend_h0.650_lev1.20,0.65,1.2,0.04,129.0,0.14364524463960615,0.18592055603851484,0.8165483952452219,1.4756382052072923,-0.2073738762410703,0.6926872721066362,4.232839304614368,0.6046511627906976,0.0994887490567562,False
blend_h0.650_lev1.25,0.65,1.25,0.04,129.0,0.14734782557869486,0.19366515219390704,0.8081327741326314,1.4576140120438463,-0.2157248502183411,0.6830359387412255,4.382503704254866,0.5968992248062015,0.10351120219355421,False
blend_h0.650_lev1.30,0.65,1.3,0.04,129.0,0.1509920529541251,0.20141009145290986,0.8003469238193216,1.4409940293445962,-0.22403092664700663,0.6739786118549386,4.534480036815152,0.5968992248062015,0.10761559558851447,False
blend_h0.675_lev1.00,0.675,1.0,0.04,129.0,0.1301344507926363,0.15913961179349212,0.8503064782003443,1.5482964607369123,-0.17929768848502825,0.725801051269564,3.725192554479247,0.6201550387596899,0.08549988183825279,False
blend_h0.675_lev1.05,0.675,1.05,0.04,129.0,0.13411761395832356,0.16709531147299833,0.8386356575321954,1.5229695554307394,-0.18808426174833748,0.713071964191119,3.868784389103475,0.6201550387596899,0.08950487219742893,False
blend_h0.675_lev1.10,0.675,1.1,0.04,129.0,0.13804348594674853,0.17505030386723433,0.8280197281702387,1.5000365289406723,-0.19682275616113354,0.7013593785554757,4.015204927205924,0.6201550387596899,0.09353926047530678,False
blend_h0.675_lev1.15,0.675,1.15,0.04,129.0,0.14191185743411072,0.18300534788566583,0.8183202189841063,1.479174018960869,-0.2055131875635403,0.6905243362557189,4.164379148186566,0.6201550387596899,0.09761002295245051,False
blend_h0.675_lev1.20,0.675,1.2,0.04,129.0,0.14572286861673067,0.19096016867522322,0.8094270306106369,1.4601217877433037,-0.214155571454114,0.6804533154438802,4.316239185311871,0.6124031007751938,0.10167813446591459,False
blend_h0.675_lev1.25,0.675,1.25,0.04,129.0,0.1494732202455049,0.1989148015896611,0.8012314165563217,1.4426257017963193,-0.22274992299887286,0.671036013091063,4.47056816509903,0.6046511627906976,0.10580082226920151,False
blend_h0.675_lev1.30,0.675,1.3,0.04,129.0,0.15316099997050814,0.20687007062744822,0.7936451568563682,1.4264815338393675,-0.2312962570400371,0.6621853804750336,4.627185606435909,0.6046511627906976,0.11000337616764427,False
blend_h0.700_lev1.00,0.7,1.0,0.04,129.0,0.13196290585838533,0.16336022468547326,0.8423772966895696,1.530798719669017,-0.18505352506424522,0.7131066852823886,3.7904965017077488,0.6201550387596899,0.08739037960792596,False
blend_h0.700_lev1.05,0.7,1.05,0.04,129.0,0.13600676668497602,0.17152688080170084,0.831016020052838,1.5062311762438425,-0.1940938181741041,0.700726936923754,3.938627161221544,0.6201550387596899,0.0914584258140829,False
blend_h0.700_lev1.10,0.7,1.1,0.04,129.0,0.1399897216703221,0.1796927607247308,0.8206808183051921,1.4839805847341931,-0.203082802577621,0.6893233690568954,4.089639799466158,0.6124031007751938,0.0955610645880166,False
blend_h0.700_lev1.15,0.7,1.15,0.04,129.0,0.14391177504994412,0.18785870304926724,0.8112379875653116,1.463736952788077,-0.212020495851036,0.678763505727557,4.243455995124343,0.6124031007751938,0.09969810516964563,False
blend_h0.700_lev1.20,0.7,1.2,0.04,129.0,0.1477721749534482,0.19602426765783446,0.8025770296762818,1.4452406521331222,-0.22090691518157812,0.6689341292552312,4.399959610903994,0.6124031007751938,0.10383924171244528,False
blend_h0.700_lev1.25,0.7,1.25,0.04,129.0,0.1515671039572879,0.20419010117928454,0.7945886577688036,1.428238593685193,-0.22974207737800145,0.6597272284080119,4.558893423282032,0.6124031007751938,0.10806852787948525,False
blend_h0.700_lev1.30,0.7,1.3,0.04,129.0,0.15529538659578446,0.21235655504741138,0.7871924671641737,1.4125448911104472,-0.2385259988807794,0.6510627240823527,4.7200888114334125,0.6124031007751938,0.11237280419153599,False
blend_h0.725_lev1.00,0.725,1.0,0.04,129.0,0.13377241737067402,0.16759972913835106,0.8347587863114245,1.5140456215613092,-0.19078825148474166,0.7011564723175447,3.8561443893352347,0.6201550387596899,0.08925802389420606,False
blend_h0.725_lev1.05,0.725,1.05,0.04,129.0,0.13787478364043282,0.17597829386130284,0.823692580273373,1.4901976520076974,-0.2000801123913909,0.6890978918020907,4.008811046701158,0.6201550387596899,0.09338958478072745,False
blend_h0.725_lev1.10,0.725,1.1,0.04,129.0,0.14191260845340614,0.1843559912112329,0.8136256062014697,1.468595384971087,-0.20931733121928842,0.677978300347874,4.164408590954262,0.6201550387596899,0.09755714239454052,False
blend_h0.725_lev1.15,0.725,1.15,0.04,129.0,0.1458860884358697,0.1927337381140591,0.8044285311551803,1.4489414297902365,-0.21849992737627943,0.6676711072065429,4.322853866440257,0.6124031007751938,0.10175157838175139,False
blend_h0.725_lev1.20,0.725,1.2,0.04,129.0,0.1497925340224715,0.20111111339226412,0.7959853160760457,1.4309645610180128,-0.22762791982966757,0.6580587044619142,4.483936527143134,0.6124031007751938,0.10598373671528857,False
blend_h0.725_lev1.25,0.725,1.25,0.04,129.0,0.15362859556820863,0.2094892587993306,0.7881913653743822,1.4144238393774151,-0.2367013271184355,0.6490398572684777,4.647395522843135,0.6124031007751938,0.11031812657695787,False
blend_h0.725_lev1.30,0.725,1.3,0.04,129.0,0.1573915555563703,0.2178666968246562,0.7809680599487301,1.399134429730697,-0.2457207515886023,0.640530173128735,4.812971897421294,0.6124031007751938,0.11479643818356321,False
blend_h0.750_lev1.00,0.75,1.0,0.04,129.0,0.13556305969112326,0.17185672577228528,0.8274380532475218,1.498003576698833,-0.19650187539010444,0.6898817602732662,3.9221211587405493,0.6201550387596899,0.09109983599873614,False
blend_h0.750_lev1.05,0.75,1.05,0.04,129.0,0.1397219321067682,0.18044803079694582,0.8166544876756258,1.4748405509579667,-0.2060431530760779,0.6781197531721826,4.079324331075155,0.6201550387596899,0.09528932305308598,False
blend_h0.750_lev1.10,0.75,1.1,0.04,129.0,0.1438122620732909,0.18903842634484652,0.8068431872418267,1.4538532395865287,-0.21552635186793878,0.6672606891309985,4.239489278467149,0.6201550387596899,0.09952185640843614,False
blend_h0.750_lev1.15,0.75,1.15,0.04,129.0,0.1478342123044818,0.19762875869061147,0.797878660368772,1.4347546285401311,-0.22495149310090867,0.657182623091843,4.402516837100776,0.6201550387596899,0.10377712701899479,False
blend_h0.750_lev1.20,0.75,1.2,0.04,129.0,0.15178350108810235,0.20621909066165184,0.7896399999293051,1.4172640316872778,-0.23431859761390228,0.6477654895246647,4.5681112393769245,0.6201550387596899,0.10811414798184835,False
blend_h0.750_lev1.25,0.75,1.25,0.04,129.0,0.15565734743300919,0.21480999481339474,0.7820306353424263,1.4011583284607543,-0.24362768576361038,0.6389148546279836,4.736010554294469,0.6201550387596899,0.11256499575777058,False
blend_h0.750_lev1.30,0.75,1.3,0.04,129.0,0.15944615620053093,0.22340084221036255,0.7749458417854178,1.3861816035229721,-0.2528979488588774,0.6304762728206443,4.905618717229398,0.6124031007751938,0.11732095640722709,False
blend_h0.775_lev1.00,0.775,1.0,0.04,129.0,0.1373348670291561,0.17612990418290325,0.8204023711905881,1.4826385591969533,-0.2021944043242827,0.6792218977974097,3.988410025829872,0.6201550387596899,0.09291344403430425,False
blend_h0.775_lev1.05,0.775,1.05,0.04,129.0,0.14154808303937716,0.18493474206248806,0.8098889054873969,1.4601270533893576,-0.2119829487859184,0.6677333429413069,4.150140003234358,0.6201550387596899,0.0971581487718731,False
blend_h0.775_lev1.10,0.775,1.1,0.04,129.0,0.14568860696187635,0.1937386587424334,0.8003217913188131,1.4397247082100724,-0.22170987416656918,0.6571137506145597,4.31485185648579,0.6201550387596899,0.10145425834435536,False
blend_h0.775_lev1.15,0.775,1.15,0.04,129.0,0.1497559049531898,0.2025424153167169,0.7915764140807913,1.4211473082671238,-0.23137520382477494,0.6472426711144161,4.4824011789808065,0.6201550387596899,0.10578093975832611,False
blend_h0.775_lev1.20,0.775,1.2,0.04,129.0,0.15374413439956403,0.21134681799228508,0.7835271603429534,1.4041055846425898,-0.24097896056261425,0.6379981639916495,4.652401537410684,0.6124031007751938,0.110235680958342,False
blend_h0.775_lev1.25,0.775,1.25,0.04,129.0,0.15764766976163025,0.22015065307366047,0.7760752181965906,1.3883624907267182,-0.2505269706721519,0.6292642637983011,4.824433456581133,0.6124031007751938,0.11491712137236784,False
blend_h0.775_lev1.30,0.775,1.3,0.04,129.0,0.16145810315738895,0.22895719786774876,0.7691157898051331,1.373665544939579,-0.2600539783833212,0.6208638074338501,4.997906693543549,0.6124031007751938,0.11996908345864879,False
blend_h0.800_lev1.00,0.8,1.0,0.04,129.0,0.1390878167242111,0.1804181265577963,0.813638843298974,1.4679171810714575,-0.20786584573314837,0.669122992445655,4.054991735201951,0.6124031007751938,0.09469717772831254,False
blend_h0.800_lev1.05,0.8,1.05,0.04,129.0,0.14335317145672266,0.18943722434704363,0.8033835688041513,1.4460253815547732,-0.2178995079624677,0.657886623045586,4.221232839697091,0.6124031007751938,0.09899539197389935,False
blend_h0.800_lev1.10,0.8,1.1,0.04,129.0,0.14754145253636008,0.19845543685297645,0.7940493239973245,1.4261781734661605,-0.22786790762172782,0.6474867570262958,4.3904608773776115,0.6124031007751938,0.10335373317353494,False
blend_h0.800_lev1.15,0.8,1.15,0.04,129.0,0.15165028765166544,0.2074735176196088,0.7855074002961268,1.4080831079121898,-0.23777107018878973,0.6377995755802227,4.562434781007665,0.6124031007751938,0.10778028143262615,False
blend_h0.800_lev1.20,0.8,1.2,0.04,129.0,0.1556727440679928,0.21649202040994645,0.7776331598039189,1.3914512688523457,-0.2476092115654156,0.6287033631899668,4.7366888921622365,0.6124031007751938,0.11239185675600423,False
blend_h0.800_lev1.25,0.8,1.25,0.04,129.0,0.15959690936403104,0.2255120393044134,0.7703022466851092,1.3759752611366298,-0.2574185158770448,0.6199900143945436,4.912479811728312,0.6124031007751938,0.11741401631963629,False
blend_h0.800_lev1.30,0.8,1.3,0.04,129.0,0.1634262928796617,0.23453380160132026,0.763468636075197,1.361572379208737,-0.26717587220814787,0.6116805815172626,5.0897083838020984,0.6124031007751938,0.12277437800092803,False
blend_h0.825_lev1.00,0.825,1.0,0.04,129.0,0.14082183240386437,0.18472034444474483,0.80713480296812,1.4538050713496844,-0.21351620696602458,0.6595369710097576,4.12184452816464,0.6124031007751938,0.09645076090875948,False
blend_h0.825_lev1.05,0.825,1.05,0.04,129.0,0.14513707335643056,0.19395436937130967,0.7971263848091876,1.4325023587241117,-0.22379283893297008,0.6485331436360289,4.29257464834,0.6124031007751938,0.10080164303469875,False
blend_h0.825_lev1.10,0.825,1.1,0.04,129.0,0.1493704415988255,0.203187524026792,0.7880136619897126,1.413180874184573,-0.23400046160582055,0.6383339612827074,4.466272940034489,0.6124031007751938,0.10522185440776007,False
blend_h0.825_lev1.15,0.825,1.15,0.04,129.0,0.15351660127590194,0.2124210717509204,0.7796582181721924,1.3955264299861783,-0.24413910267771322,0.6288079197151732,4.642547747897166,0.6124031007751938,0.10977265930641969,False
blend_h0.825_lev1.20,0.825,1.2,0.04,129.0,0.15756309510058641,0.22165513170436563,0.7719206384354108,1.3792020104590645,-0.25422801235024717,0.6197707862480294,4.820645857711515,0.6124031007751938,0.11469067905004342,False
blend_h0.825_lev1.25,0.825,1.25,0.04,129.0,0.16150499553143405,0.23089170425592792,0.7647081820439865,1.3639971834947402,-0.26427860176037177,0.6111164296149667,5.0000762989819165,0.6124031007751938,0.12006637689863796,False
blend_h0.825_lev1.30,0.825,1.3,0.04,129.0,0.16535539750644324,0.24012859326974256,0.7580165388731409,1.3499302900553065,-0.27426362849859265,0.6029067667909591,5.181168470965711,0.6124031007751938,0.12563862631677736,False
blend_h0.850_lev1.00,0.85,1.0,0.04,129.0,0.1425368266282263,0.18903559780437412,0.8008780415835834,1.440269904540204,-0.21914549527718696,0.6504209746494588,4.1889456770160365,0.6124031007751938,0.09817421216342086,False
blend_h0.850_lev1.05,0.85,1.05,0.04,129.0,0.14689967619917832,0.1984851569623228,0.7911057985104811,1.4195283070040645,-0.22966294991221137,0.6396315829581163,4.364136982385517,0.6124031007751938,0.1025772577659336,False
blend_h0.850_lev1.10,0.85,1.1,0.04,129.0,0.15117456849082211,0.20793393024640705,0.7822000127730635,1.4006965326897258,-0.24010754535936585,0.6296119027186801,4.54221572981492,0.6124031007751938,0.10707872925946099,False
blend_h0.850_lev1.15,0.85,1.15,0.04,129.0,0.15535172035537248,0.2173830526139856,0.7740096092071259,1.383427725221337,-0.2504808695131021,0.6202139135709379,4.722563596978325,0.6124031007751938,0.11182936476021818,False
blend_h0.850_lev1.20,0.85,1.2,0.04,129.0,0.15941380046477316,0.2268350058329939,0.7663779361927484,1.3673354461353031,-0.2608277409319867,0.6111842240980871,4.904147272792146,0.6124031007751938,0.11716575892189574,False
blend_h0.850_lev1.25,0.85,1.25,0.04,129.0,0.16337617569299479,0.23628765581538186,0.7593039855624438,1.3524594787256026,-0.271107129972634,0.6026258907668207,5.087351935191615,0.6124031007751938,0.12279435624431934,False
blend_h0.850_lev1.30,0.85,1.3,0.04,129.0,0.16724563683941418,0.24574021502612378,0.7527529696576537,1.3387214382135788,-0.281317245448818,0.5945090091174036,5.272229253944473,0.6124031007751938,0.12854691882544655,False
blend_h0.875_lev1.00,0.875,1.0,0.04,129.0,0.14423269731621846,0.19336300990008287,0.794856802457905,1.4272822473613611,-0.2247537178273329,0.6417366471642764,4.256271317609288,0.6124031007751938,0.09986791005489554,False
blend_h0.875_lev1.05,0.875,1.05,0.04,129.0,0.14864070630215154,0.20302871487525562,0.7853098511239709,1.4070739440527795,-0.23550984900432848,0.631144331884904,4.435884020351868,0.6124031007751938,0.10432621635038854,False
blend_h0.875_lev1.10,0.875,1.1,0.04,129.0,0.15295257965038123,0.21269403528203842,0.7765926378106301,1.388687734083354,-0.24618916799320456,0.62128070417218,4.618203196448697,0.6124031007751938,0.10894438518408558,False
blend_h0.875_lev1.15,0.875,1.15,0.04,129.0,0.15714808390368362,0.22236077331926624,0.7685181974119155,1.371673480413427,-0.2568196301660256,0.6119005926536553,4.802099018466106,0.6124031007751938,0.11408768524831116,False
blend_h0.875_lev1.20,0.875,1.2,0.04,129.0,0.16122825958376308,0.2320298121465108,0.7610134819777237,1.3558824680727728,-0.2673983901898618,0.6029514967135203,4.987284688812485,0.6124031007751938,0.1197591092949379,False
blend_h0.875_lev1.25,0.875,1.25,0.04,129.0,0.16521110636745684,0.24169871809994245,0.7540846870549152,1.341346818021239,-0.27790409885456424,0.5944896352677291,5.174276311468214,0.6124031007751938,0.12557250712217116,False
blend_h0.875_lev1.30,0.875,1.3,0.04,129.0,0.16909818524747644,0.25136775982315723,0.7476740545250544,1.3279343262341614,-0.28833672128133714,0.5864608035217381,5.362880299022146,0.6124031007751938,0.1314679589003109,False
blend_h0.900_lev1.00,0.9,1.0,0.04,129.0,0.14590926397047688,0.19770177572172895,0.7890595210130961,1.4148135228071668,-0.23034088168502487,0.6334492726740434,4.3237938281302535,0.6124031007751938,0.10153417535016371,False
blend_h0.900_lev1.05,0.9,1.05,0.04,129.0,0.15035978107360548,0.2075842196064636,0.7797267821047213,1.3951106446366168,-0.24133354420458697,0.6230372224846629,4.507774286851111,0.6124031007751938,0.10605341122701441,False
blend_h0.900_lev1.10,0.9,1.1,0.04,129.0,0.15470029830020104,0.21746652355259066,0.7711671679993481,1.3770909745242161,-0.25225000660412666,0.613281642220065,4.694017869706048,0.6124031007751938,0.11089634582210278,False
blend_h0.900_lev1.15,0.9,1.15,0.04,129.0,0.15890723669215445,0.22735228061747037,0.7631868719427435,1.360288136390674,-0.2631334461117967,0.6039036049588316,4.881162363380557,0.6124031007751938,0.11653561576308193,False
blend_h0.900_lev1.20,0.9,1.2,0.04,129.0,0.16300919036910377,0.23723812219281828,0.7558312838494474,1.344848487716183,-0.27393995860558396,0.5950544462328798,5.0701268643965065,0.6124031007751938,0.12240431708154739,False
blend_h0.900_lev1.25,0.9,1.25,0.04,129.0,0.1670112626697815,0.24712407900254957,0.749047589500821,1.3306502022103424,-0.28466950677202263,0.5866847649528277,5.260860178094813,0.6124031007751938,0.12836458353330063,False
blend_h0.900_lev1.30,0.9,1.3,0.04,129.0,0.17091227859299818,0.2570098388481971,0.7427704367142369,1.3175453110244242,-0.29532205424644864,0.5787318492995802,5.453017256112062,0.6124031007751938,0.13442095952472286,False
blend_h0.925_lev1.00,0.925,1.0,0.04,129.0,0.14756629013620315,0.20205115594192966,0.7834749560488188,1.4028361724994383,-0.23590699382810332,0.625527406973484,4.391482535623339,0.6124031007751938,0.10317669959990515,False
blend_h0.925_lev1.05,0.925,1.05,0.04,129.0,0.1520556406337139,0.21215080961158492,0.7743421058469715,1.3836035398751516,-0.24713404340112022,0.6152759795497469,4.5797274970112625,0.6124031007751938,0.1077758000941447,False
blend_h0.925_lev1.10,0.925,1.1,0.04,129.0,0.1564078444513406,0.22225253337847078,0.7658728083789978,1.365780538268152,-0.25830773152605024,0.6055097287537711,4.769178331233885,0.6124031007751938,0.11313305838292187,False
blend_h0.925_lev1.15,0.925,1.15,0.04,129.0,0.16063493349838698,0.23235587129475896,0.7580331209206517,1.349312104621494,-0.2694205581940663,0.596223742446113,4.9599592612875965,0.6124031007751938,0.1190497383181937,False
blend_h0.925_lev1.20,0.925,1.2,0.04,129.0,0.1647577199606174,0.2424591955524353,0.7508275447279886,1.3342219518202174,-0.28045244468301445,0.5874711491527103,5.152674095060722,0.6124031007751938,0.125074831892589,False
blend_h0.925_lev1.25,0.925,1.25,0.04,129.0,0.16877585106846804,0.2525624252431191,0.7441832381031084,1.320345198591549,-0.2914033521155158,0.5791829429661579,5.347006594782655,0.6124031007751938,0.13119034125643728,False
blend_h0.925_lev1.30,0.925,1.3,0.04,129.0,0.17268833416843088,0.2626656270136433,0.7380361085833926,1.307539456696437,-0.30227324262168687,0.5712987781209623,5.542593166859785,0.6124031007751938,0.1373852727308541,False
blend_h0.950_lev1.00,0.95,1.0,0.04,129.0,0.14920372847221208,0.20641045963604399,0.7780932827201738,1.3913255615528382,-0.24145206114507378,0.6179434864404189,4.45931378637844,0.6124031007751938,0.10479458919081999,False
blend_h0.950_lev1.05,0.95,1.05,0.04,129.0,0.15372248141402878,0.21672825251185412,0.7691225328998373,1.372470317870175,-0.2529160775661452,0.607800353751041,4.65146299435561,0.6124031007751938,0.10960102101186302,False
blend_h0.950_lev1.10,0.95,1.1,0.04,129.0,0.15808258199089353,0.22704957899354883,0.7607375822405055,1.3548390562727464,-0.2643410280660079,0.5980251463326349,4.843953264650492,0.6124031007751938,0.11552206724186384,False
blend_h0.950_lev1.15,0.95,1.15,0.04,129.0,0.16233226252994948,0.23737081742427507,0.7530534186137218,1.338734010466229,-0.2756809650492127,0.5888410268041938,5.038492831769268,0.6124031007751938,0.12160554034055517,False
blend_h0.950_lev1.20,0.95,1.2,0.04,129.0,0.1664733690722009,0.2476919786826927,0.7459936019841389,1.323981093378327,-0.28693584694775576,0.5801762688177186,5.234851940543872,0.6124031007751938,0.12777881591870086,False
blend_h0.950_lev1.25,0.95,1.25,0.04,129.0,0.17050493764531627,0.25801319116993765,0.7394841322882225,1.3104150626467657,-0.29810563329972495,0.5719614747229051,5.432658903385464,0.6124031007751938,0.1340343470125912,False
blend_h0.950_lev1.30,0.95,1.3,0.04,129.0,0.1744258364027631,0.26833444045204785,0.7334621237474134,1.2978962110786632,-0.30919028471128207,0.5641375069906861,5.63151396724435,0.6124031007751938,0.14036896117956518,False
blend_h0.975_lev1.00,0.975,1.0,0.04,129.0,0.15082137331678025,0.21077909216602023,0.7729043809324118,1.3802572603072265,-0.2469760904364674,0.6106719603919628,4.527256807351481,0.6124031007751938,0.1063906087640906,False
blend_h0.975_lev1.05,0.975,1.05,0.04,129.0,0.15534621841563,0.22131709950877962,0.7640030979098035,1.3615545490475895,-0.2586958961485798,0.6004974208265299,4.722321840672171,0.6124031007751938,0.11182421076529142,False
blend_h0.975_lev1.10,0.975,1.1,0.04,129.0,0.15972892540662653,0.23185672280888506,0.7557723035916775,1.3442865083094482,-0.2703498949872828,0.5908229607936047,4.918495287069978,0.6124031007751938,0.1179649215267402,False
blend_h0.975_lev1.15,0.975,1.15,0.04,129.0,0.16399924347933736,0.24239633297309685,0.7482406242116819,1.328535452962277,-0.28191466533267917,0.5817336366159125,5.116718257968436,0.6124031007751938,0.12419564581481261,False
blend_h0.975_lev1.20,0.975,1.2,0.04,129.0,0.16815600313441892,0.2529359249725001,0.7413214620123177,1.3141070539051036,-0.2933901639467529,0.5731480594725643,5.316601205310585,0.6124031007751938,0.1305099878631198,False
blend_h0.975_lev1.25,0.975,1.25,0.04,129.0,0.17219766895313815,0.2634753079050601,0.7349412179091246,1.3008365549397967,-0.3047763487630464,0.5649968235790376,5.517713849675958,0.6124031007751938,0.13691383333960921,False
blend_h0.975_lev1.30,0.975,1.3,0.04,129.0,0.1761232749109083,0.2740147063848056,0.7290386163008148,1.2885892464904363,-0.3160731788456358,0.5572230948356538,5.7196318879175045,0.6124031007751938,0.14339709188870792,False
blend_h1.000_lev1.00,1.0,1.0,0.04,129.0,0.15241948445182074,0.21515647367505694,0.7679006636573567,1.3696115532866198,-0.2524790884161743,0.603691519198532,4.5952999992175245,0.6124031007751938,0.10795632671815147,False
blend_h1.000_lev1.05,1.0,1.05,0.04,129.0,0.1569405360301419,0.2259146594685607,0.7590388032863993,1.3509951352907061,-0.2644534592307515,0.5934523847283159,4.792848007118706,0.6124031007751938,0.11417568673975562,False
blend_h1.000_lev1.10,1.0,1.1,0.04,129.0,0.16134597244372184,0.2366728631020082,0.7509675068670806,1.3340975404957789,-0.27633433106976646,0.5838795773912965,4.992722117412372,0.6124031007751938,0.1204728812062763,False
blend_h1.000_lev1.15,1.0,1.15,0.04,129.0,0.16563431090748582,0.24743108306232764,0.7435836346634855,1.3186870721322876,-0.28812165771863796,0.5748762943368672,5.194514557856309,0.6124031007751938,0.12684803330053818,False
blend_h1.000_lev1.20,1.0,1.2,0.04,129.0,0.1698039681862089,0.2581893140988733,0.7368009022643912,1.304571243005593,-0.29990900249216257,0.5661849653567713,5.397786714089049,0.6124031007751938,0.13330373321409536,False
blend_h1.000_lev1.25,1.0,1.25,0.04,129.0,0.17385350683651657,0.2689475564563183,0.7305472900051274,1.2915901279667834,-0.3116415608494212,0.5578636763423188,5.602081769407451,0.6124031007751938,0.1398390164672881,False
blend_h1.000_lev1.30,1.0,1.3,0.04,129.0,0.17778114788273958,0.2797058200942228,0.724760784107057,1.2796072560393865,-0.3232332435337384,0.550008860286622,5.8069011620809965,0.6124031007751938,0.14646105951780017,False
