month,return,gross_return,nav,drawdown,turnover,trade_cost,fx_cost,financing_return,regime,hard_fraction,leverage,debt_weight,w_KODEX200,w_BOND,w_GLD,w_USO,hard_w_KODEX200,hard_w_BOND,hard_w_GLD,hard_w_USO,defensive_w_KODEX200,defensive_w_BOND,defensive_w_GLD,defensive_w_USO
2007-04,0.020035866179502114,0.021818132257909777,1.0200358661795021,0.0,1.0999999999999999,0.0016499999999999998,0.0001322660784076657,-0.00032737397821989175,Goldilocks,0.25,1.1,-0.10000000000000009,0.5103498732457039,0.3251179699389647,0.1980995795712103,0.06643257724412109,1.0,0.0,0.0,0.0,0.28527257363115627,0.39408238780480565,0.2401207025105579,0.0805243360534801
2007-05,0.05403136927426899,0.054147421241384566,1.0751498007380458,0.0,0.035348165556723224,0.00010604449667016968,1.0007470445407174e-05,-0.00032737397821989175,Goldilocks,0.25,1.1,-0.10000000000000009,0.5467946517454182,0.283132614494326,0.19114734208294476,0.07892539167731111,1.0,0.0,0.0,0.0,0.32944806272171895,0.34319104787191024,0.23169374797932696,0.09566714142704376
2007-06,0.007131210811617762,0.007268148948278413,1.0828169206211775,0.0,0.04021972253882522,0.00012065916761647566,1.627896904417478e-05,-0.00032737397821989175,Goldilocks,0.25,1.1,-0.10000000000000009,0.5282902236638729,0.2792755995994384,0.2019165596864849,0.09051761705020392,1.0,0.0,0.0,0.0,0.3070184529259065,0.3385158783023495,0.2447473450745271,0.10971832369721686
2007-07,0.07082279800417812,0.07085729313171645,1.1595050446658373,0.0,0.010105269894336515,3.0315809683009544e-05,4.179317855322356e-06,-0.00032737397821989175,Goldilocks,0.25,1.1,-0.10000000000000009,0.5372815782569714,0.28022177791352654,0.19678764322104647,0.08570900060845563,1.0,0.0,0.0,0.0,0.3179170645539047,0.33966276110730487,0.23853047663157145,0.10388969770721894
2007-08,-0.00802220437380094,-0.007906794791587134,1.1502032582250747,-0.008022204373800967,0.03371959506377974,0.00010115878519133923,1.4250797022466483e-05,-0.00032737397821989175,Goldilocks,0.25,1.1,-0.10000000000000009,0.5205715755362895,0.27208388013004176,0.20800147785424927,0.09934306647941968,1.0,0.0,0.0,0.0,0.29766251580156294,0.32979864258186875,0.25212300345969607,0.12041583815687232
2007-09,0.04231689907900911,0.04234918497986387,1.1988762934237327,0.0,0.009150223725414568,2.7450671176243702e-05,4.835229678515796e-06,-0.00032737397821989175,Goldilocks,0.25,1.1,-0.10000000000000009,0.5246552334269302,0.2736398305333761,0.20528807344822544,0.09641686259146834,1.0,0.0,0.0,0.0,0.30261240415385476,0.33168464307075884,0.2488340284220914,0.11686892435329495
2007-10,0.04850298630730329,0.049061850998205654,1.2570253738678143,0.0,0.17959879082857,0.00053879637248571,2.0068318416651493e-05,-0.00032737397821989175,Slowdown,0.25,1.1,-0.10000000000000009,0.3842280490509772,0.44466240195363405,0.2042247276413328,0.06688482135405602,0.6,0.4,0.0,0.0,0.2657309685466389,0.40565139630743524,0.24754512441373672,0.0810725107321891
2007-11,-0.03200762270767431,-0.030877964818920522,1.21679097996708,-0.03200762270767443,0.32381808216543057,0.0009714542464962918,0.0001582036422574953,-0.00032737397821989175,Overheating,0.25,1.1,-0.10000000000000009,0.2775425896217116,0.22579259478864536,0.196375068134854,0.4002897474547892,0.0,0.0,0.0,1.0,0.33641526014752915,0.27368799368320645,0.23803038561800482,0.15186636055125954
2007-12,0.07603686518607493,0.07632161058833857,1.309311951670469,0.0,0.08160754235470759,0.00024482262706412275,3.992277519951648e-05,-0.00032737397821989175,Overheating,0.25,1.1,-0.10000000000000009,0.2177746731783624,0.19448463003165947,0.2278350326978303,0.45990566409214795,0.0,0.0,0.0,1.0,0.26396930082225745,0.23573894549292057,0.27616367599737,0.22412807768745197
2008-01,-0.01899444423565485,-0.01890023648341261,1.2844422988173878,-0.018994444235654884,0.0302127337949898,9.06382013849694e-05,3.5695508572707312e-06,-0.00032737397821989175,Overheating,0.25,1.1,-0.10000000000000009,0.18927897283816983,0.1926143997001005,0.25209956584995186,0.46600706161177796,0.0,0.0,0.0,1.0,0.22942905798566038,0.2334719996364854,0.30557523133327497,0.2315237110445793
2008-02,0.07797287009476402,0.07806743108864256,1.384593951327296,0.0,0.030241943292076245,9.072582987622874e-05,3.835164002322422e-06,-0.00032737397821989175,Overheating,0.25,1.1,-0.10000000000000009,0.181278810908548,0.1940192864232223,0.2607134356023204,0.4639884670659093,0.0,0.0,0.0,1.0,0.2197318920103612,0.23517489263420882,0.3160162855785702,0.22907692977685973
2008-03,0.003997152440084215,0.004074357713243889,1.3901283844183696,0.0,0.022828550681983972,6.848565204595192e-05,8.7196211137216e-06,-0.00032737397821989175,Overheating,0.25,1.1,-0.10000000000000009,0.18278897896516402,0.19246724556874498,0.2586968592097325,0.4660469162563586,0.0,0.0,0.0,1.0,0.22156239874565337,0.23329363099241812,0.31357195055725146,0.231572019704677
2008-04,0.0626692119924929,0.06316621054006016,1.4772466348382662,0.0,0.1445808784285615,0.00043374263528568445,6.325591228158157e-05,-0.00032737397821989175,Overheating,0.25,1.1,-0.10000000000000009,0.19418402747236643,0.310429761372239,0.26164457362422033,0.3337416375311743,0.0,0.0,0.0,1.0,0.23537457875438353,0.3762784986330169,0.3171449377263276,0.07120198488627186
2008-05,0.05810217857210373,0.058185104272934905,1.5630778826106784,0.0,0.026051064741711177,7.815319422513353e-05,4.7725066060398945e-06,-0.00032737397821989175,Overheating,0.25,1.1,-0.10000000000000009,0.20720763072381154,0.3033616272096087,0.2528194758258308,0.3366112662407491,0.0,0.0,0.0,1.0,0.25116076451371094,0.36771106328437414,0.3064478494858555,0.0746803227160595
2008-06,0.05562988091139087,0.05570386418788264,1.6500317190755394,0.0,0.022892093973558902,6.867628192067671e-05,5.306994571088352e-06,-0.00032737397821989175,Overheating,0.25,1.1,-0.10000000000000009,0.2050451194186904,0.2894356132897568,0.26173091002833343,0.3437883572632195,0.0,0.0,0.0,1.0,0.2485395386893217,0.35083104641182644,0.3172495879131314,0.08337982698572056
2008-07,-0.08408895691788744,-0.08394137031439641,1.5112822729370485,-0.08408895691788743,0.0449132567238064,0.00013473977017141922,1.2846833319607898e-05,-0.00032737397821989175,Overheating,0.25,1.1,-0.10000000000000009,0.1838686156820756,0.29496196418421883,0.2852366069394493,0.33593281319425644,0.0,0.0,0.0,1.0,0.22287104931160676,0.35752965355662886,0.345741341744787,0.07385795538697744
2008-08,-0.026567069865350974,-0.026409288501948305,1.4711319312056637,-0.10842202958989633,0.04627374709791643,0.0001388212412937493,1.8960122108918508e-05,-0.00032737397821989175,Overheating,0.25,1.1,-0.10000000000000009,0.17676127996202373,0.3650256676813003,0.27868547798617577,0.2795275743705004,0.0,0.0,0.0,1.0,0.2142560969236651,0.4424553547652124,0.3378005793771827,0.005487968933939849
2008-09,0.08316664047253236,0.08421328887358023,1.5934810316159074,-0.0342724850715691,0.34112226718049143,0.0010233668015414744,2.328159950640324e-05,-0.00032737397821989175,Stagflation,0.25,1.1,-0.10000000000000009,0.10556142153952201,0.479758465240586,0.514680113219892,3.0558350959853864e-17,0.0,0.0,1.0,0.0,0.12795323822972363,0.5815254124128315,0.29052134935744484,3.7040425405883466e-17
2008-10,-0.0819181955024182,-0.08173479295287626,1.4629459409386005,-0.11338314044154074,0.056084685979592555,0.00016825405793877767,1.5148491603165947e-05,-0.00032737397821989175,Stagflation,0.25,1.1,-0.10000000000000009,0.1192755230610416,0.4613234930687416,0.4973459206948103,0.022055063175406574,0.0,0.0,1.0,0.0,0.14457639158914132,0.5591799915984746,0.26951020690280036,0.026733409909583724
2008-11,0.1035571566953849,0.10386924670736253,1.6144444629812567,-0.0215676193874752,0.09852711022969494,0.00029558133068908484,1.6508681288532945e-05,-0.00032737397821989175,Stagflation,0.25,1.1,-0.10000000000000009,0.03217268772962474,0.6030285999911947,0.4647987122791807,3.9032813744528635e-17,0.0,0.0,1.0,0.0,0.03899719724802999,0.7309437575650845,0.23005904518688564,4.731250150851955e-17
2008-12,0.036500474704323875,0.03682532638106599,1.6733724522638396,0.0,0.09418498600615921,0.00028255495801847766,4.2296718723642155e-05,-0.00032737397821989175,Stagflation,0.25,1.1,-0.10000000000000009,0.031332498034765725,0.6381046240022806,0.4255278249865594,0.005035052976394379,0.0,0.0,1.0,0.0,0.03797878549668573,0.7734601503057946,0.18245796968067796,0.006103094516841671
2009-01,0.04470362719622915,0.04471714621589674,1.748178270530282,0.0,0.004383501966080783,1.315050589824235e-05,3.6851376934673995e-07,-0.00032737397821989175,Stagflation,0.25,1.1,-0.10000000000000009,0.03138484677243644,0.645388971292827,0.4164636869699246,0.006762494964811988,0.0,0.0,1.0,0.0,0.03804223851204417,0.7822896621731236,0.17147113572112063,0.0081969635937115
2009-02,0.0704585763755198,0.07053036903436033,1.871352422722464,0.0,0.020795541808854984,6.238662542656496e-05,9.40603341395424e-06,-0.00032737397821989175,Stagflation,0.25,1.1,-0.10000000000000009,0.03063046810283145,0.6439526449582201,0.4199142028299414,0.00550268410900718,0.0,0.0,1.0,0.0,0.03712784012464418,0.7805486605554182,0.17565357918780775,0.006669920132129914
2009-03,-0.05053291708576025,-0.05036453344453248,1.7767875259067931,-0.05053291708576024,0.048558365507937365,0.00014567509652381209,2.2708544703951727e-05,-0.00032737397821989175,Stagflation,0.25,1.1,-0.10000000000000009,0.028631117367039056,0.6510304429163364,0.4159827430634884,0.004355696653136291,0.0,0.0,1.0,0.0,0.03470438468732007,0.7891278095955592,0.17088817341028897,0.0052796323068318675
2009-04,-0.037868218942153344,-0.03767984940691389,1.7095037468620677,-0.08648754445992435,0.0573787820795272,0.0001721363462385816,1.6233189000866815e-05,-0.00032737397821989175,Stagflation,0.25,1.1,-0.10000000000000009,0.052838503970071934,0.634931290342372,0.4122302056875562,0.0,0.0,0.0,1.0,0.0,0.06404667147887506,0.7696136852634811,0.1663396432576438,0.0
2009-05,0.03925501436646901,0.03941769456500683,1.7766103410046707,-0.05062759989375032,0.04770333913971733,0.000143110017419152,1.957018111866224e-05,-0.00032737397821989175,Stagflation,0.25,1.1,-0.10000000000000009,0.06889622659380946,0.6182442599102387,0.412859513495952,2.357761970618741e-18,0.0,0.0,1.0,0.0,0.08351057768946601,0.7493869817093801,0.16710244060115398,2.857893297719686e-18
2009-06,-0.005474174330642312,-0.0044379876409764854,1.7668848662803893,-0.055824629916632285,0.2963017204227115,0.0008889051612681345,0.00014728152839769222,-0.00032737397821989175,Slowdown,0.25,1.1,-0.10000000000000009,0.23645839236215174,0.721705661239226,0.14183594639862238,0.0,0.6,0.4,0.0,0.0,0.0866162331662445,0.7414614075626982,0.1719223592710574,0.0
2009-07,0.02986912441659227,0.029902257974036763,1.8196601701811124,-0.027622938316530066,0.009522060016565097,2.856618004969529e-05,4.5673773947978725e-06,-0.00032737397821989175,Slowdown,0.25,1.1,-0.10000000000000009,0.23736483047020066,0.7158228619866203,0.14681230754317917,2.5135914468008177e-18,0.6,0.4,0.0,0.0,0.08771494602448564,0.7343307418019639,0.1779543121735505,3.0467775112737183e-18
2009-08,0.006993752483782533,0.007042572808729883,1.8323864230159566,-0.020822373826208218,0.014742391575423413,4.422717472627024e-05,4.593150221080145e-06,-0.00032737397821989175,Slowdown,0.25,1.1,-0.10000000000000009,0.24925193810501753,0.7017158165901324,0.14903224530485032,0.0,0.6,0.4,0.0,0.0,0.10212356133941518,0.717231292836524,0.180645145824061,0.0
2009-09,0.018299837922728063,0.018321267600967132,1.8659187975689562,-0.0029035819696661136,0.006695567977753056,2.0086703933259167e-05,1.3429743058107068e-06,-0.00032737397821989175,Slowdown,0.25,1.1,-0.10000000000000009,0.2557580108408488,0.6905886053257578,0.1536533838333934,2.272295053534117e-17,0.6,0.4,0.0,0.0,0.11000971011011972,0.7037437640312216,0.18624652585865864,2.7542970345868084e-17
2009-10,-0.008710138709958366,-0.008666664399650754,1.8496663860206117,-0.011588430077912992,0.013111852611146247,3.933555783343874e-05,4.138752474171475e-06,-0.00032737397821989175,Slowdown,0.25,1.1,-0.10000000000000009,0.273699036884304,0.6696085667403449,0.15669239637535118,2.4406891760287824e-18,0.6,0.4,0.0,0.0,0.13175640834461091,0.678313414230721,0.18993017742466808,2.9584111224591304e-18
2009-11,0.02545922098911826,0.025548646911165252,1.8967574512984542,0.0,0.029574624277046494,8.872387283113949e-05,7.020492158525405e-07,-0.00032737397821989175,Slowdown,0.25,1.1,-0.10000000000000009,0.2839220247115386,0.6483580294537467,0.16771994583471472,1.2061805520161916e-17,0.6,0.4,0.0,0.0,0.1441479087412589,0.6525551872166626,0.20329690404207845,1.462037032746899e-17
2009-12,0.022163335110812168,0.02253183854816993,1.9387959223155118,0.0,0.1221102443528751,0.0003663307330586253,2.1727042991387393e-06,-0.00032737397821989175,Goldilocks,0.25,1.1,-0.10000000000000009,0.4023409515880509,0.523834071860285,0.1738249765516642,4.719808202805096e-19,1.0,0.0,0.0,0.0,0.1543526685915768,0.6349503901336787,0.21069694127474448,5.720979639763752e-19
2010-01,-0.01859335523085268,-0.01855770362561073,1.9027472010117708,-0.018593355230852704,0.010051646212145701,3.0154938636437103e-05,5.496666605511305e-06,-0.00032737397821989175,Goldilocks,0.25,1.1,-0.10000000000000009,0.4217752613865969,0.5090686234480044,0.16915611516539875,1.0320633910683248e-19,1.0,0.0,0.0,0.0,0.17790940774132954,0.617052876906672,0.20503771535199847,1.2509859285676664e-19
2010-02,0.007726255114165961,0.007834514373121,1.9174483113045528,-0.011010757122628667,0.03442792619829066,0.00010328377859487199,4.975480360167678e-06,-0.00032737397821989175,Goldilocks,0.25,1.1,-0.10000000000000009,0.4304618489016999,0.48767125556753366,0.18186689553076646,0.0,1.0,0.0,0.0,0.0,0.18843860472933316,0.5911166734151923,0.22044472185547448,0.0
2010-03,0.025491239200962853,0.025526989698870243,1.9663264448634994,0.0,0.011088141894224704,3.326442568267411e-05,2.4860722247145166e-06,-0.00032737397821989175,Goldilocks,0.25,1.1,-0.10000000000000009,0.43405694595585026,0.47813284848252807,0.18781020556162184,0.0,1.0,0.0,0.0,0.0,0.1927962981283033,0.5795549678576097,0.22764873401408708,0.0
2010-04,0.023295344403306422,0.023334630624080137,2.012132696605924,0.0,0.011069639283133356,3.320891784940007e-05,6.07730292431298e-06,-0.00032737397821989175,Goldilocks,0.25,1.1,-0.10000000000000009,0.4419241034311055,0.46578003104377336,0.19229586552512115,0.0,1.0,0.0,0.0,0.0,0.20233224658315815,0.5645818558106344,0.23308589760620743,0.0
2010-05,-0.001832604356713152,-0.0018246713443129873,2.008445253459839,-0.0018326043567131745,0.002496899698920019,7.490699096760057e-06,4.4231330340445406e-07,-0.00032737397821989175,Goldilocks,0.25,1.1,-0.10000000000000009,0.44654342619594267,0.4560084741179607,0.19744809968609672,6.14282836445496e-18,1.0,0.0,0.0,0.0,0.20793142569205167,0.5527375443854069,0.2393310299225415,7.445852562975708e-18
2010-06,0.015620488070089183,0.01571333305125591,2.0398181485809355,0.0,0.027843178106207473,8.352953431862242e-05,9.315446848102496e-06,-0.00032737397821989175,Goldilocks,0.25,1.1,-0.10000000000000009,0.4479294883743974,0.4472669985966709,0.2048035130289317,0.0,1.0,0.0,0.0,0.0,0.20961150105987558,0.5421418164808132,0.24824668245931114,0.0
2010-07,0.008025502172607333,0.00804244878780905,2.0561887135640955,0.0,0.00524705490633158,1.574116471899474e-05,1.205450482721096e-06,-0.00032737397821989175,Goldilocks,0.25,1.1,-0.10000000000000009,0.4565673618659244,0.4368864037407479,0.20654623439332795,0.0,1.0,0.0,0.0,0.0,0.22008165074657496,0.5295592772615125,0.25035907199191265,0.0
2010-08,0.014741742517813135,0.014791311811257427,2.0865005181474907,0.0,0.014128864820572337,4.238659446171701e-05,7.182698982575439e-06,-0.00032737397821989175,Goldilocks,0.25,1.1,-0.10000000000000009,0.467261064883977,0.42978165035165233,0.20295728476437078,0.0,1.0,0.0,0.0,0.0,0.23304371501088122,0.5209474549716998,0.24600883001741908,0.0
2010-09,0.03505021687445127,0.035071416240647135,2.159632813817215,0.0,0.0064442513264506285,1.9332753979351884e-05,1.8666122165104383e-06,-0.00032737397821989175,Goldilocks,0.25,1.1,-0.10000000000000009,0.46247895148532814,0.4259517631928759,0.211569285321796,0.0,1.0,0.0,0.0,0.0,0.22724721392160982,0.5163051675065162,0.2564476185718739,0.0
2010-10,0.005779651039237373,0.005800499829269956,2.172114737853965,0.0,0.00573736663089643,1.721209989268929e-05,3.636690139893664e-06,-0.00032737397821989175,Goldilocks,0.25,1.1,-0.10000000000000009,0.4724005923037465,0.41742057278046235,0.2101788349157913,8.541110004409945e-18,1.0,0.0,0.0,0.0,0.2392734452166623,0.5059643306429846,0.2547622241403531,1.0352860611405992e-17
2010-11,0.028124045739656146,0.028135616443347063,2.2332033920931513,0.0,0.003287971139544435,9.863913418633304e-06,1.7067902722827934e-06,-0.00032737397821989175,Goldilocks,0.25,1.1,-0.10000000000000009,0.47318033516365204,0.41018591875600474,0.21663374608034322,1.3541213972267041e-17,1.0,0.0,0.0,0.0,0.240218588077154,0.4971950530375815,0.2625863588852645,1.6413592693657018e-17
2010-12,0.041658576016176736,0.04168536738149033,2.3262354653622475,0.0,0.00825584764871292,2.476754294613876e-05,2.0238223674590715e-06,-0.00032737397821989175,Goldilocks,0.25,1.1,-0.10000000000000009,0.46970669665000475,0.41064160604622607,0.21965169730376927,0.0,1.0,0.0,0.0,0.0,0.23600811715152084,0.4977474012681528,0.2662444815803264,0.0
2011-01,-0.011477621587798015,-0.011436532376756882,2.2995358149667045,-0.01147762158779797,0.012198192182363123,3.659457654708937e-05,4.4946344940440534e-06,-0.00032737397821989175,Goldilocks,0.25,1.1,-0.10000000000000009,0.48394685434308654,0.3987842985828557,0.217268847074058,3.130319327155847e-18,1.0,0.0,0.0,0.0,0.25326891435525634,0.48337490737315836,0.2633561782715854,3.794326457158602e-18
2011-02,-0.017219020488328296,-0.017175879427826148,2.2599400606551483,-0.028499008674848558,0.012432306235905717,3.729691870771715e-05,5.844141794432989e-06,-0.00032737397821989175,Goldilocks,0.25,1.1,-0.10000000000000009,0.4898735140623107,0.3922733580825639,0.21785312785512548,0.0,1.0,0.0,0.0,0.0,0.2604527443179524,0.4754828582818956,0.2640643974001521,0.0
2011-03,0.03260771651619351,0.03357075530735241,2.333631545496581,0.0,0.2760403498846834,0.0008281210496540502,0.00013491774150484526,-0.00032737397821989175,Overheating,0.25,1.1,-0.10000000000000009,0.19906566872082798,0.3952203150181672,0.23071401626100493,0.275,0.0,0.0,0.0,1.0,0.24129171966160967,0.4790549272947481,0.2796533530436423,0.0
2011-04,0.03158545505857788,0.03163786284699816,2.4073403598001426,0.0,0.016039413970714247,4.8118241912142745e-05,4.289546508143116e-06,-0.00032737397821989175,Overheating,0.25,1.1,-0.10000000000000009,0.21226186667462307,0.37822397959556237,0.23451415372981468,0.275,0.0,0.0,0.0,1.0,0.25728711112075525,0.45845330860068156,0.28425958027856324,6.03510974918689e-18
2011-05,-0.03004618195798469,-0.029995462895279296,2.335008973314787,-0.030046181957984697,0.016588008978660543,4.976402693598163e-05,9.55035769413526e-07,-0.00032737397821989175,Overheating,0.25,1.1,-0.10000000000000009,0.20354465189995158,0.38355661216706094,0.23789873593298763,0.275,0.0,0.0,0.0,1.0,0.24672079018175946,0.46491710565704353,0.2883621041611971,3.5652430695656253e-17
2011-06,-0.038872837115004055,-0.03878023492431978,2.244240549833049,-0.06775103873580812,0.02670275438596384,8.010826315789151e-05,1.2493927526386034e-05,-0.00032737397821989175,Overheating,0.25,1.1,-0.10000000000000009,0.20085063612409595,0.37459012926390023,0.249559234612004,0.275,0.0,0.0,0.0,1.0,0.24345531651405566,0.45404864153200025,0.3024960419539442,0.0
2011-07,0.02770763701630126,0.027764883160666436,2.3064231523650873,-0.04192062290827603,0.018418143287057154,5.525442986117146e-05,1.991714504005704e-06,-0.00032737397821989175,Overheating,0.25,1.1,-0.10000000000000009,0.19570921460580382,0.3909027565356793,0.2383880288585169,0.275,0.0,0.0,0.0,1.0,0.23722329043127732,0.47382152307355063,0.288955186495172,4.1843427594362437e-19
2011-08,0.05021971015120801,0.05107879126768038,2.4222510545628975,0.0,0.2843920934981947,0.0008531762804945841,5.9048359777877366e-06,-0.00032737397821989175,Stagflation,0.25,1.1,-0.10000000000000009,0.1832142592506468,0.40468933462122575,0.5120964061281276,1.4530878851565254e-17,0.0,0.0,1.0,0.0,0.22207789000078396,0.49053252681360693,0.2873895831856091,1.7613186486745762e-17
2011-09,-0.010724222727829524,-0.01060732442595213,2.396274294751045,-0.01072422272782958,0.03372438547529719,0.00010117315642589158,1.572514545150211e-05,-0.00032737397821989175,Stagflation,0.25,1.1,-0.10000000000000009,0.17294300533279383,0.4040476482851983,0.523009346382008,0.0,0.0,0.0,1.0,0.0,0.20962788525187132,0.48975472519417973,0.30061738955394907,0.0
2011-10,0.0005611092023737797,0.0006760911628865115,2.3976188663092417,-0.010169130985516528,0.03297933460327494,9.893800380982483e-05,1.604395670290698e-05,-0.00032737397821989175,Stagflation,0.25,1.1,-0.10000000000000009,0.1573331887624156,0.44000294320747985,0.5026638680301048,4.657822265550577e-18,0.0,0.0,1.0,0.0,0.19070689546959463,0.5333369008575513,0.2759562036728542,5.6458451703643355e-18
2011-11,0.03395840834731692,0.03404992160653877,2.4790381868326024,0.0,0.026165187588803377,7.849556276641013e-05,1.3017696455436212e-05,-0.00032737397821989175,Stagflation,0.25,1.1,-0.10000000000000009,0.16074639250658013,0.4321762374383238,0.5070773700550962,1.2412659367953178e-17,0.0,0.0,1.0,0.0,0.19484411212918804,0.5238499847737258,0.28130590309708625,1.5045647718731124e-17
2011-12,-0.04547289487837496,-0.04543771488610454,2.3663091439632864,-0.045472894878374914,0.010264017520891114,3.079205256267334e-05,4.387939707751143e-06,-0.00032737397821989175,Stagflation,0.25,1.1,-0.10000000000000009,0.1582443616298495,0.43215928980773005,0.5095963485624205,3.2787798355266713e-18,0.0,0.0,1.0,0.0,0.1918113474301206,0.5238294421911879,0.2843592103786915,3.974278588517177e-18
2012-01,0.04548346801877177,0.04554902697963473,2.4739370902352675,-0.002057691819524754,0.020358991397357768,6.10769741920733e-05,4.481986670881482e-06,-0.00032737397821989175,Stagflation,0.25,1.1,-0.10000000000000009,0.14501584612677285,0.47223391288543165,0.4827502409877956,0.0,0.0,0.0,1.0,0.0,0.17577678318396706,0.5724047428914323,0.2518184739246007,0.0
2012-02,-0.005477547486823124,-0.005389476080999746,2.4603859823440906,-0.00752396820169321,0.02670692468128756,8.012077404386268e-05,7.950631779515244e-06,-0.00032737397821989175,Stagflation,0.25,1.1,-0.10000000000000009,0.1400336550233437,0.48243218444498387,0.4775341605316725,0.0,0.0,0.0,1.0,0.0,0.16973776366465904,0.584766284175738,0.24549595215960301,0.0
2012-03,-0.004832664111693488,-0.003950222187987144,2.4484957633063025,-0.012320271502280877,0.252064048494262,0.000756192145482786,0.00012624977822355847,-0.00032737397821989175,Slowdown,0.25,1.1,-0.10000000000000009,0.3109189620620271,0.5736232055881955,0.21545783234977753,1.5602020502651262e-18,0.6,0.4,0.0,0.0,0.17687146916609345,0.5619675219250854,0.2611610089088212,1.891154000321365e-18
2012-04,0.002853200553794527,0.0028775234134424165,2.4554818127741314,-0.009502223153959655,0.007001192837944454,2.1003578513833364e-05,3.319281134056079e-06,-0.00032737397821989175,Slowdown,0.25,1.1,-0.10000000000000009,0.3112386378414072,0.5691278777761634,0.21963348438242944,0.0,0.6,0.4,0.0,0.0,0.17725895495928146,0.5565186397286829,0.26622240531203567,0.0
2012-05,-0.02112506196614824,-0.02108578616224627,2.4036096073225277,-0.030426550067164437,0.011368082154387421,3.410424646316226e-05,5.171557438804875e-06,-0.00032737397821989175,Slowdown,0.25,1.1,-0.10000000000000009,0.3103212515500815,0.5602729782953868,0.22940577015453179,0.0,0.6,0.4,0.0,0.0,0.17614697157585632,0.5457854282368325,0.27806760018731125,0.0
2012-06,-0.009385719116341623,-0.009353790343177605,2.381050002682858,-0.03952669413089638,0.010188760991375905,3.056628297412772e-05,1.3624901898898062e-06,-0.00032737397821989175,Slowdown,0.25,1.1,-0.10000000000000009,0.29959230901145034,0.5684925231908744,0.23191516779767538,2.9470785454532787e-18,0.6,0.4,0.0,0.0,0.16314219274115196,0.5557485129586356,0.28110929430021253,3.5722164187312466e-18
2012-07,0.016440142676247778,0.01645197552103693,2.4201948044462442,-0.02373637594568101,0.0034718610872727664,1.04155832618183e-05,1.4172615273346234e-06,-0.00032737397821989175,Slowdown,0.25,1.1,-0.10000000000000009,0.3026406909751427,0.5742413418875179,0.2231179671373396,0.0,0.6,0.4,0.0,0.0,0.16683720118199102,0.5627167780454762,0.2704460207725328,0.0
2012-08,0.019472560030071195,0.019476181048531768,2.46732219306029,-0.004726023921108435,0.0010888167909927637,3.2664503729782912e-06,3.54568087595597e-07,-0.00032737397821989175,Slowdown,0.25,1.1,-0.10000000000000009,0.3002180241862621,0.575938127251601,0.2238438485621372,0.0,0.6,0.4,0.0,0.0,0.16390063537728733,0.5647734875776981,0.27132587704501476,0.0
2012-09,0.020046711673431916,0.020078220880289266,2.51678388967003,0.0,0.010401434962974616,3.120430488892385e-05,3.049019684265991e-07,-0.00032737397821989175,Slowdown,0.25,1.1,-0.10000000000000009,0.2883274173637265,0.5798534610208721,0.2318191216154013,2.2553729951567914e-17,0.6,0.4,0.0,0.0,0.14948777862269882,0.5695193466919662,0.2809928746853349,2.7337854486748984e-17
2012-10,-0.022208824791236717,-0.02218970954470162,2.4608890772269407,-0.02220882479123676,0.006203957580506635,1.8611872741519907e-05,5.033737935767197e-07,-0.00032737397821989175,Slowdown,0.25,1.1,-0.10000000000000009,0.29044219604397564,0.5757400505315106,0.2338177534245139,0.0,0.6,0.4,0.0,0.0,0.15205114671997044,0.564533394583649,0.28341545869638046,0.0
2012-11,-0.002055922988781567,-0.0020434241005704854,2.4558296788002285,-0.02421908814657614,0.004041163549855204,1.2123490649565613e-05,3.7539756151605544e-07,-0.00032737397821989175,Slowdown,0.25,1.1,-0.10000000000000009,0.2851354637108388,0.5867364916463593,0.22812804464280187,1.2679690091297771e-18,0.6,0.4,0.0,0.0,0.14561874389192586,0.5778624141167992,0.27651884199127497,1.5369321322785178e-18
2012-12,0.011206606990777064,0.011219731614794936,2.483351196846829,-0.01328389495833282,0.004133798629708239,1.2401395889124717e-05,7.2322812874763e-07,-0.00032737397821989175,Slowdown,0.25,1.1,-0.10000000000000009,0.2878375230155414,0.5903588379216579,0.22180363906280076,0.0,0.6,0.4,0.0,0.0,0.14889396729156532,0.5822531368747369,0.26885289583369787,0.0
2013-01,-0.0014862376792292317,-0.0014646489550308379,2.479660346727316,-0.014750389612348092,0.006890542110346759,2.0671626331040278e-05,9.17097867353528e-07,-0.00032737397821989175,Slowdown,0.25,1.1,-0.10000000000000009,0.29206928556498146,0.588822899915351,0.21910781451966763,0.0,0.6,0.4,0.0,0.0,0.15402337644240174,0.5803913938367891,0.2655852297208092,0.0
2013-02,0.001042546791860707,0.0010547519737301857,2.482245508666701,-0.013723220791856394,0.003912599458548771,1.1737798375646314e-05,4.6738349383226854e-07,-0.00032737397821989175,Slowdown,0.25,1.1,-0.10000000000000009,0.2879344101866568,0.5895894041771084,0.22247618563623503,0.0,0.6,0.4,0.0,0.0,0.14901140628685663,0.5813204899116464,0.26966810380149697,0.0
2013-03,0.0017838212243241214,0.0018014084435943737,2.486673390889044,-0.011963879340046835,0.005507572668421126,1.6522718005263377e-05,1.064501264988818e-06,-0.00032737397821989175,Slowdown,0.25,1.1,-0.10000000000000009,0.2928333202079208,0.5965648227967819,0.2106018569952974,0.0,0.6,0.4,0.0,0.0,0.15494947903990397,0.589775542783978,0.25527497817611805,0.0
2013-04,-0.02509238097464948,-0.02508434166819455,2.4242768348053327,-0.036756058096361066,0.00265322309578625,7.959669287358751e-06,7.96371675700347e-08,-0.00032737397821989175,Slowdown,0.25,1.1,-0.10000000000000009,0.2902364231246199,0.5964324841233264,0.21333109275205386,0.0,0.6,0.4,0.0,0.0,0.15180172499953923,0.5896151322706986,0.25858314272976224,0.0
2013-05,-0.005957747440604469,-0.005949438676941965,2.4098336056974543,-0.042494822225915274,0.0027231776988878853,8.169533096663656e-06,1.3923056584047577e-07,-0.00032737397821989175,Slowdown,0.25,1.1,-0.10000000000000009,0.2888921408879222,0.6104035844399356,0.2007042746721424,0.0,0.6,0.4,0.0,0.0,0.1501722919853602,0.606549799321134,0.24327790869350593,0.0
2013-06,-0.04795240431507177,-0.047902151667825514,2.2942762903050027,-0.08840949764431294,0.016684723769943764,5.005417130983129e-05,1.9847593643015916e-07,-0.00032737397821989175,Slowdown,0.25,1.1,-0.10000000000000009,0.28013770571400115,0.6255162902506144,0.19434600403538452,5.759504162175796e-18,0.6,0.4,0.0,0.0,0.13956085541091048,0.6248682306068053,0.23557091398228425,6.981217166273691e-18
2013-07,0.02319670453029445,0.023246713202926705,2.347495939522068,-0.06726360210854532,0.015198311787900879,4.559493536370264e-05,4.4137372685521815e-06,-0.00032737397821989175,Slowdown,0.25,1.1,-0.10000000000000009,0.26162383124073585,0.6631793046631996,0.17519686409606466,0.0,0.6,0.4,0.0,0.0,0.11711979544331616,0.6705203692887267,0.21235983526795715,0.0
2013-08,0.011358033383249857,0.011381988978434726,2.374158876770203,-0.056669550963522,0.006983878737169089,2.0951636211507267e-05,3.003958973362711e-06,-0.00032737397821989175,Slowdown,0.25,1.1,-0.10000000000000009,0.2675330802621397,0.6558832107074914,0.17658370903036893,0.0,0.6,0.4,0.0,0.0,0.12428252152986627,0.6616766190393835,0.21404085943075019,0.0
2013-09,-0.0042743894997516445,-0.004268946419017012,2.3640107969965944,-0.0607017127296795,0.0016832483850829916,5.049745155248975e-06,3.93335579383064e-07,-0.00032737397821989175,Slowdown,0.25,1.1,-0.10000000000000009,0.26891670611774077,0.6493970664231082,0.18168622745915114,0.0,0.6,0.4,0.0,0.0,0.12595964377907967,0.6538146259674039,0.2202257302535165,0.0
2013-10,0.008140495135108589,0.008170825081199049,2.3832550153888894,-0.05305535959173957,0.008719806194209716,2.6159418582629148e-05,4.170527507830743e-06,-0.00032737397821989175,Slowdown,0.25,1.1,-0.10000000000000009,0.2751901061129923,0.6514917416512959,0.17331815223571176,2.1926620466785344e-18,0.6,0.4,0.0,0.0,0.13356376498544523,0.656353626243995,0.2100826087705597,2.657772177792163e-18
2013-11,-0.009032049729402853,-0.008594868388812996,2.361729337572048,-0.06160821067489852,0.14496585880888146,0.0004348975764266444,2.2837641632120905e-06,-0.00032737397821989175,Goldilocks,0.25,1.1,-0.10000000000000009,0.42051931300168266,0.5028664284457264,0.17661425855259114,0.0,1.0,0.0,0.0,0.0,0.1763870460626456,0.6095350647826986,0.2140778891546559,0.0
2013-12,-0.004485916372378543,-0.004460285838460668,2.351134817269507,-0.06581775776633769,0.0074085204169082085,2.2225561250724625e-05,3.4049726671508964e-06,-0.00032737397821989175,Goldilocks,0.25,1.1,-0.10000000000000009,0.4214013315897913,0.5048261823460716,0.17377248606413725,9.359744890843176e-18,1.0,0.0,0.0,0.0,0.17745615950277735,0.6119105240558442,0.21063331644137848,1.1345145322234152e-17
2014-01,-0.010910832202930876,-0.010893829713854039,2.3254819797918107,-0.07601046345830687,0.00491334456578799,1.4740033697363972e-05,2.2624553794735604e-06,-0.00032737397821989175,Goldilocks,0.25,1.1,-0.10000000000000009,0.41656584573930516,0.5073688918358582,0.17606526242483664,5.901219863799281e-19,1.0,0.0,0.0,0.0,0.1715949645324911,0.6149925961646766,0.21341243930283227,7.152993774302158e-19
2014-02,0.01970476358448348,0.020032202148178316,2.371305052423585,-0.05780346808621628,0.10824212296309674,0.0003247263688892902,2.7121948055440494e-06,-0.00032737397821989175,Slowdown,0.25,1.1,-0.10000000000000009,0.29657803843471,0.621911560084461,0.18151040148082923,0.0,0.6,0.4,0.0,0.0,0.15948853143601202,0.6204988607084375,0.22001260785555055,0.0
2014-03,-0.007431255896151593,-0.007042559609776919,2.3536832777711885,-0.06480517161933408,0.12943828261342322,0.0003883148478402697,3.8143853440410214e-07,-0.00032737397821989175,Goldilocks,0.25,1.1,-0.10000000000000009,0.42548021712057876,0.4855533407272873,0.18896644215213418,2.1436462333602195e-19,1.0,0.0,0.0,0.0,0.18240026317645902,0.5885495039118633,0.22905023291167775,2.59835907073966e-19
2014-04,-0.007888865154872231,-0.0078029179893808935,2.335115387775574,-0.07218279751396295,0.02828040088842762,8.484120266528287e-05,1.105962826054241e-06,-0.00032737397821989175,Goldilocks,0.25,1.1,-0.10000000000000009,0.4563744179474937,0.46112935444415887,0.18249622760834758,0.0,1.0,0.0,0.0,0.0,0.2198477793302954,0.5589446720535258,0.22120754861617886,0.0
2014-05,0.005706260598480596,0.005769635180602383,2.3484401647057433,-0.06688843076882445,0.020669556434384548,6.200866930315365e-05,1.3659128186337272e-06,-0.00032737397821989175,Goldilocks,0.25,1.1,-0.10000000000000009,0.47430547521827693,0.4450220605685804,0.18067246421314273,0.0,1.0,0.0,0.0,0.0,0.241582394203972,0.5394206794770672,0.21899692631896087,0.0
2014-06,0.011796037709723296,0.011886446476818831,2.376142453447641,-0.05588141151079451,0.02936767498162668,8.810302494488004e-05,2.3057421506552935e-06,-0.00032737397821989175,Goldilocks,0.25,1.1,-0.10000000000000009,0.451491687394108,0.47105308385560735,0.17745522875028474,0.0,1.0,0.0,0.0,0.0,0.2139293180534642,0.5709734349764938,0.2150972469700421,0.0
2014-07,0.0164619567265769,0.016490753700950957,2.415258407692478,-0.04033937216232841,0.009484525720224415,2.8453577160673248e-05,3.4339721338268183e-07,-0.00032737397821989175,Goldilocks,0.25,1.1,-0.10000000000000009,0.4542966918521039,0.4609212223965088,0.1847820857513874,3.4998694915852344e-20,1.0,0.0,0.0,0.0,0.21732932345709557,0.558692390783647,0.22397828575925743,4.2422660504063444e-20
2014-08,-0.010778328309042231,-0.010724353615500339,2.389225959623194,-0.05068290947442444,0.017767906103037925,5.3303718309113776e-05,6.709752327797997e-07,-0.00032737397821989175,Goldilocks,0.25,1.1,-0.10000000000000009,0.4464908878908595,0.47422438028879377,0.17928473182034685,2.830881124760728e-19,1.0,0.0,0.0,0.0,0.20786774289801152,0.5748174306530833,0.21731482644890524,3.4313710603160337e-19
2014-09,-0.0047063894793213466,-0.004307846290875155,2.377981331703102,-0.055150765441813854,0.13245941892433963,0.0003973782567730189,1.1649316731724424e-06,-0.00032737397821989175,Slowdown,0.25,1.1,-0.10000000000000009,0.31260269146567166,0.611118809815623,0.17627849871870546,5.233694923655365e-19,0.6,0.4,0.0,0.0,0.1789123532917232,0.6074167391704521,0.21367090753782475,6.343872634733775e-19
2014-10,-0.013670326647914186,-0.013267376343553884,2.3454735501360786,-0.06806716311125605,0.1342786137298424,0.0004028358411895272,1.1446317077491719e-07,-0.00032737397821989175,Goldilocks,0.25,1.1,-0.10000000000000009,0.43674876560143194,0.48717632034037023,0.1760095429829721,6.537107522576097e-05,1.0,0.0,0.0,0.0,0.19605910981991745,0.5905167519277215,0.21334490058542074,7.923766694031632e-05
2014-11,0.014013595208681534,0.014060705335684785,2.3783420670403546,-0.05500743357341897,0.01532999044445325,4.598997133335975e-05,1.1201556698928889e-06,-0.00032737397821989175,Goldilocks,0.25,1.1,-0.10000000000000009,0.41906753223955495,0.5116340986170537,0.16929836914339152,2.9584017696423e-18,1.0,0.0,0.0,0.0,0.1746273118055211,0.6201625437782468,0.20521014441623214,3.585941538960363e-18
2014-12,-0.008349873964438804,-0.007966561412668178,2.358483210536245,-0.06289800240041243,0.12742205579773286,0.00038226616739319856,1.0463843774267261e-06,-0.00032737397821989175,Slowdown,0.25,1.1,-0.10000000000000009,0.29025660033949846,0.6326069140402901,0.17713648562021142,3.281976352323103e-18,0.6,0.4,0.0,0.0,0.15182618222969507,0.6334629261094425,0.21471089166086232,3.9781531543310334e-18
2015-01,0.0316718662589504,0.03168283374250621,2.433180775354329,-0.03321823326144302,0.00333828171215743,1.001484513647229e-05,9.526384193341148e-07,-0.00032737397821989175,Slowdown,0.25,1.1,-0.10000000000000009,0.28177447089999147,0.6389897655168796,0.17923576358312907,0.0,0.6,0.4,0.0,0.0,0.1415448132121108,0.6411997157780358,0.21725547100985337,0.0
2015-02,-0.005764588999310224,-0.00564943285468863,2.419154488223388,-0.038791332798717826,0.03345432905990105,0.00010036298717970315,1.4793157441891234e-05,-0.00032737397821989175,Slowdown,0.25,1.1,-0.10000000000000009,0.3148345856745775,0.6256508119988734,0.15951460232654913,2.8846554051692455e-18,0.6,0.4,0.0,0.0,0.18161767960554848,0.6250312872713617,0.19335103312308985,3.496552006265752e-18
2015-03,0.011011722994964014,0.011022580781437565,2.445793547329728,-0.02820676921513887,0.0031698595910772966,9.509578773231891e-06,1.3482077003180715e-06,-0.00032737397821989175,Slowdown,0.25,1.1,-0.10000000000000009,0.3186507047771646,0.630654341662075,0.1506949535607606,1.5792929301556431e-19,0.6,0.4,0.0,0.0,0.18624327851777525,0.6310961717116059,0.18266054977061888,1.9142944607947188e-19
2015-04,0.0026221956032227286,0.0026595003784663862,2.4522068964159263,-0.025658537278133275,0.011799776981157294,3.5399330943471884e-05,1.9054443001857852e-06,-0.00032737397821989175,Slowdown,0.25,1.1,-0.10000000000000009,0.3325589616120623,0.6236030605491482,0.14383797783878974,3.3879795076746432e-18,0.6,0.4,0.0,0.0,0.20310177165098453,0.6225491643019977,0.17434906404701786,4.106641827484416e-18
2015-05,0.001261871527828785,0.0012799663455216616,2.455301266478859,-0.024429043527941396,0.005832260042987314,1.7496780128961942e-05,5.980375639146607e-07,-0.00032737397821989175,Slowdown,0.25,1.1,-0.10000000000000009,0.34033949248458145,0.6217619000847535,0.1378986074306651,3.3374518888596617e-18,0.6,0.4,0.0,0.0,0.21253271816312902,0.620317454648186,0.16714982718868496,4.0453962289208015e-18
2015-06,-0.01515571262886252,-0.01514472495432101,2.4180894260668233,-0.039214516593296445,0.0035598499145506764,1.067954974365203e-05,3.0812479785889693e-07,-0.00032737397821989175,Slowdown,0.25,1.1,-0.10000000000000009,0.3341333923577774,0.6208096680644694,0.14505693957775326,6.2907919382715214e-18,0.6,0.4,0.0,0.0,0.20501017255488163,0.6191632340175386,0.17582659342757972,7.625202349420025e-18
2015-07,-0.012071742795821308,-0.012059878428517672,2.3888988724580495,-0.050812871830940964,0.0036826693055237174,1.1048007916571153e-05,8.163593870635088e-07,-0.00032737397821989175,Slowdown,0.25,1.1,-0.10000000000000009,0.33104531348210325,0.6262202193486509,0.1427344671692459,7.270337896167837e-18,0.6,0.4,0.0,0.0,0.2012670466449737,0.6257214779983646,0.1730114753566617,8.81253078323374e-18
2015-08,-0.003390454296540436,-0.0033424729167748288,2.3807994200119236,-0.054031047407862576,0.015574268423050795,4.672280526915238e-05,1.2585744964549451e-06,-0.00032737397821989175,Slowdown,0.25,1.1,-0.10000000000000009,0.3108520383944444,0.6512136956188003,0.13793426598675532,1.1963493688231742e-17,0.6,0.4,0.0,0.0,0.17679034956902356,0.656016600750061,0.16719304968091553,1.4501204470583928e-17
2015-09,0.00858706769767413,0.008599274230928008,2.401243505806149,-0.04590794797205622,0.003938533766463306,1.181560129938992e-05,3.909319544874723e-07,-0.00032737397821989175,Slowdown,0.25,1.1,-0.10000000000000009,0.2998071431663165,0.6538772323093531,0.14631562452433047,7.832587905505214e-18,0.6,0.4,0.0,0.0,0.1634025977773533,0.6592451300719431,0.1773522721507036,9.494045946066925e-18
2015-10,0.013587336079124771,0.013676454174235688,2.433870008327353,-0.03294437861073074,0.028980346255784734,8.69410387673542e-05,2.1770563435633968e-06,-0.00032737397821989175,Slowdown,0.25,1.1,-0.10000000000000009,0.27938152898756863,0.6830646217336058,0.1375538492788256,0.0,0.6,0.4,0.0,0.0,0.1386442775606892,0.6946237839195222,0.1667319385197886,0.0
2015-11,-0.014935078016246287,-0.014913629605628297,2.3975199698715817,-0.047387429762229094,0.0068744752548271365,2.062342576448141e-05,8.249848535080013e-07,-0.00032737397821989175,Slowdown,0.25,1.1,-0.10000000000000009,0.2852333071195959,0.6805140500142511,0.134252642866153,0.0,0.6,0.4,0.0,0.0,0.1457373419631465,0.691532181835456,0.16273047620139755,0.0
2015-12,0.004508270503865323,0.004596395678028771,2.4083286384341815,-0.04309279461021487,0.02833205945585268,8.499617836755805e-05,3.1289957958899747e-06,-0.00032737397821989175,Slowdown,0.25,1.1,-0.10000000000000009,0.3119213123384,0.663855389317145,0.12422329834445499,1.2411300812730414e-17,0.6,0.4,0.0,0.0,0.17808643919806064,0.6713398658389637,0.15057369496297573,1.5044000985127774e-17
2016-01,0.006571601595582325,0.006578539264222941,2.424155214757202,-0.03680438169245126,0.0022826457776544845,6.847937332963454e-06,8.973130765234372e-08,-0.00032737397821989175,Slowdown,0.25,1.1,-0.10000000000000009,0.30911326325544336,0.6646999701817892,0.12618676656276753,6.7819709273722536e-18,0.6,0.4,0.0,0.0,0.17468274333993133,0.6723636002203505,0.15295365643971823,8.220570821057275e-18
2016-02,0.030996434524480546,0.031055603081234763,2.4992953831486022,-0.00694875177531451,0.01688185049537282,5.064555148611846e-05,8.523005268099946e-06,-0.00032737397821989175,Slowdown,0.25,1.1,-0.10000000000000009,0.29291856504579117,0.6557498669824164,0.15133156797179245,0.0,0.6,0.4,0.0,0.0,0.15505280611611041,0.6615149902817169,0.18343220360217266,0.0
2016-03,-0.004516259357983528,-0.004439800557998203,2.4880079169860925,-0.011433628768066417,0.022157038762456296,6.647111628736889e-05,9.98768369795612e-06,-0.00032737397821989175,Slowdown,0.25,1.1,-0.10000000000000009,0.3143885719867598,0.6394842624322045,0.14612716558103586,0.0,0.6,0.4,0.0,0.0,0.18107705695364823,0.6417991059784296,0.17712383706792223,0.0
2016-04,0.027024978538760194,0.027993266421382796,2.555246277546907,0.0,0.2767090231753644,0.0008301270695260932,0.00013816081309650808,-0.00032737397821989175,Stagflation,0.25,1.1,-0.10000000000000009,0.18249975968597434,0.5087613493311897,0.40873889098283606,2.0099126744813382e-18,0.0,0.0,1.0,0.0,0.2212118299223931,0.616680423431745,0.16210774664586186,2.4362577872501064e-18
2016-05,-0.005821910681270825,-0.004844180426047125,2.540369861950379,-0.005821910681270914,0.2795232614185381,0.0008385697842556144,0.00013916047096808622,-0.00032737397821989175,Slowdown,0.25,1.1,-0.10000000000000009,0.34370466257364063,0.6098153488432926,0.1464799885830668,9.745145821896248e-18,0.6,0.4,0.0,0.0,0.21661171221047354,0.6058367864767182,0.1775515013128082,1.1812297965934845e-17
2016-06,0.021574858299333362,0.02160693705433646,2.5951779817498557,0.0,0.010228811457573253,3.0686434372719756e-05,1.392320630377461e-06,-0.00032737397821989175,Slowdown,0.25,1.1,-0.10000000000000009,0.34993691001528876,0.603974701542228,0.1460883884424834,0.0,0.6,0.4,0.0,0.0,0.2241659515336833,0.5987572139905794,0.17707683447573744,0.0
2016-07,0.009276600447881726,0.00940466225376746,2.619252410977689,0.0,0.042655690986913186,0.00012796707296073957,9.473292499409536e-08,-0.00032737397821989175,Slowdown,0.25,1.1,-0.10000000000000009,0.3888460271662423,0.5587663513896837,0.15238762144407417,8.46948243959575e-19,0.6,0.4,0.0,0.0,0.27132851777726336,0.543959213805677,0.18471226841705957,1.026603932072212e-18
2016-08,-0.0029140718030803143,-0.002902339123862151,2.6116197213817087,-0.0029140718030803425,0.0036246064297476162,1.0873819289242849e-05,8.588599289204163e-07,-0.00032737397821989175,Slowdown,0.25,1.1,-0.10000000000000009,0.39436442493933516,0.5573283248740847,0.14830725018658034,3.2321749360966987e-18,0.6,0.4,0.0,0.0,0.27801748477495164,0.5422161513625269,0.1797663638625216,3.917787801329331e-18
2016-09,0.00801944161338115,0.008392109588571844,2.632563453253684,0.0,0.12411242052215048,0.0003723372615664514,3.3071362424354213e-07,-0.00032737397821989175,Goldilocks,0.25,1.1,-0.10000000000000009,0.5233173067810503,0.4325335574907624,0.14414913572818744,2.5655651124348154e-18,1.0,0.0,0.0,0.0,0.30099067488612147,0.5242830999888028,0.17472622512507566,3.1097758938603818e-18
2016-10,-0.009204889625170727,-0.009200466001385547,2.6083309972352255,-0.009204889625170742,0.0012750858050036013,3.825257415010804e-06,5.983663701697728e-07,-0.00032737397821989175,Goldilocks,0.25,1.1,-0.10000000000000009,0.5252801930994789,0.4314129293589216,0.14330687754159963,3.857488573979829e-18,1.0,0.0,0.0,0.0,0.30336993102967136,0.5229247628592989,0.17370530611102983,4.675743726036156e-18
2016-11,0.005497437645449725,0.006588729691142122,2.6226701342512198,-0.0037580552864687755,0.3118876561979614,0.0009356629685938842,0.00015562907709851237,-0.00032737397821989175,Overheating,0.25,1.1,-0.10000000000000009,0.24912727516020794,0.3925899389688729,0.18328278587091923,0.275,0.0,0.0,0.0,1.0,0.30197245473964596,0.4758665926895429,0.2221609525708112,1.7560339556605434e-19
2016-12,0.03450059546959681,0.03455891808767689,2.713153815603214,0.0,0.017729804218060474,5.318941265418142e-05,5.1332054258993736e-06,-0.00032737397821989175,Overheating,0.25,1.1,-0.10000000000000009,0.25622256968943036,0.38505384149365585,0.17706289341971176,0.2816606953972021,0.0,0.0,0.0,1.0,0.3105728117447641,0.46673192908321914,0.21462168899359,0.00807357017842675
2017-01,-0.01619846668331114,-0.01615104804686846,2.6692048839144666,-0.016198466683311263,0.01526024103824225,4.5780723114726753e-05,1.6379133279506575e-06,-0.00032737397821989175,Overheating,0.25,1.1,-0.10000000000000009,0.26078101651172836,0.3693452154558422,0.18467970874304715,0.2851940592893824,0.0,0.0,0.0,1.0,0.31609820183239795,0.44769117024950567,0.22385419241581472,0.012356435502281677
2017-02,0.00540058830128667,0.0054808097962636155,2.6836201605842724,-0.010885359631693237,0.023494293219670143,7.048287965901044e-05,9.738615317934934e-06,-0.00032737397821989175,Overheating,0.25,1.1,-0.10000000000000009,0.26771506385380756,0.3612326173915159,0.18455033763293166,0.286501981121745,0.0,0.0,0.0,1.0,0.32450310770158486,0.43785771805032225,0.22369737894900804,0.013941795299084854
2017-03,-0.019702801509373362,-0.01966753831091566,2.630745325233728,-0.030373689060885112,0.011198163760899132,3.3594491282697396e-05,1.6687071750047522e-06,-0.00032737397821989175,Overheating,0.25,1.1,-0.10000000000000009,0.2762512320714816,0.34952775106790657,0.18629996770580293,0.287921049154809,0.0,0.0,0.0,1.0,0.3348499782684625,0.42367000129443216,0.22581814267370048,0.015661877763404806
2017-04,0.006680090653002203,0.006759311849567075,2.648318942491251,-0.023896497404275685,0.023467842276348336,7.040352682904501e-05,8.817669735826705e-06,-0.00032737397821989175,Overheating,0.25,1.1,-0.10000000000000009,0.2853804291663113,0.3436093884535123,0.1828810955879574,0.28812908679221916,0.0,0.0,0.0,1.0,0.3459156717167409,0.4164962284284997,0.22167405525813016,0.015914044596629276
2017-05,0.005139448733563378,0.005168089759659278,2.6619298419263098,-0.018879863494033255,0.008158420526118287,2.447526157835486e-05,4.165764517545356e-06,-0.00032737397821989175,Overheating,0.25,1.1,-0.10000000000000009,0.28796123423902925,0.3366990137838361,0.18780563028222433,0.2875341216949104,0.0,0.0,0.0,1.0,0.3490439202897324,0.40812001670768006,0.22764318822087798,0.015192874781709562
2017-06,2.5798287132384895e-06,3.672219607257017e-05,2.661936709249349,-0.018877332372133848,0.010062248074349606,3.0186744223048817e-05,3.955623136282866e-06,-0.00032737397821989175,Overheating,0.25,1.1,-0.10000000000000009,0.30046795891209205,0.33068609188411807,0.1817991413374025,0.28704680786638753,0.0,0.0,0.0,1.0,0.36420358656011154,0.40083162652620363,0.22036259556048785,0.01460219135319696
2017-07,0.014297027994060017,0.014319087779137568,2.699994492899903,-0.004850194127451468,0.006713015926068641,2.0139047778205923e-05,1.92073729934536e-06,-0.00032737397821989175,Overheating,0.25,1.1,-0.10000000000000009,0.30771891736833995,0.3279182648296569,0.17765453801605835,0.28670827978594476,0.0,0.0,0.0,1.0,0.37299262711313935,0.39747668464200836,0.21533883395885858,0.014191854285993658
2017-08,-0.010525443741259168,-0.010498259852260357,2.6715758527631754,-0.015324587423287905,0.008238693505452838,2.4716080516358512e-05,2.4678084824526493e-06,-0.00032737397821989175,Overheating,0.25,1.1,-0.10000000000000009,0.3072720044932231,0.32662511357887297,0.17964290495304894,0.28645997697485515,0.0,0.0,0.0,1.0,0.3724509145372401,0.395909228580452,0.21774897570066537,0.013890881181642547
2017-09,0.030241439693142,0.030280275057585473,2.7523681528001678,0.0,0.01157259571354026,3.471778714062078e-05,4.1175773028517545e-06,-0.00032737397821989175,Overheating,0.25,1.1,-0.10000000000000009,0.30126720029253995,0.32528744194572573,0.1881201046093151,0.2853252531524193,0.0,0.0,0.0,1.0,0.36517236399095754,0.39428780841906147,0.2280243692234122,0.012515458366568817
2017-10,0.02396811639361958,0.024015299083365086,2.818337233044574,0.0,0.01420826858283332,4.262480574849996e-05,4.557883997005186e-06,-0.00032737397821989175,Overheating,0.25,1.1,-0.10000000000000009,0.310415672468894,0.32092405850981054,0.18266024925799484,0.2860000197633008,0.0,0.0,0.0,1.0,0.3762614211744169,0.3889988587997703,0.2214063627369634,0.013333357288849443
2017-11,-0.005532043140562704,-0.005493435754637405,2.8027460698867173,-0.005532043140562659,0.011734952690996392,3.520485807298918e-05,3.4025278523100724e-06,-0.00032737397821989175,Overheating,0.25,1.1,-0.10000000000000009,0.32179506333366703,0.3153193202394948,0.17782390388304387,0.2850617125437945,0.0,0.0,0.0,1.0,0.39005462222262666,0.38220523665393313,0.215544125918841,0.01219601520459927
2017-12,0.008760441506988365,0.00879086203773184,2.8272993628909013,0.0,0.00882393015635119,2.647179046905357e-05,3.948740274422213e-06,-0.00032737397821989175,Overheating,0.25,1.1,-0.10000000000000009,0.3179319029768555,0.32160905998129335,0.1752367223825367,0.28522231465931464,0.0,0.0,0.0,1.0,0.3853720036083096,0.3898291636136889,0.2124081483424687,0.012390684435532857
2018-01,0.03565011079884862,0.03566049569651628,2.9280928984394765,0.0,0.0030061782238937074,9.018534671681123e-06,1.3663629959809187e-06,-0.00032737397821989175,Overheating,0.25,1.1,-0.10000000000000009,0.31988158091238167,0.3204233031856715,0.17525901452091883,0.28443610138102815,0.0,0.0,0.0,1.0,0.3877352495907656,0.3883918826492988,0.2124351691162652,0.011437698643670459
2018-02,-0.04131966229773695,-0.04126035976432213,2.8071050886995557,-0.04131966229773687,0.01779509382053307,5.338528146159921e-05,5.91725195322354e-06,-0.00032737397821989175,Overheating,0.25,1.1,-0.10000000000000009,0.32449438516180046,0.31539334521680884,0.17765815479738484,0.2824541148240059,0.0,0.0,0.0,1.0,0.39332652746884905,0.3822949638991622,0.21534321793622402,0.00903529069576466
2018-03,0.017370754460029426,0.018391626221622537,2.855866621938855,-0.02466666154585273,0.2913458556627405,0.0008740375669882216,0.00014683419460489113,-0.00032737397821989175,Goldilocks,0.25,1.1,-0.10000000000000009,0.5774790418629617,0.35217843884311995,0.17034251929391842,0.0,1.0,0.0,0.0,0.0,0.36664126286419607,0.42688295617347866,0.20647578096232533,0.0
2018-04,0.01951570059907228,0.02048797096191488,2.9116008598834973,-0.005632348128288056,0.27798480321229757,0.0008339544096368927,0.00013831595320570845,-0.00032737397821989175,Overheating,0.25,1.1,-0.10000000000000009,0.3064854813200377,0.3500779434427397,0.16843657523722264,0.275,0.0,0.0,0.0,1.0,0.3714975531151973,0.4243369011427147,0.20416554574208803,2.488371040796321e-18
2018-05,-0.009864552549755153,-0.008937771528932234,2.8828792201972644,-0.015441340083953148,0.30838526099661073,0.0009251557829898322,1.6252378330882111e-06,-0.00032737397821989175,Stagflation,0.25,1.1,-0.10000000000000009,0.2851426885798704,0.3688636781608478,0.4459936332592818,0.0,0.0,0.0,1.0,0.0,0.3456275013089338,0.44710748867981553,0.20726501001125067,0.0
2018-06,0.033214140032709484,0.034043937820912785,2.9786315743142846,0.0,0.27636448981390793,0.0008290934694417238,7.043187615744518e-07,-0.00032737397821989175,Overheating,0.25,1.1,-0.10000000000000009,0.2786059149690222,0.3732100645643725,0.17284782210665767,0.27533619835994777,0.0,0.0,0.0,1.0,0.3377041393563905,0.452375835835603,0.20951251164443352,0.00040751316357303123
2018-07,-0.022068694421896774,-0.021960137779651126,2.9128970643053296,-0.02206869442189674,0.03485665281159046,0.00010456995843477139,3.9866838108755795e-06,-0.00032737397821989175,Overheating,0.25,1.1,-0.10000000000000009,0.2568331705456193,0.37745186959172267,0.188849624316821,0.276865335545837,0.0,0.0,0.0,1.0,0.31131293399469007,0.45751741768693654,0.2289086355355406,0.002261012782832668
2018-08,0.01609054397898181,0.016192359785705223,2.9597671626247815,-0.006333247741069137,0.029274519486693143,8.782355846007943e-05,1.3992248263329705e-05,-0.00032737397821989175,Overheating,0.25,1.1,-0.10000000000000009,0.24138216600484153,0.3767443001959798,0.20476998401475718,0.2771035497844214,0.0,0.0,0.0,1.0,0.29258444364223213,0.45665975781330886,0.2482060412300087,0.0025497573144501896
2018-09,-0.0035659366618409185,-0.002707470028927428,2.949212820389065,-0.009876600442601635,0.285244700038771,0.0008557341001163131,2.732532797177001e-06,-0.00032737397821989175,Stagflation,0.25,1.1,-0.10000000000000009,0.23921177632959692,0.3818029045494571,0.475861839930951,0.0031234791899951296,0.0,0.0,1.0,0.0,0.28995366827829927,0.46279139945388736,0.24346889688600118,0.003786035381812278
2018-10,0.0038784399510408,0.0038845087195912512,2.960651165215783,-0.006036466293298015,0.0017767727838509432,5.330318351552829e-06,7.384501988984272e-07,-0.00032737397821989175,Stagflation,0.25,1.1,-0.10000000000000009,0.2409990961896004,0.3805136630053881,0.47396871735305734,0.004518523451954292,0.0,0.0,1.0,0.0,0.292120116593455,0.4612286824307734,0.24117420285219068,0.005476998123580959
2018-11,-0.052257165187291406,-0.051274422166813015,2.805935928213155,-0.05797818286435308,0.3255078751217274,0.0009765236253651822,6.219395113208015e-06,-0.00032737397821989175,Overheating,0.25,1.1,-0.10000000000000009,0.1778447438400336,0.4277287100683681,0.2103590327805472,0.28406751331105107,0.0,0.0,0.0,1.0,0.215569386472768,0.5184590425071128,0.25498064579460267,0.010990925225516429
2018-12,0.01400713905231723,0.014829181699358245,2.8452390629315296,-0.04478315228141749,0.2691531707059578,0.0008074595121178733,1.458313492314045e-05,-0.00032737397821989175,Stagflation,0.25,1.1,-0.10000000000000009,0.15600404791305705,0.45884177734300857,0.47943798463030457,0.005716190113629926,0.0,0.0,1.0,0.0,0.18909581565219036,0.5561718513248588,0.2478036177337025,0.0069287152892483946
2019-01,0.02722484421183092,0.027258372528543393,2.9227002531652566,-0.018777522413762737,0.010024535190104739,3.0073605570314215e-05,3.4547111421595887e-06,-0.00032737397821989175,Stagflation,0.25,1.1,-0.10000000000000009,0.1514769971466943,0.4467160983148758,0.4987483849251986,0.0030585196132315268,0.0,0.0,1.0,0.0,0.18360848138993247,0.5414740585634857,0.27121016354569516,0.003707296500886699
2019-02,-0.002021996026279775,-0.001005211407186335,2.9167905648673496,-0.020761550364338577,0.2906766640184427,0.0008720299920553282,0.00014475462703811203,-0.00032737397821989175,Slowdown,0.25,1.1,-0.10000000000000009,0.3290031137498257,0.5582422537833756,0.21275463246679885,0.0,0.6,0.4,0.0,0.0,0.1987916530300918,0.5433239439798491,0.25788440299005916,0.0
2019-03,-0.002563090837543349,-0.0024470787198850917,2.9093145656955053,-0.023271427462369876,0.03311572463973099,9.934717391919297e-05,1.66649437390642e-05,-0.00032737397821989175,Slowdown,0.25,1.1,-0.10000000000000009,0.32837470254234274,0.5919907681416314,0.17963452931602594,0.0,0.6,0.4,0.0,0.0,0.19802994247556693,0.5842312341110684,0.21773882341336478,0.0
2019-04,0.009912430516592501,0.009982625638969757,2.9381529441788725,-0.013589673353520015,0.020460579123626615,6.138173737087985e-05,8.813385006375185e-06,-0.00032737397821989175,Slowdown,0.25,1.1,-0.10000000000000009,0.3415231562462178,0.5956218977106512,0.16285494604313114,0.0,0.6,0.4,0.0,0.0,0.2139674621166276,0.5886326032856377,0.19739993459773472,0.0
2019-05,-0.010152392335369827,-0.010085346717138849,2.9083236627482467,-0.023604097993295325,0.022275409033087626,6.682622709926288e-05,2.1939113171483282e-07,-0.00032737397821989175,Slowdown,0.25,1.1,-0.10000000000000009,0.32314732345235075,0.6141254791669906,0.1627271973806588,0.0,0.6,0.4,0.0,0.0,0.19169372539678878,0.6110611868690794,0.19724508773413185,0.0
2019-06,0.028066441800668133,0.028095610493344733,2.9899499595662764,0.0,0.009240878371898797,2.7722635115696393e-05,1.446057560901548e-06,-0.00032737397821989175,Slowdown,0.25,1.1,-0.10000000000000009,0.3112039777928352,0.6195812505567007,0.16921477165046434,0.0,0.6,0.4,0.0,0.0,0.17721694277919414,0.617674243099031,0.20510881412177495,0.0
2019-07,-0.002351543531380381,-0.0023253317504431242,2.9829189620797076,-0.002351543531380229,0.008588758012421288,2.5766274037263866e-05,4.455068999929535e-07,-0.00032737397821989175,Slowdown,0.25,1.1,-0.10000000000000009,0.3149840834859894,0.6143668191053567,0.17064909740865408,0.0,0.6,0.4,0.0,0.0,0.18179888907392644,0.6113537201277051,0.20684739079836856,0.0
2019-08,0.016726602556466977,0.016748621819330116,3.032813062016564,0.0,0.0069753184586481415,2.0925955375944426e-05,1.0933074871968402e-06,-0.00032737397821989175,Slowdown,0.25,1.1,-0.10000000000000009,0.30590269026097533,0.6195436768038857,0.17455363293513912,0.0,0.6,0.4,0.0,0.0,0.17079113971027304,0.6176286991562251,0.21158016113350195,0.0
2019-09,0.001974486172036881,0.0020543237539495792,3.0388013094698882,0.0,0.022905401360718468,6.87162040821554e-05,1.1121377830542692e-05,-0.00032737397821989175,Slowdown,0.25,1.1,-0.10000000000000009,0.2990245926170213,0.6310903840928732,0.16988502329010552,1.2785285053657863e-17,0.6,0.4,0.0,0.0,0.16245405165699547,0.6316247079913615,0.20592124035164305,1.5497315216554985e-17
2019-10,-0.0026683031442331063,-0.0026000630547235396,3.03069286638113,-0.002668303144233053,0.020684226554035432,6.20526796621063e-05,6.1874098474602736e-06,-0.00032737397821989175,Slowdown,0.25,1.1,-0.10000000000000009,0.3079413831012628,0.6449214437515219,0.14713717314721522,8.422313292345525e-18,0.6,0.4,0.0,0.0,0.17326228254698525,0.6483896287897236,0.1783480886632912,1.0208864596782455e-17
2019-11,0.00357860709997802,0.0035851861597123074,3.041538525390614,0.0,0.002184239091577182,6.5527172747315465e-06,2.6342459555891983e-08,-0.00032737397821989175,Slowdown,0.25,1.1,-0.10000000000000009,0.3099781833197786,0.6418655686865589,0.1481562479936627,5.414319643356217e-18,0.6,0.4,0.0,0.0,0.17573113129670134,0.6446855378018894,0.17958333090140932,6.562811688916625e-18
2019-12,0.02312781385763315,0.023129777491256782,3.1118826622466687,0.0,0.0006368682649145919,1.9106047947437756e-06,5.302882889220151e-08,-0.00032737397821989175,Slowdown,0.25,1.1,-0.10000000000000009,0.31081918247535434,0.6449479547031416,0.14423286282150422,0.0,0.6,0.4,0.0,0.0,0.1767505242125507,0.6484217632765352,0.1748277125109142,0.0
2020-01,0.001174411704921121,0.0011984612220711174,3.115537293669552,0.0,0.00773567860307553,2.320703580922659e-05,8.424813407697518e-07,-0.00032737397821989175,Slowdown,0.25,1.1,-0.10000000000000009,0.3180611105730228,0.6360053427140141,0.1459335467129632,4.685468626855569e-19,0.6,0.4,0.0,0.0,0.1855286188763912,0.6375822335927444,0.1768891475308645,5.679355911340084e-19
2020-02,-0.0037588438388194523,-0.003688796847731657,3.10382647550863,-0.0037588438388194145,0.022587158389096015,6.776147516728805e-05,2.2855159205077273e-06,-0.00032737397821989175,Slowdown,0.25,1.1,-0.10000000000000009,0.3226212313770359,0.6168470304331453,0.16053173818981892,0.0,0.6,0.4,0.0,0.0,0.1910560380327708,0.6143600368886608,0.19458392507856836,0.0
2020-03,-0.06417329545710752,-0.06358314621432369,2.9046437020482223,-0.06769092189968118,0.19040295254659334,0.0005712088576397801,1.8940385144047404e-05,-0.00032737397821989175,Goldilocks,0.25,1.1,-0.10000000000000009,0.46220304509045657,0.43662611071918056,0.20117084419036305,2.0125502826762178e-19,1.0,0.0,0.0,0.0,0.2269127819278261,0.5292437705687036,0.24384344750347034,2.439454888092385e-19
2020-04,0.04015535958956318,0.04048246174843748,3.0212807143835287,-0.030253715619948718,0.10793862736373953,0.0003238158820912186,3.28627678308506e-06,-0.00032737397821989175,Slowdown,0.25,1.1,-0.10000000000000009,0.32624140322275824,0.5651498301195896,0.20860876665765218,8.88177572667178e-19,0.6,0.4,0.0,0.0,0.19544412511849482,0.5516967637813207,0.25285911110018444,1.0765788759602157e-18
2020-05,0.03148021628748559,0.03163790325272634,3.1163912847375315,0.0,0.05224190944072769,0.00015672572832218306,9.612369185659776e-07,-0.00032737397821989175,Slowdown,0.25,1.1,-0.10000000000000009,0.28960780370961714,0.599214445954936,0.21117775033544703,8.92727923955582e-18,0.6,0.4,0.0,0.0,0.15103976207226316,0.5929872072181043,0.25597303070963273,1.0820944532794934e-17
2020-06,0.014818053861223266,0.01493567693573079,3.162570138647419,0.0,0.03765124203030546,0.00011295372609091638,4.669348416609043e-06,-0.00032737397821989175,Slowdown,0.25,1.1,-0.10000000000000009,0.27064083348870077,0.6245751527353225,0.2047840137759768,0.0,0.6,0.4,0.0,0.0,0.12804949513781913,0.6237274578609969,0.248223047001184,0.0
2020-07,0.04045918270826969,0.04048123124218588,3.2905251417146726,0.0,0.007069697208813628,2.1209091626440884e-05,8.394422897458759e-07,-0.00032737397821989175,Slowdown,0.25,1.1,-0.10000000000000009,0.27551264580962953,0.6213169437932322,0.2031704103971384,1.7343251468603238e-17,0.6,0.4,0.0,0.0,0.1339547221934903,0.6197781136887662,0.24626716411774346,2.102212299224635e-17
2020-08,0.0023263064488117744,0.002339294642802547,3.2981799115718204,0.0,0.004232804570538007,1.2698413711614022e-05,2.897802791581028e-07,-0.00032737397821989175,Slowdown,0.25,1.1,-0.10000000000000009,0.2773178348604618,0.6066989665644154,0.2159831985751229,0.0,0.6,0.4,0.0,0.0,0.13614283013389306,0.6020593534114126,0.2617978164546944,0.0
2020-09,-0.006056613231422572,-0.00604643103942496,3.2782041114797824,-0.006056613231422592,0.003376066368026287,1.0128199104078861e-05,5.3992893532833766e-08,-0.00032737397821989175,Slowdown,0.25,1.1,-0.10000000000000009,0.2813968206658857,0.6021315995120678,0.2164715798220463,0.0,0.6,0.4,0.0,0.0,0.14108705535258875,0.5965231509237187,0.2623897937236925,0.0
2020-10,-0.016996442766516694,-0.016954367129771376,3.2224863029220567,-0.022950115117792436,0.01373699348076493,4.1210980442294795e-05,8.646563030269561e-07,-0.00032737397821989175,Slowdown,0.25,1.1,-0.10000000000000009,0.2970828612242439,0.5971217573144627,0.2057953814612935,9.4893750998098e-19,0.6,0.4,0.0,0.0,0.16010043784756828,0.5904506149266214,0.2494489472258103,1.1502272848254303e-18
2020-11,0.03057522424680426,0.030584251129506503,3.321014544266154,0.0,0.002976088700926181,8.928266102778543e-06,9.861659946656943e-08,-0.00032737397821989175,Slowdown,0.25,1.1,-0.10000000000000009,0.29625819064912096,0.6011019517332208,0.20263985761765838,2.557216282459713e-18,0.6,0.4,0.0,0.0,0.15910083715044956,0.5952750930099646,0.2456240698395859,3.099656099951167e-18
2020-12,0.05089979301673949,0.05092966168606803,3.4900534971748822,0.0,0.009101079862849597,2.730323958854879e-05,2.5654297399897305e-06,-0.00032737397821989175,Slowdown,0.25,1.1,-0.10000000000000009,0.3243183812294818,0.5869344968617173,0.18874712190880094,0.0,0.6,0.4,0.0,0.0,0.19311318936906885,0.5781024204384452,0.22878439019248598,0.0
2021-01,0.013434927561055096,0.013832382369177389,3.5369421130936334,0.0,0.12901176547652707,0.0003870352964295812,1.0419511692712713e-05,-0.00032737397821989175,Goldilocks,0.25,1.1,-0.10000000000000009,0.4604683857123051,0.4303046244251159,0.20922698986257912,0.0,1.0,0.0,0.0,0.0,0.2248101644997637,0.5215813629395344,0.25360847256070196,0.0
2021-02,0.003629934639172875,0.0036672895226115285,3.549780981786701,0.0,0.010943901715175966,3.28317051455279e-05,4.523178293125749e-06,-0.00032737397821989175,Goldilocks,0.25,1.1,-0.10000000000000009,0.4733882207860354,0.4130913983907176,0.21352038082324715,0.0,1.0,0.0,0.0,0.0,0.24047057064973976,0.5007168465342031,0.2588125828160571,0.0
2021-03,-0.005216317124145934,-0.005163183076347084,3.5312641984644393,-0.005216317124145942,0.015178355715720602,4.5535067147161804e-05,7.598980651687514e-06,-0.00032737397821989175,Goldilocks,0.25,1.1,-0.10000000000000009,0.4844661700015853,0.40111635649724314,0.21441747350117163,6.457515383915975e-18,1.0,0.0,0.0,0.0,0.25389838788070945,0.4862016442390826,0.259899967880208,7.827291374443606e-18
2021-04,0.017659472183623952,0.018764889441797144,3.5936244603502487,0.0,0.31589407883747356,0.0009476822365124207,0.00015773502166077332,-0.00032737397821989175,Overheating,0.25,1.1,-0.10000000000000009,0.2107047979495326,0.3595100547745213,0.25478514727594614,0.275,0.0,0.0,0.0,1.0,0.2553997550903425,0.4357697633630561,0.30883048154660137,0.0
2021-05,0.03352691510413617,0.033636646544420744,3.714107602548559,0.0,0.0362145062927669,0.0001086435188783007,1.0879214062745612e-06,-0.00032737397821989175,Overheating,0.25,1.1,-0.10000000000000009,0.24214231495552388,0.32206632984168193,0.26079135520279423,0.275,0.0,0.0,0.0,1.0,0.2935058363097259,0.39038343011112964,0.3161107335791445,2.6046263128069735e-19
2021-06,0.02693965467419232,0.026986687531804096,3.814164378784009,0.0,0.014749294744687197,4.424788423406159e-05,2.7849733777142172e-06,-0.00032737397821989175,Overheating,0.25,1.1,-0.10000000000000009,0.24073667185854866,0.30495639487344867,0.2793039573002394,0.2750029759677634,0.0,0.0,0.0,1.0,0.2918020264952105,0.36964411499811956,0.3385502512730174,3.6072336526126213e-06
2021-07,0.006373663005895051,0.006461295074781652,3.8384745771834674,0.0,0.026563363012205257,7.969008903661577e-05,7.941979849984849e-06,-0.00032737397821989175,Overheating,0.25,1.1,-0.10000000000000009,0.25025903856237763,0.306494769166653,0.26824619227096935,0.275,0.0,0.0,0.0,1.0,0.30334428916651834,0.3715088111110945,0.3251468997223871,7.262736537695548e-18
2021-08,-0.01653887707957983,-0.016531789062283503,3.774990517978338,-0.016538877079579795,0.0021288457670368133,6.38653730111044e-06,7.014799952171358e-07,-0.00032737397821989175,Overheating,0.25,1.1,-0.10000000000000009,0.24266321059803986,0.30634002889962225,0.2756565109254199,0.27534024957691805,0.0,0.0,0.0,1.0,0.29413722496732103,0.37132124715105724,0.33412910415202407,0.00041242372959764985
2021-09,0.018316864911491548,0.01835545212471138,3.8441365093383086,0.0,0.011711986296431692,3.5135958889295076e-05,3.4512543305377232e-06,-0.00032737397821989175,Overheating,0.25,1.1,-0.10000000000000009,0.23927109709397476,0.3055937147853754,0.27937573997156806,0.2757594481490819,0.0,0.0,0.0,1.0,0.2900255722351209,0.3704166239822732,0.33863726057159765,0.0009205432110082556
2021-10,0.01928110622745448,0.019386232502321434,3.9182557137276968,0.0,0.0317846720105532,9.53540160316596e-05,9.772258835291037e-06,-0.00032737397821989175,Overheating,0.25,1.1,-0.10000000000000009,0.23408760811660748,0.30703857625130626,0.28248051670184715,0.27639329893023923,0.0,0.0,0.0,1.0,0.2837425552928575,0.37216797121370454,0.34240062630526924,0.0016888471881687027
2021-11,-0.043908523412629956,-0.04384452737100016,3.746210890984813,-0.04390852341262996,0.019863122855105955,5.958936856531787e-05,4.406673064478672e-06,-0.00032737397821989175,Overheating,0.25,1.1,-0.10000000000000009,0.23166937286700395,0.30097662401086406,0.2903863093795398,0.27696769374259234,0.0,0.0,0.0,1.0,0.28081136105091387,0.3648201503161988,0.35198340530853306,0.0023850833243543364
2021-12,0.047112725000834556,0.047217401037261665,3.9227050944869117,0.0,0.0318920291908662,9.56760875725986e-05,8.999948854511164e-06,-0.00032737397821989175,Overheating,0.25,1.1,-0.10000000000000009,0.22365263814312633,0.3061162551387266,0.29347987576277923,0.276751230955368,0.0,0.0,0.0,1.0,0.2710941068401531,0.37105000622875944,0.35573318274276267,0.0021227041883248613
2022-01,0.026596249284446392,0.026647939694143804,4.027034337049254,0.0,0.01706518534850733,5.119555604552199e-05,4.948536518902258e-07,-0.00032737397821989175,Overheating,0.25,1.1,-0.10000000000000009,0.23296965182583612,0.29144723361622443,0.29879755133932157,0.27678556321861786,0.0,0.0,0.0,1.0,0.28238745675858923,0.353269374080272,0.36217885010826856,0.002164319052870123
2022-02,0.053731278079597294,0.0538082107715837,4.243412038849334,0.0,0.02416298551308492,7.248895653925476e-05,4.443735447157649e-06,-0.00032737397821989175,Overheating,0.25,1.1,-0.10000000000000009,0.2190337245515439,0.2812906853301874,0.3089207184215684,0.2907548716967004,0.0,0.0,0.0,1.0,0.2654954236988411,0.3409584064608332,0.37444935566250714,0.019096814177818666
2022-03,0.017577843828689585,0.01764732839372826,4.3180020729690085,0.0,0.021555684815292034,6.466705444587611e-05,4.817510592797003e-06,-0.00032737397821989175,Overheating,0.25,1.1,-0.10000000000000009,0.21302180672349377,0.2739358102231623,0.31981233257730307,0.2932300504760409,0.0,0.0,0.0,1.0,0.2582082505739318,0.33204340633110585,0.3876513122149128,0.02209703088004953
2022-04,0.013070683647361034,0.013080358378391315,4.374441312053436,0.0,0.003075825750023062,9.227477250069186e-06,4.4725378021109875e-07,-0.00032737397821989175,Overheating,0.25,1.1,-0.10000000000000009,0.21392986375396147,0.2625171644679657,0.3193971432361421,0.30415582854193085,0.0,0.0,0.0,1.0,0.2593089257623775,0.31820262359753415,0.38714805240744493,0.03534039823264344
2022-05,0.03116377597114299,0.03121025739496374,4.510765421101182,0.0,0.01469075823287154,4.407227469861462e-05,2.409149122135135e-06,-0.00032737397821989175,Overheating,0.25,1.1,-0.10000000000000009,0.20614761165757484,0.26111979040063676,0.32628730128839295,0.3064452966533955,0.0,0.0,0.0,1.0,0.2498758929182725,0.3165088368492566,0.39549975913744595,0.038115511095024805
2022-06,-0.03141076314793973,-0.03132341770072392,4.369078836843055,-0.03141076314793978,0.02685515449402691,8.056546348208073e-05,6.779983733726958e-06,-0.00032737397821989175,Overheating,0.25,1.1,-0.10000000000000009,0.2059929115468586,0.2626671614288155,0.3206327573576976,0.3107071696666286,0.0,0.0,0.0,1.0,0.24968837763255583,0.3183844380955339,0.3886457664941788,0.043281417777731535
2022-07,-0.014049561519994404,-0.013749330404989693,4.307695194939123,-0.04501901721869728,0.09363828330315825,0.0002809148499094748,1.9316265095236262e-05,-0.00032737397821989175,Overheating,0.25,1.1,-0.10000000000000009,0.13057807102996943,0.35996112319305734,0.3086478798850415,0.30081292589193176,0.0,0.0,0.0,1.0,0.15827644973329627,0.4363165129612816,0.3741186422848988,0.03128839502052333
2022-08,-0.017019977929255286,-0.01678585899673557,4.234378317795301,-0.0612727724684935,0.06742522020406255,0.00020227566061218767,3.1843271907529444e-05,-0.00032737397821989175,Overheating,0.25,1.1,-0.10000000000000009,0.14062549907015703,0.30229313292018295,0.3450693759821424,0.31201199202751767,0.0,0.0,0.0,1.0,0.17045515038806913,0.36641591869113077,0.41826591028138466,0.04486302063941531
2022-09,0.014521070600378426,0.01547901022647369,4.295866024296718,-0.047641448123010965,0.3112924002824774,0.0009338772008474322,2.406242524783181e-05,-0.00032737397821989175,Stagflation,0.25,1.1,-0.10000000000000009,0.11781523258244439,0.368233087738689,0.587927298007432,0.026024381671434723,0.0,0.0,1.0,0.0,0.142806342524175,0.44634313665295633,0.37930581576658423,0.03154470505628451
2022-10,-0.005972517622004353,-0.005871281840282294,4.270208888764836,-0.05332942635656279,0.02901036066874224,8.703108200622672e-05,1.4204699715831493e-05,-0.00032737397821989175,Stagflation,0.25,1.1,-0.10000000000000009,0.11546740322037384,0.37671582004493775,0.5822817233497677,0.025535053384920927,0.0,0.0,1.0,0.0,0.1399604887519683,0.4566252364181063,0.3724626949694152,0.03095157986051021
2022-11,0.0006613671488000572,0.0007301136334611376,4.273033064642379,-0.052703329538419275,0.02183634151804531,6.550902455413593e-05,3.237460106944479e-06,-0.00032737397821989175,Stagflation,0.25,1.1,-0.10000000000000009,0.10438780542462776,0.38803132313493716,0.5844755776716763,0.023105293768758934,0.0,0.0,1.0,0.0,0.12653067324197304,0.4703409977393177,0.3751219123293046,0.028006416689404765
2022-12,0.0008965046828538992,0.0009676862055589398,4.276863858794821,-0.05185407363729866,0.020818727257045876,6.245618177113762e-05,8.725340933902926e-06,-0.00032737397821989175,Stagflation,0.25,1.1,-0.10000000000000009,0.10074635214714057,0.3904178738823777,0.5919431255845904,0.016892648385891156,0.0,0.0,1.0,0.0,0.1221167904813825,0.4732337865240942,0.38417348555707925,0.02047593743744382
2023-01,0.03091912108973749,0.030982160337000623,4.40910073032922,-0.02253823492934892,0.018145805351258086,5.443741605377426e-05,8.60183120935798e-06,-0.00032737397821989175,Stagflation,0.25,1.1,-0.10000000000000009,0.09071311067963825,0.4100985663981684,0.5861881030597588,0.01300021986243469,0.0,0.0,1.0,0.0,0.10995528567228878,0.4970891713917192,0.3771977006784955,0.01575784225749659
2023-02,0.004575606960696684,0.004729319212138136,4.4292750423213265,-0.01806575407327682,0.04479408204147721,0.00013438224612443163,1.9330005317020505e-05,-0.00032737397821989175,Stagflation,0.25,1.1,-0.10000000000000009,0.10374960290799938,0.3665308841053482,0.6163920383776647,0.013327474608987958,0.0,0.0,1.0,0.0,0.12575709443393865,0.4442798595216341,0.41380853136686613,0.016154514677561158
2023-03,0.04899282388397318,0.04903718905378335,4.646277734403453,0.0,0.012850263111933869,3.855078933580161e-05,5.814380474367887e-06,-0.00032737397821989175,Stagflation,0.25,1.1,-0.10000000000000009,0.11167342906503414,0.360340158877317,0.6130351655717171,0.014951246485931822,0.0,0.0,1.0,0.0,0.13536173220004136,0.43677595015432363,0.4097395946323843,0.018122723013250693
2023-04,0.024226612576812134,0.024241611920464215,4.758841304999113,0.0,0.004570049781559182,1.3710149344677546e-05,1.2891943074000988e-06,-0.00032737397821989175,Stagflation,0.25,1.1,-0.10000000000000009,0.10803197156241616,0.35391531822627914,0.6196937632568851,0.01835894695441985,0.0,0.0,1.0,0.0,0.13094784431808018,0.4289882645167019,0.41781062212955766,0.022253269035660418
2023-05,-0.0064731835613054305,-0.005426791179314716,4.728036451692732,-0.00647318356130544,0.2991994556269281,0.0008975983668807844,0.00014879401510992985,-0.00032737397821989175,Slowdown,0.25,1.1,-0.10000000000000009,0.27254161165085006,0.4805000000401063,0.3289535298485014,0.01800485846054228,0.6,0.4,0.0,0.0,0.130353468667697,0.44909090913952276,0.39873155133151683,0.021824070861263367
2023-06,-0.012347706973036391,-0.01228655977882271,4.669656043029395,-0.018740961560544167,0.018302734254228986,5.490820276268696e-05,6.238991450995074e-06,-0.00032737397821989175,Slowdown,0.25,1.1,-0.10000000000000009,0.27785838022995385,0.49701909762379387,0.31804907508486746,0.007073447061384985,0.6,0.4,0.0,0.0,0.13679803664236825,0.4691140577258107,0.38551403040589993,0.008573875225921193
2023-07,0.004456717468575785,0.0045453477501533725,4.690467380688604,-0.014367767262733255,0.025210410019971964,7.56312300599159e-05,1.2999051517671917e-05,-0.00032737397821989175,Slowdown,0.25,1.1,-0.10000000000000009,0.2843693595086013,0.52105637077638,0.29179679002393133,0.002777479691087361,0.6,0.4,0.0,0.0,0.14469013273769857,0.4982501463956121,0.35369307881688644,0.003366642049802862
2023-08,0.0030534710432553376,0.0031051506196744455,4.70478958701487,-0.011358167780770922,0.01598230986250436,4.794692958751308e-05,3.7326468315948825e-06,-0.00032737397821989175,Slowdown,0.25,1.1,-0.10000000000000009,0.28736577807211766,0.5312772377198077,0.27293828856300867,0.008418695645066124,0.6,0.4,0.0,0.0,0.1483221552389305,0.5106390760240093,0.3308342891672832,0.01020447956977712
2023-09,-0.022361491927078637,-0.022341363296094215,4.599583472646234,-0.03346567413071344,0.006060326734157109,1.8180980202471326e-05,1.947650781950139e-06,-0.00032737397821989175,Slowdown,0.25,1.1,-0.10000000000000009,0.2826394684846574,0.5301982756536865,0.2762015062011325,0.010960749660523877,0.6,0.4,0.0,0.0,0.14259329513291802,0.5093312432165896,0.33478970448622114,0.013285757164271366
2023-10,0.004285464188451254,0.004292717437142673,4.619294822900052,-0.029323625890291694,0.0023361162674847627,7.0083488024542884e-06,2.4489988896533867e-07,-0.00032737397821989175,Slowdown,0.25,1.1,-0.10000000000000009,0.2809971829490471,0.5357916156432012,0.27053859718143336,0.012672604226318404,0.6,0.4,0.0,0.0,0.14060264599884492,0.5161110492644863,0.32792557234113134,0.015360732395537459
2023-11,0.034309825189003974,0.03436312216769403,4.777782020770224,0.0,0.017190523855696943,5.157157156709083e-05,1.7254071229616808e-06,-0.00032737397821989175,Slowdown,0.25,1.1,-0.10000000000000009,0.27429625665255913,0.5266072596787462,0.27759501639909917,0.021501467269595457,0.6,0.4,0.0,0.0,0.13248031109401107,0.5049784965802985,0.3364788077564838,0.026062384569206613
2023-12,0.03415553578604177,0.03417694039570288,4.940969725558548,0.0,0.006476629119075804,1.9429887357227414e-05,1.9747223038843744e-06,-0.00032737397821989175,Slowdown,0.25,1.1,-0.10000000000000009,0.28534892290921016,0.5276246784666762,0.2681571229738647,0.0188692756502491,0.6,0.4,0.0,0.0,0.14587748231419415,0.506211731474759,0.3250389369380178,0.02287184927302921
2024-01,-0.013420037562992437,-0.013398101937524281,4.874661726243944,-0.013420037562992482,0.006790336923983455,2.0371010771950364e-05,1.5646146962043918e-06,-0.00032737397821989175,Slowdown,0.25,1.1,-0.10000000000000009,0.2959351247371186,0.527582686219117,0.26444143580043605,0.01204075324332846,0.6,0.4,0.0,0.0,0.1587092421055983,0.5061608317807478,0.32053507369749823,0.014594852416155707
2024-02,0.02243836230161536,0.022531324470066505,4.984041152155223,0.0,0.03062735568763645,9.188206706290936e-05,1.0801013882345557e-06,-0.00032737397821989175,Slowdown,0.25,1.1,-0.10000000000000009,0.311547970393288,0.5033765348994664,0.2710619551322919,0.01401353957495378,0.6,0.4,0.0,0.0,0.17763390350701572,0.47682004230238356,0.32855994561489926,0.01698610857570155
2024-03,0.051996283584500085,0.05202179621744494,5.243192769299505,0.0,0.007727435490359902,2.3182306471079708e-05,2.3303264737755956e-06,-0.00032737397821989175,Slowdown,0.25,1.1,-0.10000000000000009,0.31971828024833265,0.4951707055121424,0.26828952161861835,0.016821492620906667,0.6,0.4,0.0,0.0,0.1875373093919183,0.46687358243896043,0.3251994201437798,0.020389688025341413
2024-04,-0.0059089163240219926,-0.005580565189393837,5.212211181954997,-0.005908916324022018,0.10927795522285558,0.00032783386566856675,5.172689595885627e-07,-0.00032737397821989175,Goldilocks,0.25,1.1,-0.10000000000000009,0.4330864218944565,0.3690859113324037,0.28115990052151946,0.01666776625162048,1.0,0.0,0.0,0.0,0.1916199053266139,0.44737686222109535,0.34079987942002354,0.020203353032267248
2024-05,0.0030637739597246558,0.003202879449414865,5.228180218846855,-0.0028632459482612616,0.044663677242215184,0.00013399103172664556,5.114457963563967e-06,-0.00032737397821989175,Goldilocks,0.25,1.1,-0.10000000000000009,0.4623628040994927,0.3338299756062554,0.2866883964709841,0.017118823823267914,1.0,0.0,0.0,0.0,0.22710642921150628,0.4046423946742489,0.3475010866314958,0.020750089482748982
2024-06,0.03222271147023705,0.03225967014466232,5.396646361553159,0.0,0.012215009629824351,3.6645028889473054e-05,3.136455357949097e-07,-0.00032737397821989175,Goldilocks,0.25,1.1,-0.10000000000000009,0.47012915323284055,0.3239351743502684,0.28784168760517204,0.018093984811719147,1.0,0.0,0.0,0.0,0.2365201857367764,0.3926486961821435,0.34889901527899636,0.02193210280208381
2024-07,0.01904735306245892,0.019063788777430417,5.499438190154896,0.0,0.004537541416514813,1.3612624249544439e-05,2.8230907219547466e-06,-0.00032737397821989175,Goldilocks,0.25,1.1,-0.10000000000000009,0.4789902710577171,0.3187540557495249,0.2803937551011855,0.021861918091572518,1.0,0.0,0.0,0.0,0.2472609346154146,0.3863685524236666,0.3398712183044673,0.026499294656451535
2024-08,-0.03084334802685394,-0.03082923059383021,5.3298171041037765,-0.030843348026853956,0.004418869741924413,1.325660922577324e-05,8.608237979536582e-07,-0.00032737397821989175,Goldilocks,0.25,1.1,-0.10000000000000009,0.47763536564536463,0.31622876728065397,0.2862663425243651,0.019869524549616484,1.0,0.0,0.0,0.0,0.24561862502468437,0.383307596703823,0.34698950609013945,0.02408427218135331
2024-09,-0.012826244564882901,-0.012802670451572486,5.261455566440445,-0.04327398826674467,0.007080314015911759,2.1240942047735277e-05,2.333171262679401e-06,-0.00032737397821989175,Goldilocks,0.25,1.1,-0.10000000000000009,0.47077404588681826,0.32184807955031264,0.2889445459971914,0.018433328565677896,1.0,0.0,0.0,0.0,0.23730187380220388,0.39011888430340924,0.35023581332992887,0.022343428564458055
2024-10,0.0220696213708498,0.022133385882630155,5.377573898651336,-0.022159407432148504,0.01890117355368471,5.670352066105413e-05,7.060991119299947e-06,-0.00032737397821989175,Goldilocks,0.25,1.1,-0.10000000000000009,0.4668526969131467,0.32327718649544634,0.2932187276264502,0.016651388964956753,1.0,0.0,0.0,0.0,0.2325487235310869,0.39185113514599557,0.35541663954721237,0.020183501775705152
2024-11,-0.01172759107842926,-0.01166856450049975,5.314507910973919,-0.03362712204167306,0.0169965312463067,5.09895937389201e-05,8.036984190589958e-06,-0.00032737397821989175,Goldilocks,0.25,1.1,-0.10000000000000009,0.4600778705278167,0.3273587891826498,0.2960893956424899,0.01647394464704361,1.0,0.0,0.0,0.0,0.22433681276098982,0.39679853234260587,0.35889623714241203,0.019968417753992256
2024-12,0.0025592604004746333,0.002908619821181296,5.3281091206184845,-0.0311539222030216,0.11556330225928074,0.0003466899067778422,2.6695139288204494e-06,-0.00032737397821989175,Slowdown,0.25,1.1,-0.10000000000000009,0.34269219549326324,0.45245051523322016,0.290551662675281,0.014305626598235668,0.6,0.4,0.0,0.0,0.2153844793857736,0.4150915336160244,0.35218383354579513,0.01734015345240687
2025-01,0.028009808341437306,0.028069499369890175,5.477348435909272,-0.004016729251574924,0.018846672340590523,5.654001702177157e-05,3.151011431098222e-06,-0.00032737397821989175,Slowdown,0.25,1.1,-0.10000000000000009,0.3184573926222701,0.46713763732023234,0.29890665940449923,0.015498310652998556,0.6,0.4,0.0,0.0,0.18600896075426673,0.43289410584270577,0.3623111023084839,0.018785831094543702
2025-02,0.01863589028311546,0.018783876896229307,5.579423700403272,0.0,0.04923327119305946,0.0001476998135791784,2.8679953466884125e-07,-0.00032737397821989175,Slowdown,0.25,1.1,-0.10000000000000009,0.27116720583316817,0.5084749616901345,0.30577818025916154,0.014579652217535976,0.6,0.4,0.0,0.0,0.12868752222202204,0.4829999535637994,0.3706402184959533,0.017672305718225423
2025-03,0.034052979728877754,0.03405774090954991,5.769419702571924,0.0,0.0014912405147127234,4.47372154413817e-06,2.8745912802446985e-07,-0.00032737397821989175,Slowdown,0.25,1.1,-0.10000000000000009,0.27259384913323387,0.5061331954698526,0.3074825616968869,0.013790393700026755,0.6,0.4,0.0,0.0,0.1304167868281622,0.4801614490543667,0.37270613539016595,0.016715628727305157
2025-04,0.004020856629924014,0.004075695771652936,5.792617712033825,0.0,0.015880969771228326,4.764290931368498e-05,7.19623241523773e-06,-0.00032737397821989175,Slowdown,0.25,1.1,-0.10000000000000009,0.2843511025001599,0.48980868286237805,0.31219356841756746,0.013646646219894788,0.6,0.4,0.0,0.0,0.14466800303049682,0.46037416104530665,0.3784164465667484,0.016541389357448227
2025-05,0.018524771194690193,0.01852765317435985,5.89992462976756,0.0,0.0009270797142130896,2.781239142639269e-06,1.0074052701797287e-07,-0.00032737397821989175,Slowdown,0.25,1.1,-0.10000000000000009,0.2858497512788166,0.49359111616779594,0.310134442804486,0.010424689748901551,0.6,0.4,0.0,0.0,0.1464845470046262,0.46495892868823746,0.3759205367327102,0.01263598757442612
2025-06,0.038514047385842895,0.038538704093353755,6.12715460653133,0.0,0.007985207792765809,2.3955623378297428e-05,7.01084132559815e-07,-0.00032737397821989175,Slowdown,0.25,1.1,-0.10000000000000009,0.29104651070617543,0.4893280942780016,0.3086950357088223,0.01093035930700084,0.6,0.4,0.0,0.0,0.1527836493408187,0.4597916294278806,0.3741758008591785,0.01324892037212223
2025-07,0.02155136217503258,0.02160597902981257,6.2592031345591055,0.0,0.017707300128929054,5.3121900386787164e-05,1.494954393204101e-06,-0.00032737397821989175,Slowdown,0.25,1.1,-0.10000000000000009,0.3131364916840745,0.48364568318936674,0.2958272855107483,0.007390539615810656,0.6,0.4,0.0,0.0,0.17955938385948414,0.45290385841135355,0.35857852789181605,0.008958229837346248
2025-08,0.008682162451775522,0.008690567246392557,6.31354655299201,0.0,0.002545315390276054,7.635946170828161e-06,7.688484462066437e-07,-0.00032737397821989175,Slowdown,0.25,1.1,-0.10000000000000009,0.31847732145259694,0.4761217808412007,0.29720691921091547,0.008193978495286755,0.6,0.4,0.0,0.0,0.18603311691223873,0.44378397677721304,0.360250811164746,0.009932095145802127
2025-09,0.07101512172836455,0.07102785886563649,6.761903829990434,0.0,0.003677540347321441,1.1032621041964324e-05,1.7045162299814675e-06,-0.00032737397821989175,Slowdown,0.25,1.1,-0.10000000000000009,0.3149549589151876,0.4740740724675359,0.3045643318438081,0.006406636773468369,0.6,0.4,0.0,0.0,0.18176358656386377,0.44130190602125563,0.36916888708340373,0.0077656203314768095
2025-10,0.11089548874890699,0.11120892689868411,7.51176846009033,0.0,0.1043601158742205,0.00031308034762266154,3.5780215446210017e-07,-0.00032737397821989175,Goldilocks,0.25,1.1,-0.10000000000000009,0.43435125227403387,0.3411654422866734,0.3198397499985282,0.004643555440764553,1.0,0.0,0.0,0.0,0.19315303305943496,0.413533869438392,0.38768454545276143,0.005628552049411579
2025-11,0.007478633080435475,0.008059045591425092,7.567946220188534,0.0,0.19279231270359573,0.0005783769381107872,2.0355728788290785e-06,-0.00032737397821989175,Slowdown,0.25,1.1,-0.10000000000000009,0.29654583704990706,0.5000507354310149,0.2960864087299162,0.007317018789161939,0.6,0.4,0.0,0.0,0.15944949945443276,0.4727887702194119,0.3588926166423227,0.008869113683832653
2025-12,0.0392710633207075,0.03968068111990479,7.865147515409267,0.0,0.13611416954212224,0.00040834250862636673,1.2752905709225715e-06,-0.00032737397821989175,Goldilocks,0.25,1.1,-0.10000000000000009,0.4188688700365357,0.35705284473030263,0.3156396964836159,0.008438588749545832,1.0,0.0,0.0,0.0,0.1743865091351947,0.4327913269458213,0.38259357149529194,0.010228592423691917
2026-01,0.09215840466222786,0.0932245044972486,8.58998696286247,0.0,0.3043498283914839,0.0009130494851744517,0.00015305034984629409,-0.00032737397821989175,Overheating,0.25,1.1,-0.10000000000000009,0.15316971338460542,0.3255127463787118,0.312096121367221,0.30922141886946214,0.0,0.0,0.0,1.0,0.18566025864800653,0.39456090470146876,0.37829832892996473,0.04148050772056016
2026-02,0.11175103227689563,0.1119644888997606,9.549926873207426,0.0,0.06994930100371721,0.00020984790301115165,3.6087198538192754e-06,-0.00032737397821989175,Overheating,0.25,1.1,-0.10000000000000009,0.11563374304668432,0.3687834863381082,0.30556456642442154,0.310018204190786,0.0,0.0,0.0,1.0,0.1401621127838598,0.44701028647043417,0.37038129263566244,0.04244630811004361
2026-03,-0.056339146908536274,-0.05521069500160405,9.011892140132014,-0.05633914690853625,0.32311302055853186,0.0009693390616755956,0.00015911284525662865,-0.00032737397821989175,Goldilocks,0.25,1.1,-0.10000000000000009,0.3531210794962005,0.43574178287866705,0.2791965948672042,0.031940542757928354,1.0,0.0,0.0,0.0,0.09469221757115208,0.5281718580347479,0.3384201149905505,0.03871580940354952
2026-04,0.04768820621643583,0.04872634706994603,9.441653110910908,-0.011337653547932702,0.2983466664581622,0.0008950399993744866,0.00014310085413571163,-0.00032737397821989175,Overheating,0.25,1.1,-0.10000000000000009,0.07250108239355489,0.4168408780723001,0.2650596815800569,0.3455983579540883,0.0,0.0,0.0,1.0,0.08788009987097561,0.5052616703906667,0.32128446252128107,0.08557376721707662
2026-05,0.0048898858157130414,0.005007495710820992,9.487821716534835,-0.00650320756348699,0.038063521523318274,0.00011419056456995482,3.4193305379955353e-06,-0.00032737397821989175,Overheating,0.25,1.1,-0.10000000000000009,0.07471057723166127,0.4069495539189035,0.26845017825091255,0.3498896905985228,0.0,0.0,0.0,1.0,0.09055827543231669,0.4932721865683678,0.3253941554556516,0.090775382543664
2026-06,-0.09219913853719455,-0.09210973164728367,8.613052727675838,-0.09810275596559948,0.02553250342160484,7.659751026481452e-05,1.2809379646067154e-05,-0.00032737397821989175,Overheating,0.25,1.1,-0.10000000000000009,0.0782398958264841,0.39420253827801904,0.2755503568338305,0.35200720906166655,0.0,0.0,0.0,1.0,0.09483623736543527,0.4778212585188109,0.33400043252585515,0.09334207158989877
2026-07,-0.013933444115553702,-0.013815369433358352,8.493043238830449,-0.11066929081332466,0.038259121646801196,0.0001147773649404036,3.2973172549448647e-06,-0.00032737397821989175,Overheating,0.25,1.1,-0.10000000000000009,0.07009569991514039,0.4336918853533589,0.25805631238722665,0.33815610234427423,0.0,0.0,0.0,1.0,0.08496448474562472,0.5256871337616471,0.3127955301663353,0.07655285132639295
