month,return,gross_return,nav,drawdown,turnover,trade_cost,fx_cost,regime,accelerator_asset,sleeve_used,brake_used,early_guard_used,w_KODEX200,w_BOND,w_GLD,w_USO,base_w_KODEX200,base_w_BOND,base_w_GLD,base_w_USO
2007-04,0.004425824444882491,0.00608614696416451,1.0044258244448825,0.0,0.9999999999999999,0.0014999999999999998,0.00016032251928201898,Goldilocks,OFF_HISTORY,0.0,0.0,0.0,0.28527257363115627,0.39408238780480565,0.2401207025105579,0.0805243360534801,0.28527257363115627,0.39408238780480565,0.2401207025105579,0.0805243360534801
2007-05,0.035416147364084924,0.03557684429235191,1.039998717459715,0.0,0.05031214116719399,0.00015093642350158198,9.760504765399664e-06,Goldilocks,OFF_HISTORY,0.0,0.0,0.0,0.32944806272171895,0.34319104787191024,0.23169374797932696,0.09566714142704376,0.32944806272171895,0.34319104787191024,0.23169374797932696,0.09566714142704376
2007-06,0.004681081493105299,0.004818516544033394,1.0448670362088688,0.0,0.04017578797576263,0.00012052736392728789,1.6907687000807024e-05,Goldilocks,OFF_HISTORY,0.0,0.0,0.0,0.3070184529259065,0.3385158783023495,0.2447473450745271,0.10971832369721686,0.3070184529259065,0.3385158783023495,0.2447473450745271,0.10971832369721686
2007-07,0.05341882389703928,0.053461192536974615,1.1006826044119316,0.0,0.012291019866536745,3.687305959961024e-05,5.495580335723755e-06,Goldilocks,OFF_HISTORY,0.0,0.0,0.0,0.3179170645539047,0.33966276110730487,0.23853047663157145,0.10388969770721894,0.3179170645539047,0.33966276110730487,0.23853047663157145,0.10388969770721894
2007-08,-0.003821574423586866,-0.0037055792493485345,1.096476263922424,-0.003821574423586882,0.03383738493227774,0.00010151215479683322,1.4483019441498463e-05,Goldilocks,OFF_HISTORY,0.0,0.0,0.0,0.29766251580156294,0.32979864258186875,0.25212300345969607,0.12041583815687232,0.29766251580156294,0.32979864258186875,0.25212300345969607,0.12041583815687232
2007-09,0.03945614073383554,0.03949315835063892,1.1397389857030573,0.0,0.010650834145704585,3.195250243711376e-05,5.0651143662640005e-06,Goldilocks,OFF_HISTORY,0.0,0.0,0.0,0.30261240415385476,0.33168464307075884,0.2488340284220914,0.11686892435329495,0.30261240415385476,0.33168464307075884,0.2488340284220914,0.11686892435329495
2007-10,0.046273177502307104,0.04655529398258453,1.1924783300947943,0.0,0.08575765676504943,0.0002572729702951483,2.4843509982280604e-05,Slowdown,OFF_HISTORY,0.0,0.0,0.0,0.2657309685466389,0.40565139630743524,0.24754512441373672,0.0810725107321891,0.2657309685466389,0.40565139630743524,0.24754512441373672,0.0810725107321891
2007-11,-0.028507297355535893,-0.02809850056212085,1.1584839957487492,-0.02850729735553581,0.1280360922614124,0.0003841082767842372,2.4688516630810565e-05,Overheating,OFF_HISTORY,0.0,0.0,0.0,0.33641526014752915,0.27368799368320645,0.23803038561800482,0.15186636055125954,0.33641526014752915,0.27368799368320645,0.23803038561800482,0.15186636055125954
2007-12,0.04563175449604646,0.04593135763432395,1.211347653030355,0.0,0.09102341107420966,0.000273070233222629,2.653290505485695e-05,Overheating,OFF_HISTORY,0.0,0.0,0.17118575704212544,0.22734080407722504,0.31863754071473294,0.26826111217391285,0.1857605430341292,0.26396930082225745,0.23573894549292057,0.27616367599737,0.22412807768745197
2008-01,-0.0034128707261903276,-0.0031677687553116167,1.2072134800860883,-0.0034128707261904534,0.07194361117738723,0.00021583083353216172,2.9271137346549154e-05,Overheating,OFF_HISTORY,0.0,0.0,0.0,0.22942905798566038,0.2334719996364854,0.30557523133327497,0.2315237110445793,0.22942905798566038,0.2334719996364854,0.30557523133327497,0.2315237110445793
2008-02,0.052320345190403655,0.05241334420837921,1.270375306082701,0.0,0.028727358417800677,8.618207525340203e-05,6.816942722149999e-06,Overheating,OFF_HISTORY,0.0,0.0,0.0,0.2197318920103612,0.23517489263420882,0.3160162855785702,0.22907692977685973,0.2197318920103612,0.23517489263420882,0.3160162855785702,0.22907692977685973
2008-03,-0.004876904923415044,-0.004809773593702466,1.2641798064978813,-0.004876904923415082,0.019180379917879242,5.754113975363773e-05,9.590189958939622e-06,Overheating,OFF_HISTORY,0.0,0.0,0.0,0.22156239874565337,0.23329363099241812,0.31357195055725146,0.231572019704677,0.22156239874565337,0.23329363099241812,0.31357195055725146,0.231572019704677
2008-04,0.03348803752317305,0.03394068280402834,1.3065147072939198,0.0,0.1394048476761659,0.0004182145430284977,3.443073782678497e-05,Overheating,USO|BRAKE,0.08049238030633968,0.05884364468859588,0.0,0.17653093406578768,0.3546297630152731,0.3171449377263277,0.15169436519261156,0.23537457875438353,0.3762784986330169,0.3171449377263276,0.07120198488627186
2008-05,0.03351007812319864,0.03379009467571726,1.3502961172044472,0.0,0.09286685490538661,0.00027860056471615984,1.4159878024593287e-06,Overheating,USO+KODEX200,0.08077568449079991,0.0,0.0,0.25527735080182457,0.28132433762299197,0.3232795105266993,0.14011880104848415,0.24065274303940135,0.3621000221137919,0.3232795105266993,0.07396772432010748
2008-06,0.024578048021594686,0.024619007733174846,1.3834837600164709,0.0,0.011862354963739788,3.558706489121936e-05,5.372646688939359e-06,Overheating,USO,0.06843910859897731,0.0,0.0,0.2536768117689142,0.2720390721759771,0.33101466696505955,0.1432694490900492,0.2536768117689142,0.34047818077495445,0.33101466696505955,0.0748303404910719
2008-07,-0.05517038304483776,-0.05489904411054651,1.3071564310400496,-0.0551703830448379,0.08893440755847264,0.0002668032226754179,4.535711615834548e-06,Overheating,USO+GLD|BRAKE,0.1,0.05609762048067776,0.0,0.1682928614420333,0.3102962179206078,0.39291321207973995,0.12849770855761905,0.22439048192271105,0.35419859743993,0.3507329388210559,0.07067798181630311
2008-08,-0.01574552379240891,-0.014833111159064116,1.2865745683547083,-0.07004722025837795,0.27020446190347025,0.0008106133857104107,0.0001017992476343838,Overheating,BRAKE_DD,0.0,0.04141922516542031,0.3018348769197056,0.10184411915250359,0.6000770934862352,0.2926682642473606,0.005410523113900685,0.16567690066168125,0.5068120878158602,0.31976137904292484,0.007749632479533688
2008-09,0.046272835758664844,0.046424291587812645,1.3461080220474608,-0.027015668018079975,0.046502323822228395,0.0001395069714666852,1.1948857681119724e-05,Stagflation,BRAKE_DD,0.0,0.02830043164250256,0.35,0.07268584170287999,0.6548429288087962,0.26937258828483174,0.0030986412034921,0.11320172657001024,0.5914579203710301,0.2905732127458949,0.004767140313064768
2008-10,-0.04825991936388004,-0.04811914126974913,1.2811449574483782,-0.07397181342184622,0.044932074804884245,0.00013479622441465273,5.98186971625983e-06,Stagflation,BRAKE_DD,0.0,0.03373713173589432,0.16387677328859185,0.09281903700544103,0.6182083815498772,0.26414167246143183,0.024830908983250057,0.13494852694357728,0.5645205039830848,0.27083330228214786,0.02969766679119005
2008-11,0.051704641065726684,0.051948557624710116,1.3473860976264123,-0.02609185841807704,0.0754761727598498,0.0002264285182795494,1.7488040703881657e-05,Stagflation,BRAKE_DD,0.0,0.009643988867769071,0.35,0.03630577829214969,0.7336547634424895,0.23003945826536087,0.0,0.038575955471076284,0.7313633395052916,0.23006070502363207,0.0
2008-12,0.03832590935164497,0.03859844913202445,1.3990258950657088,0.0,0.07858943441096385,0.00023576830323289154,3.677147714658169e-05,Stagflation,BRAKE_DD,0.0,0.010969921005037138,0.15935010624857748,0.03169160331745708,0.7743046623899056,0.1900622435156276,0.003941490777009694,0.03762818613134146,0.7736285078933116,0.18249180808653995,0.006251497888807095
2009-01,0.030538935176629235,0.03085715476614237,1.4417506561855462,0.0,0.09091988271803818,0.00027275964815411455,4.545994135901908e-05,Stagflation,GLD|BRAKE,0.1,0.010634125685599611,0.0,0.024415462187461014,0.6950546246339618,0.2730429983092393,0.0074869148693378195,0.03255394958328135,0.7844204989483622,0.17304299830923928,0.009982553159117093
2009-02,0.04624183135920173,0.04629239612232308,1.5084198468908967,0.0,0.01444707517752873,4.334122553258619e-05,7.223537588764345e-06,Stagflation,GLD|BRAKE,0.1,0.0017047563128529555,0.0,0.029745869764818845,0.6869156107414406,0.2782242505551817,0.005114268938558867,0.029745869764818845,0.7852108544285876,0.17822425055518168,0.006819025251411822
2009-03,-0.028900888113243296,-0.02873667302266006,1.4648251736681073,-0.028900888113243317,0.04691881272329892,0.00014075643816989676,2.3458652413340997e-05,Stagflation,GLD|BRAKE,0.09592050798237325,0.009704142019512911,0.0,0.02586146221010631,0.703885559929655,0.2670020140118064,0.003250963848432429,0.034481949613475074,0.7901019258925153,0.17108150602943306,0.004334618464576571
2009-04,-0.0039566150088849675,-0.0037368719807349404,1.4590294244005795,-0.032743153434449335,0.06278372232857918,0.00018835116698573753,3.1391861164289616e-05,Stagflation,OFF_DD,0.0,0.0,0.17311435175489223,0.06696649159478171,0.7570377247637162,0.17599578364150206,0.0,0.07051854646502759,0.7647918340853069,0.16468961944966556,0.0
2009-05,0.01638569923304827,0.01647529966978506,1.4829366417209748,-0.01689397366551959,0.025692222739627624,7.707666821888287e-05,1.2523768517910733e-05,Stagflation,OFF_DD,0.0,0.0,0.1919414518288017,0.07710960415975049,0.7437248714414039,0.17916552439884567,0.0,0.08354905931148808,0.7493603371873215,0.1670906035011904,0.0
2009-06,-0.005828392311566434,-0.005775641505771859,1.4742935051998283,-0.022623901270862,0.015071658798449924,4.5214976395349776e-05,7.535829399224994e-06,Slowdown,OFF_TREND,0.0,0.0,0.11428047096104597,0.0823544486213561,0.7390620050836203,0.17858354629502357,9.059633674422206e-18,0.08652899993800764,0.7415214912380936,0.17194950882389867,1.0228558112806117e-17
2009-07,0.007312177899195667,0.007356410446937731,1.485073801585478,-0.015477153362532747,0.01263787078344675,3.791361235034025e-05,6.318935391723374e-06,Slowdown,OFF_TREND,0.0,0.0,0.14235711622722377,0.07917133531592141,0.7346097933049257,0.1862188713791528,6.1850104509501944e-18,0.08401338233880812,0.7370348213473855,0.17895179631380634,7.211638512923113e-18
2009-08,0.005675059406118794,0.00573334785540522,1.4935016836319464,-0.009889927721183911,0.018511842490595374,5.553552747178612e-05,2.7529218146404578e-06,Slowdown,KODEX200,0.009522846637467254,0.0,0.10733805147641044,0.10258930921771996,0.7105521751333888,0.18685851564889128,0.0,0.09939005908759425,0.71893896896436,0.18167097194804574,0.0
2009-09,0.01160673147511982,0.011795653700775162,1.5108363566315017,0.0,0.06270034068097999,0.00018810102204293996,8.212036124011225e-07,Slowdown,KODEX200,0.06044028911526436,0.0,0.0,0.16637492823646977,0.6457361939542072,0.18788887780932312,0.0,0.10593463912120539,0.7061764830694716,0.18788887780932312,0.0
2009-10,-0.0046004831464278,-0.004397848728383853,1.503885779435808,-0.004600483146427914,0.06752795917371704,0.00020258387752115112,5.054052279644672e-08,Slowdown,KODEX200,0.1,0.0,0.0,0.2429722262710896,0.5742730125438728,0.18275476118503775,0.0,0.1429722262710896,0.6742730125438727,0.18275476118503775,0.0
2009-11,0.03331744203611502,0.033602880837199395,1.5539914067210983,0.0,0.08155394316696499,0.00024466182950089497,4.077697158348247e-05,Slowdown,GLD,0.08159806741428835,0.0,0.0,0.1543081633495664,0.5677295118507737,0.2779623247996599,0.0,0.1543081633495664,0.649327579265062,0.1963642573853715,0.0
2009-12,-0.007944079361811658,-0.007920125235719954,1.5416463756585326,-0.007944079361811629,0.007696038335799987,2.3088115007399962e-05,8.660110843044244e-07,Goldilocks,GLD,0.08308459529653195,0.0,0.0,0.15822559135107994,0.5505255397530393,0.2912488688958808,0.0,0.15822559135107994,0.6336101350495713,0.20816427359934886,0.0
2010-01,-0.008824461876776454,-0.008583174309008729,1.5280421759890632,-0.01669843901311374,0.06940779866552664,0.00020822339599657993,3.306417177114514e-05,Goldilocks,KODEX200,0.06822368255275349,0.0,0.0,0.24359543666443745,0.5493921157176166,0.20701244761794604,2.1095884946960384e-18,0.17537175411168396,0.61761579827037,0.20701244761794604,2.1095884946960384e-18
2010-02,0.009306808066635254,0.009459775078273659,1.542263371238717,-0.007547040113385917,0.05022358574227171,0.00015067075722681512,2.296254411588941e-06,Goldilocks,BRAKE,0.0,4.764262634828709e-18,0.11332235116425732,0.1825290106858017,0.6046052870628986,0.21286570225129972,1.26730955744577e-17,0.19946695776060186,0.5898571988494116,0.21067584338998668,1.9057050539314837e-17
2010-03,0.01649436474330772,0.016787940756772483,1.5677020258141718,0.0,0.09552678866538451,0.00028658036599615356,6.995647468608854e-06,Goldilocks,KODEX200|BRAKE,0.06981183954645634,2.4313566670614323e-18,0.0,0.2626076199687747,0.5097432345782669,0.22764914545295845,7.294070001184297e-18,0.19279578042231837,0.5795550741247232,0.22764914545295845,9.72542666824573e-18
2010-04,0.018429025547893347,0.018717545604739382,1.5965932464993855,0.0,0.08243430195601029,0.00024730290586803084,4.121715097800512e-05,Goldilocks,USO,0.07959980294108394,0.0,0.0,0.21308116094360294,0.48425440491329663,0.22306463120201636,0.07959980294108394,0.213081160943603,0.5638542078543807,0.22306463120201642,8.78034355869675e-18
2010-05,0.0182067135702208,0.0185068877104237,1.625661962426549,0.0,0.0937011425896882,0.00028110342776906463,1.907071243383371e-05,Goldilocks,KODEX200+GLD,0.08981580743566156,0.0,0.0,0.2687763463327161,0.4622217269864527,0.2690019266808313,2.1495506100753106e-17,0.21571366742736064,0.5520375344221142,0.23224879815052515,2.1495506100753106e-17
2010-06,0.01112499261812769,0.011211203954123596,1.643747439758115,0.0,0.026307576392969847,7.892272917890954e-05,7.288606816994975e-06,Goldilocks,GLD,0.07404094701632857,0.0,0.0,0.22164731493701118,0.4654465592553375,0.3129061258076513,0.0,0.22164731493701118,0.5394875062716661,0.23886517879132277,0.0
2010-07,-0.01652039491143517,-0.0163351569794326,1.6165920829186504,-0.0165203949114352,0.05705350158386454,0.0001711605047515936,1.4077427250973884e-05,Goldilocks,GLD|BRAKE,0.0943532096222043,0.05605330012311081,0.0,0.1681599003693324,0.49041140795566107,0.3414286916750066,1.3899175389732628e-17,0.2242132004924432,0.5287113174547545,0.2470754820528023,1.8532233852976837e-17
2010-08,0.02201571355273219,0.02225525021982135,1.6521825111478021,0.0,0.0684390477397602,0.00020531714321928062,3.421952386988011e-05,Goldilocks,KODEX200,0.03391842035425921,0.0,0.11244993506603246,0.23342504767829356,0.5155386101778996,0.2510363421438069,0.0,0.22274603151746722,0.5235523847917335,0.2537015836907994,0.0
2010-09,0.019022173395797735,0.019271789563970115,1.6836106133563602,0.0,0.0715643856078145,0.0002146931568234435,3.492301134893641e-05,Goldilocks,GLD|BRAKE,0.0779894845560193,1.757461223449818e-18,0.0,0.22759035087928153,0.43820198664723076,0.33420766247348777,5.2723836703494536e-18,0.22759035087928153,0.51619147120325,0.2562181779174685,7.029844893799271e-18
2010-10,0.005701910118354476,0.006020716806146729,1.6932104097480256,0.0,0.09466746259965947,0.0002840023877989784,3.48042999932752e-05,Goldilocks,KODEX200,0.09474683909913223,0.0,0.0,0.33261241872037584,0.41150605616947483,0.2558815251101494,0.0,0.2378655796212436,0.5062528952686071,0.2558815251101494,0.0
2010-11,0.028820553541489127,0.028965239144256832,1.7420096710191755,0.0,0.0413387436479159,0.0001240162309437477,2.0669371823957923e-05,Goldilocks,KODEX200+GLD|BRAKE,0.1,7.438670683960349e-19,0.0,0.30292864947500153,0.3962052466264444,0.30086610389855395,2.2316012051881044e-18,0.24479070051096738,0.4962052466264445,0.2590040528625882,2.9754682735841398e-18
2010-12,0.024589635003331202,0.024625011012499975,1.78484505300181,0.0,0.010527405093378074,3.1582215280134224e-05,3.793793888640873e-06,Goldilocks,KODEX200+GLD,0.1,0.0,0.0,0.29944105437439406,0.39771805243031955,0.3028408931952864,0.0,0.2361064416421302,0.4977180524303195,0.26617550592755024,0.0
2011-01,-0.015624457057553208,-0.015535857077695088,1.756957818116797,-0.01562445705755322,0.025778031948313573,7.733409584494072e-05,1.1265884013178907e-05,Goldilocks,KODEX200,0.1,0.0,0.0,0.34614517899048747,0.3844434623079658,0.26941135870154687,0.0,0.24614517899048743,0.48444346230796576,0.26941135870154687,0.0
2011-02,-5.9393304226933784e-05,0.00017975159956779355,1.7568534665865918,-0.015682922373648656,0.0792840949737951,0.0002378522849213853,1.292618873342033e-06,Goldilocks,KODEX200,0.037502171769787124,0.0,0.10805983958201076,0.2781545010132678,0.4677237391835243,0.25412175980320795,1.9028043855144862e-19,0.26829357679965493,0.4746622773330889,0.25704414586725616,2.1333318869987605e-19
2011-03,0.020462007698628968,0.020560840578261595,1.7928022157452497,0.0,0.03245525524067171,9.736576572201512e-05,1.4671139106114396e-06,Overheating,OFF_TREND,0.0,0.0,0.1083463196308784,0.22983033889037072,0.5027303277469878,0.2674393333626416,0.0,0.25168182204544437,0.4763295290128021,0.27198864894175356,0.0
2011-04,0.03426007873086054,0.03468918703058828,1.854223760805543,0.0,0.13609362160409122,0.0004082808648122737,2.082743491546374e-05,Overheating,KODEX200+USO,0.1,0.0,0.0,0.34033983020877867,0.3609475949164616,0.29253406007596405,0.006178514798795765,0.24651834500757436,0.4609475949164616,0.292534060075964,0.0
2011-05,-0.006747094219932499,-0.006600269690518525,1.8417131383865504,-0.00674709421993247,0.04501393294205113,0.0001350417988261534,1.1782730587820645e-05,Overheating,KODEX200+GLD,0.1,0.0,0.0,0.30484936122320844,0.3649348147930127,0.3302158239837789,0.0,0.24665330751437417,0.4649348147930127,0.28841187769261317,0.0
2011-06,-0.01589485815238255,-0.01563604240373948,1.8124393692945169,-0.022534708266748416,0.08062842220276206,0.00024188526660828618,1.6930482034785726e-05,Overheating,OFF_TREND,0.0,0.0,0.0,0.2530829587507852,0.4511517176325543,0.29576532361666047,0.0,0.2530829587507852,0.4511517176325543,0.29576532361666047,0.0
2011-07,0.024438346104736577,0.02459169768545382,1.8567323898951869,0.0,0.04955423611072815,0.00014866270833218445,4.688872385059856e-06,Overheating,OFF_TREND,0.0,0.0,0.1419200705070672,0.21189230073689802,0.5083486554176158,0.2797590438454863,0.0,0.23866808926828695,0.4733430892534034,0.28798882147830973,0.0
2011-08,0.031090253985114703,0.03144419592800765,1.9144586714794174,0.0,0.10123655665909166,0.000303709669977275,5.0232272915673475e-05,Stagflation,GLD|BRAKE,0.1,4.072117572193736e-19,0.0,0.209123823306669,0.3968982281579444,0.3939779485353866,1.221635271658121e-18,0.209123823306669,0.49689822815794443,0.2939779485353866,1.6288470288774944e-18
2011-09,-0.010739705676577711,-0.010571800445193413,1.8938979488177565,-0.010739705676577671,0.05014925233980237,0.00015044775701940713,1.7457474364891062e-05,Stagflation,GLD|BRAKE,0.1,0.05325404931675864,0.0,0.1597621479502759,0.4404627905845795,0.39977506146514463,3.3345183052118064e-18,0.21301619726703455,0.4872087412678209,0.2997750614651446,4.446024406949075e-18
2011-10,0.005318496797518469,0.005606527438645105,1.9039706389933704,-0.0054783279693064735,0.08410405522432612,0.00025231216567297835,3.571847545365781e-05,Stagflation,GLD|BRAKE,0.05704117729368932,0.04471372331641243,0.0,0.13414116994923728,0.5285597759600803,0.3372990540906825,0.0,0.1788548932656497,0.5408872299373572,0.2802578767969932,0.0
2011-11,0.022213022801269293,0.022374358069028433,1.9462635822102774,0.0,0.047942439758049106,0.0001438273192741473,1.750794848499046e-05,Stagflation,BRAKE,0.0,0.045741254717189594,0.0,0.13722376415156878,0.5765844902383058,0.2861917456101254,8.728748967710695e-18,0.18296501886875838,0.5308432355211162,0.2861917456101254,1.1638331956947593e-17
2011-12,-0.03546709107315884,-0.035037112215132664,1.8772352744876533,-0.03546709107315882,0.1273559049516185,0.0003820677148548555,4.791114317132159e-05,Stagflation,GLD+USO,0.1,0.0,0.0,0.16785565710408426,0.4404144304604539,0.380930086843707,0.010799825591754686,0.1678556571040843,0.540414430460454,0.29172991243546176,1.53905927875137e-18
2012-01,0.029354598840627105,0.029848101452254236,1.932340762899713,-0.007153614463028202,0.14444592775915777,0.0004333377832774733,6.016482834965919e-05,Stagflation,OFF_DD,0.0,0.0,0.20528874625847818,0.14268360813514222,0.6025613679105949,0.2483071138431106,0.006447910111152204,0.16662551360482858,0.5722247778215034,0.25303618296195035,0.008113525611717807
2012-02,-0.00029267118446768916,-5.0979079166311515e-05,1.9317752224398397,-0.0074441919906778065,0.06974600770637963,0.00020923802311913892,3.245408218223872e-05,Stagflation,GLD,0.0713855421478872,0.0,0.0,0.15340125821439485,0.5180903109424917,0.3226739569055019,0.0058344739376117475,0.15340125821439482,0.5894758530903788,0.2512884147576146,0.005834473937611747
2012-03,-0.005149530407361934,-0.004978296141455397,1.9218274871916974,-0.012555388305025561,0.050766922489635935,0.0001523007674689078,1.893349843762926e-05,Slowdown,KODEX200+USO,0.035636243592708824,0.0,0.0,0.19022386704543917,0.526857709512179,0.26374779301297,0.019170630429411816,0.16808823221033586,0.5624939531048878,0.26374779301297,0.0056700216718063075
2012-04,0.0034140488652417357,0.0034859266813145762,1.9283887001435345,-0.009184204148979247,0.02079689834189439,6.239069502568317e-05,9.487121047157404e-06,Slowdown,OFF_TREND,0.0,0.0,0.0,0.1889306818719551,0.5506304389680622,0.2604388791599827,1.2077842794899069e-17,0.1889306818719551,0.5506304389680622,0.2604388791599827,1.2077842794899069e-17
2012-05,-0.010658269073207053,-0.010609663763799746,1.9078354144996725,-0.019744585503143286,0.01388723125923081,4.1661693777692434e-05,6.943615629615429e-06,Slowdown,OFF_TREND,0.0,0.0,0.0,0.18682282462062408,0.5396854386440625,0.2734917367353136,0.0,0.18682282462062408,0.5396854386440625,0.2734917367353136,0.0
2012-06,-0.013547598212871173,-0.013364604511062325,1.8819888268477443,-0.03302469200473834,0.05997056075717179,0.00017991168227151537,3.0820195373333637e-06,Slowdown,BRAKE,0.0,0.043172501589203105,0.1282484689654021,0.11931950652521435,0.6100744352684152,0.27060605820637046,7.866273624192187e-18,0.17269000635681242,0.5507301405993059,0.2765798530438817,1.2031369557571775e-17
2012-07,0.01730614481402142,0.017336544668747275,1.9145587980235417,-0.01629007729298937,0.009022045343023567,2.7066136029070703e-05,3.3337186967885847e-06,Slowdown,BRAKE_DD,0.0,3.019050299944448e-18,0.19332099082321785,0.12472301759435288,0.6105308760487,0.2647461063569472,7.306213513842165e-18,0.14263042268895515,0.5842965507891255,0.27307302652191934,1.2076201199777792e-17
2012-08,0.0203357596829584,0.02044492922313477,1.953492805639042,0.0,0.03583263891814085,0.00010749791675442254,1.671623421949181e-06,Slowdown,BRAKE,0.0,0.03193441755815086,0.11132137873564789,0.09070437143615527,0.6481031122838949,0.2611925162799498,0.0,0.12773767023260343,0.6071624460371329,0.2650998837302637,0.0
2012-09,0.009616818807090992,0.009917771288839609,1.9722791919918286,0.0,0.09113929666723228,0.0002734178900016968,2.7534591746919495e-05,Slowdown,USO+KODEX200,0.0885288622126342,0.0,0.0,0.12544221276253095,0.548536048300179,0.2705798077919096,0.05544193114538051,0.09235528169527724,0.6370649105128132,0.2705798077919096,2.5499079844143464e-17
2012-10,-0.02145386851738008,-0.021119935981733437,1.9299661735272713,-0.02145386851738007,0.1028821700303468,0.0003086465100910404,2.528602555560139e-05,Slowdown,KODEX200,0.1,0.0,0.0,0.23229272310647076,0.4926485177313824,0.27505875916214695,2.4191260973582818e-18,0.13229272310647075,0.5926485177313824,0.27505875916214695,2.4191260973582818e-18
2012-11,-0.006609992955469659,-0.006342806213867446,1.9172091107159612,-0.02792205155308225,0.08843874385203733,0.000265316231556112,1.8705100461020308e-06,Slowdown,BRAKE,0.0,7.349556138580298e-19,0.1366239557351623,0.1409131956477245,0.5938733590904851,0.26521344526179047,1.903629211808944e-18,0.1552996504265263,0.5739145928968745,0.27078575667659927,2.9398224554321192e-18
2012-12,0.003360096836062946,0.003423739422561016,1.923651118982949,-0.024655775514099254,0.0205771192492985,6.17313577478955e-05,1.911228750174826e-06,Slowdown,BRAKE_DD,0.0,7.870736025005367e-18,0.168318052610103,0.12829334607800127,0.6182413467155629,0.2534653072064359,1.9637847194004842e-17,0.14413856621958987,0.5976471539345171,0.2582142798458931,3.148294410002147e-17
2013-01,0.004343002501576719,0.004387558070864276,1.9320055406048529,-0.02041985310725858,0.014441788868614074,4.3325366605842224e-05,1.2302026817146567e-06,Slowdown,KODEX200,0.0013638530860690036,0.0,0.15231330001908633,0.12212813366658777,0.6301145770459013,0.24775728928751084,1.9656234991515507e-17,0.1337243447920053,0.6153277162018611,0.2509479390061336,2.318808941081426e-17
2013-02,-0.006399638088865463,-0.006386440253779543,1.9196414043592989,-0.026688811526409784,0.004039728534910916,1.2119185604732749e-05,1.0786494811873965e-06,Slowdown,OFF_TREND,0.0,0.0,0.131557280225567,0.11628731455312621,0.634718843907555,0.2489938415393189,9.384067674321866e-19,0.12632894265075248,0.6217999067173989,0.25187115063184856,1.0805626508976042e-18
2013-03,0.0057440800473365465,0.005778217513473722,1.9306679782481202,-0.021098034148849254,0.010878095517809883,3.2634286553429646e-05,1.503179583746281e-06,Slowdown,OFF_DD,0.0,0.0,0.16227517647940792,0.11055950795256779,0.6513653760443597,0.23807511600307255,2.7837827635685046e-17,0.1222904541589953,0.6380702039278257,0.239639341913179,3.3230276642268745e-17
2013-04,-0.02178960373035154,-0.021721921484047706,1.8885994880672148,-0.04242792007560792,0.021373552925807428,6.412065877742228e-05,3.561587526412155e-06,Slowdown,OFF_TREND,0.0,0.0,0.13488036732936132,0.12242602149968898,0.6300646187902305,0.24750935971008062,0.0,0.13371792612786815,0.6160428386856306,0.2502392351865012,0.0
2013-05,-0.011143624978716979,-0.011095554716097876,1.867553643637197,-0.05309874422437533,0.015956710145034744,4.787013043510423e-05,2.0013218399848875e-07,Slowdown,OFF_DD,0.0,0.0,0.23939680837047872,0.10535034301922425,0.662668744807901,0.2319809121728748,3.522791920792398e-18,0.12277164180791998,0.6446239618462918,0.23260439634578828,4.6315765691768205e-18
2013-06,-0.03796491967518706,-0.037941747338962946,1.796652119567408,-0.08904777434023059,0.007409005461291716,2.2227016383875148e-05,9.453198402374214e-07,Slowdown,OFF_DD,0.0,0.0,0.29168384669943903,0.11434847361374123,0.6574989329666014,0.22815259341965743,3.484992997253643e-18,0.1408471073459144,0.63176105932053,0.22739183333355573,4.920109446910849e-18
2013-07,0.020049479562657572,0.020165357343777432,1.83267405951988,-0.07078365630930761,0.03749374404195206,0.00011248123212585618,3.3965489940027127e-06,Slowdown,BRAKE_DD,0.0,0.02787241183262673,0.35,0.07185120307362212,0.7075568935765829,0.22059190334979506,0.0,0.11148964733050692,0.6729843475159623,0.21552600515353082,0.0
2013-08,0.011162826799820365,0.011201143396472733,1.853131882626824,-0.06041097520512617,0.010947599043533929,3.284279713060179e-05,5.4737995217669784e-06,Slowdown,BRAKE_DD,0.0,0.031029544840702254,0.35,0.07800761243936939,0.7023428635899367,0.21964952397069393,0.0,0.12411817936280901,0.6618056299130465,0.21407619072414458,0.0
2013-09,-0.015181077869615825,-0.01517667174991817,1.8249993432139984,-0.07467494935597352,0.001258891342186881,3.7766740265606433e-06,6.294456710934371e-07,Slowdown,BRAKE_DD,0.0,0.03119162137076121,0.32751377850511815,0.07930349571902255,0.6968972186403886,0.22379928564058896,0.0,0.12476648548304484,0.6544540965321932,0.22077941798476206,0.0
2013-10,0.0041269471326994935,0.004231866735207292,1.8325310190206539,-0.07085618179140318,0.03277196440992153,9.831589322976459e-05,6.603709278033596e-06,Slowdown,OFF_DD,0.0,0.0,0.35,0.10323919289548565,0.6780854467336855,0.2186753603708288,5.995873578611675e-19,0.13190645060843947,0.6555160718979777,0.21257747749358277,9.224420890171807e-19
2013-11,-0.015121693094516938,-0.015040614808111731,1.804820047364841,-0.08490640945102124,0.02618327221391275,7.854981664173825e-05,2.528469763469751e-06,Goldilocks,OFF_DD,0.0,0.0,0.35,0.12653609853721678,0.6504843222932359,0.2229795791695474,0.0,0.16774784390341044,0.6130528035280552,0.21919935256853443,0.0
2013-12,-0.0010116883065924363,-0.0009805738226257117,1.8029941320274183,-0.08583219893601735,0.008889852561921305,2.6669557685763914e-05,4.4449262809606455e-06,Goldilocks,OFF_DD,0.0,0.0,0.35,0.1286379737849626,0.650298637878782,0.22106338833625544,0.0,0.17098149813071173,0.6127671351981261,0.21625136667116224,0.0
2014-01,0.006709110920024074,0.006729996173194999,1.8150906196473429,-0.07969894575916459,0.005967215191692812,1.790164557507844e-05,2.983607595846427e-06,Goldilocks,OFF_DD,0.0,0.0,0.35,0.12592543067294817,0.6506436604315146,0.2234309088955373,0.0,0.16680835488145873,0.613297939125407,0.2198937059931343,0.0
2014-02,0.020619508058557248,0.020652548506474765,1.8525168953061728,-0.06072279075494702,0.009440127976432837,2.8320383929298513e-05,4.720063988216422e-06,Slowdown,OFF_DD,0.0,0.0,0.35,0.12073876066989657,0.6556296302012969,0.22363160912880653,0.0,0.15882886256907164,0.6209686618481491,0.22020247558277928,0.0
2014-03,-0.010220367035685836,-0.010161977762248486,1.8335834926963346,-0.07032254858168607,0.018881634733548307,5.664490420064492e-05,1.7443692367055397e-06,Goldilocks,OFF_DD,0.0,0.0,0.32904167469924034,0.13899467135566881,0.6308783391101623,0.23012698953416882,1.533785340344541e-19,0.1826381505375563,0.5871725835581688,0.2301892659042749,2.285962156676446e-19
2014-04,-0.006100633029144108,-0.006046737260952547,1.822397472679098,-0.07599416954825922,0.017208421192947986,5.162526357884396e-05,2.270504612717314e-06,Goldilocks,BRAKE_DD,0.0,0.05460304682711317,0.35,0.1239759413128707,0.6512374272308532,0.22478663145627614,0.0,0.2184121873084527,0.5596083796818917,0.22197943300965556,0.0
2014-05,-0.00024496033578536475,-7.689672007455711e-05,1.821951057582256,-0.07622051432675436,0.055093990977606665,0.00016528197293282,2.781642777987592e-06,Goldilocks,OFF_DD,0.0,0.0,0.35,0.1734371545560701,0.6022114510805794,0.2243513943633505,2.188214601634959e-18,0.2399033147016463,0.5387868478162761,0.2213098374820777,3.3664840025153214e-18
2014-06,0.017172719962598115,0.017242337299838373,1.8532389128796756,-0.06035670791209469,0.022080506585281115,6.624151975584335e-05,3.3758174844118056e-06,Goldilocks,OFF_DD,0.0,0.0,0.35,0.15473563812879107,0.6226277665453747,0.22263659532583424,0.0,0.2111317509673709,0.5701965639159611,0.2186716851166681,0.0
2014-07,0.007252689936009339,0.007285364317089752,1.8666798800921387,-0.053541766464130225,0.010219240143684749,3.065772043105425e-05,2.0166606493586816e-06,Goldilocks,OFF_DD,0.0,0.0,0.32724786876926387,0.16171793370886706,0.6108499490861442,0.22743211720498863,8.629350516264029e-20,0.21606106249636062,0.5577559195328359,0.22618301797080348,1.2826938950720903e-19
2014-08,-0.007894571505940178,-0.007868409445850228,1.8519432423000515,-0.06101364866616488,0.008221223295066402,2.4663669885199206e-05,1.498390204750691e-06,Goldilocks,OFF_DD,0.0,0.0,0.293854655674238,0.16083445100005966,0.6178130168834264,0.22135253211651393,1.3751009556113434e-18,0.20695699460553135,0.5752890223837087,0.21775398301075993,1.9473341666286993e-18
2014-09,0.0024286028053010817,0.0025076920516953873,1.8564408768535599,-0.058733223779176114,0.025273542796109036,7.582062838832711e-05,3.2686180059787185e-06,Slowdown,OFF_DD,0.0,0.0,0.3304668784642078,0.13483885837864504,0.6444777638628238,0.22068337775853106,0.0,0.17671345994659607,0.6072016428941689,0.216084897159235,0.0
2014-10,-0.006429520777283189,-0.006387176098802692,1.844504851664032,-0.06478511807385423,0.014041412529878162,4.212423758963449e-05,2.2044089086251108e-07,Goldilocks,BRAKE_DD,0.0,0.049106117108659295,0.3192927965179629,0.11620857846448034,0.6650177296435209,0.21873696757789035,3.672431410847157e-05,0.19635253478696288,0.5901216065363571,0.21345392502900573,7.193364767429098e-05
2014-11,0.014287115859295546,0.01432144820819651,1.870857506182789,-0.05142359470243796,0.01109048196365557,3.327144589096671e-05,1.0609030099967e-06,Goldilocks,BRAKE_DD,0.0,0.043983522371903526,0.34894707856188567,0.10335415613419364,0.6828588226373814,0.21378702122842505,6.861438871714276e-19,0.1759340894876141,0.618968615404274,0.2050972951081119,1.405198388800305e-18
2014-12,-0.0033069558824591326,-0.003280876042731232,1.864670662947475,-0.05456049502589866,0.008611022004169203,2.583306601250761e-05,2.4677371539265357e-07,Slowdown,BRAKE_DD,0.0,0.037248881309987984,0.28347561404194593,0.094242976126888,0.6842781519382946,0.22147887193481738,0.0,0.14899552523995194,0.6328967818917713,0.21810769286827672,0.0
2015-01,0.03180189827897831,0.0318145617002706,1.9239707296943256,-0.02449372405978467,0.0036181203692248485,1.0854361107674546e-05,1.8090601846124378e-06,Slowdown,BRAKE_DD,0.0,0.035185579407571534,0.29884642562690333,0.08895380558536678,0.686748973564821,0.2242972208498122,1.6431320117019343e-18,0.14074231763028613,0.637391106142511,0.2218665762272029,3.1246259911433588e-18
2015-02,-0.008745270121633779,-0.008506698232622992,1.907145085957032,-0.03302478994823077,0.07325354438751364,0.00021976063316254092,1.881125584824514e-05,Slowdown,GLD+KODEX200|BRAKE,0.0005062759402153297,4.129285617864714e-18,0.15151924789294488,0.161636960455742,0.6393732011142664,0.19898983842999152,1.0510858100132095e-17,0.1814721854856311,0.6254813756280859,0.19304643888628298,1.6517142471458857e-17
2015-03,0.008523339754295029,0.008570306221084576,1.9234003314853778,-0.024782931698978827,0.015226569767599457,4.567970930279837e-05,1.2867574867489601e-06,Slowdown,OFF_DD,0.0,0.0,0.19332147074633074,0.15188935244926952,0.6587814478026008,0.18932919974812965,0.0,0.1763072571716226,0.6441103488225502,0.17958239400582712,0.0
2015-04,-0.005715040643856752,-0.005631917588549081,1.9124080204165312,-0.030356336880902113,0.027247906753554846,8.174372026066454e-05,1.3793350470057141e-06,Slowdown,KODEX200|BRAKE,0.00021706830102117408,9.49053393474992e-19,0.15293636532499624,0.18033093844042125,0.6364745193824382,0.1831945421771407,2.4117258509327196e-18,0.20364497122618133,0.6216111581917902,0.17474387058202856,3.796213573899968e-18
2015-05,0.009116581930349784,0.009193284959408358,1.9298426448189165,-0.02151650098283242,0.024053094495088967,7.21592834852669e-05,4.543745573306543e-06,Slowdown,OFF_DD,0.0,0.0,0.18024605071642033,0.16524138027856483,0.6501126457518946,0.18464597396954063,5.112427628315716e-19,0.19058045146263647,0.6347459377180394,0.1746736108193241,6.236539186891017e-19
2015-06,-0.009891904393132077,-0.009853747012650476,1.9107528258825788,-0.031195566205367453,0.01220836328736515,3.6625089862095456e-05,1.5322906195070207e-06,Slowdown,OFF_TREND,0.0,0.0,0.13693085481587883,0.14708090362542048,0.6563278712587012,0.1965912251158784,1.2325469309160312e-17,0.16248334408329462,0.6462259239638146,0.19129073195289073,1.4280975490707504e-17
2015-07,-0.006978653947361139,-0.006921749420474011,1.8974183431318017,-0.037956517091489506,0.01625843625346496,4.8775308760394876e-05,8.129218126732493e-06,Slowdown,OFF_DD,0.0,0.0,0.1843582744063005,0.14998260183905954,0.6716649273324329,0.17835247082850764,9.326818098898394e-18,0.17258151919126372,0.6607398234410036,0.1666786573677327,1.1434944787933051e-17
2015-08,0.010998302378752198,0.011152163130834364,1.9182867238085561,-0.02737567196495383,0.04944626000689403,0.0001483387800206821,5.521972061484901e-06,Slowdown,BRAKE_DD,0.0,0.036642371606396044,0.21748693374829856,0.09689375036878067,0.7174706256768566,0.1856356239543628,4.247947263447529e-18,0.14656948642558418,0.6801252551180249,0.173305258456391,7.2381279353294e-18
2015-09,0.003265122169194234,0.00334015874784834,1.9245501643173344,-0.02419993470918891,0.024184420432322072,7.255326129696622e-05,2.4833173571396776e-06,Slowdown,BRAKE_DD,0.0,0.02338596109311803,0.16564079262827375,0.06681891551525364,0.7330845383865942,0.20009654609815217,5.833700626356091e-18,0.09354384437247211,0.7122961794897266,0.19415997613780137,9.322444617480831e-18
2015-10,0.0008442277056474766,0.0009064997528595262,1.9261749228869596,-0.023376137258897756,0.017855764746587934,5.3567294239763804e-05,8.704752972285873e-06,Slowdown,BRAKE,0.0,0.023571180086653234,0.15007968007502562,0.06760485876452378,0.7547186464047184,0.17767649483075781,2.426458385810292e-18,0.09428472034661294,0.7372781155364743,0.16843716411691279,3.806566064960826e-18
2015-11,-0.013750063177694971,-0.013629474100585104,1.899689896005972,-0.03680477707243246,0.0387842072344438,0.0001163526217033314,4.23645540653643e-06,Slowdown,KODEX200,0.0016238627411022458,0.0,0.14604307256859897,0.10177172920847218,0.7162889628866002,0.18193930790492763,0.0,0.1090018287257909,0.7172781668468583,0.17372000442735078,0.0
2015-12,0.007811948313459221,0.007965017531032013,1.9145301752851716,-0.029280345775151373,0.04949142290096494,0.00014847426870289482,4.5949488698974195e-06,Slowdown,BRAKE_DD,0.0,1.1310939164455024e-18,0.21184340765491902,0.15087376547153897,0.6817179782018571,0.16740825632660405,2.674437380423817e-18,0.17798695900188968,0.6714284062710957,0.15058463472701472,4.52437566578201e-18
2016-01,0.015400324482134254,0.015453719069785214,1.9440145612154007,-0.014330948118903453,0.01614258535300364,4.8427756059010926e-05,4.966831591949106e-06,Slowdown,BRAKE_DD,0.0,3.77989514018517e-19,0.1749736942982417,0.13174112646142785,0.6885981854450436,0.17966068809352861,9.355538770341002e-19,0.149076994147356,0.6819384080993074,0.1689845977533367,1.511958056074068e-18
2016-02,0.032878561743682755,0.03297637019167831,2.00793096399694,0.0,0.03141832373980878,9.425497121942634e-05,3.5534767761289806e-06,Slowdown,BRAKE,0.0,0.031667648419284954,0.0,0.09500294525785485,0.708369648434741,0.19662740630740408,0.0,0.12667059367713981,0.6767020000154561,0.19662740630740408,0.0
2016-03,-0.021440094402864217,-0.020966835712131256,1.9648807345744115,-0.021440094402864207,0.14755682075968116,0.0004426704622790435,3.0588228453918244e-05,Slowdown,GLD|BRAKE,0.1,2.795208725939191e-18,0.0,0.18054809843440967,0.5428572045065874,0.27659469705900297,8.385626177817573e-18,0.18054809843440967,0.6428572045065873,0.17659469705900294,1.1180834903756764e-17
2016-04,0.015034333766245375,0.015171640043692744,1.9944214073488684,-0.006728098171851382,0.039230364984962345,0.00011769109495488703,1.961518249248115e-05,Stagflation,BRAKE,0.0,1.6644197413547e-19,0.1365564625740346,0.20558854532115825,0.5787665933709989,0.21564486130784277,4.3113974077107367e-19,0.23019539040733047,0.5564300611363243,0.2133745484563453,6.6576789654188e-19
2016-05,-0.008139697400927518,-0.007884529510976556,1.9781874206031165,-0.014813030889576417,0.07290511141456099,0.00021871533424368297,3.6452555707280555e-05,Slowdown,GLD,0.07308760731259448,0.0,0.0,0.20184231284869278,0.49830298497302605,0.29985470217828125,2.3191766231725806e-18,0.20184231284869278,0.5713905922856205,0.2267670948656868,2.3191766231725806e-18
2016-06,0.026178100071357385,0.026351980300581272,2.0299726088595653,0.0,0.04968006549253963,0.0001490401964776189,2.484003274626985e-05,Slowdown,OFF_TREND,0.0,0.0,0.0,0.22999333426486032,0.5254350329093699,0.24457163282576974,5.149960338491243e-19,0.22999333426486032,0.5254350329093699,0.24457163282576974,5.149960338491243e-19
2016-07,0.00042129064722327796,0.0007522475988113297,2.030827817333797,0.0,0.10050410236318959,0.00030151230708956876,2.944464449848294e-05,Slowdown,GLD,0.1,0.0,0.0,0.2675068180317177,0.4193502329423026,0.3131429490259798,0.0,0.26750681803171766,0.5193502329423025,0.21314294902597974,0.0
2016-08,-0.005366340093023797,-0.005136396454585232,2.0199297045956106,-0.005366340093023836,0.06569818241101853,0.0001970945472330556,3.284909120550929e-05,Slowdown,KODEX200,0.045486550291241795,0.0,0.0,0.32099541518709285,0.44086998370188346,0.23813460111102372,0.0,0.275508864895851,0.4863565339931253,0.23813460111102372,0.0
2016-09,0.006290958971793423,0.006549931781327891,2.0326369994931284,0.0,0.08075161370735232,0.00024225484112205695,1.6717968412410968e-05,Goldilocks,KODEX200,0.07853463962790466,0.0,0.0,0.40666927566421474,0.39372449027158396,0.19960623406420136,0.0,0.3281346360363101,0.4722591298994886,0.19960623406420136,0.0
2016-10,-0.006258207398633295,-0.006182698380413604,2.0199163355841647,-0.006258207398633253,0.02516390615070767,7.5491718452123e-05,1.7299767568160208e-08,Goldilocks,KODEX200,0.09437045165683797,0.0,0.0,0.4349007136756542,0.36799093396460725,0.1971083523597386,0.0,0.34053026201881625,0.4623613856214452,0.1971083523597386,0.0
2016-11,-0.023741747261782475,-0.02347717271425355,1.9719599924547797,-0.029851373882045618,0.08257532898137568,0.00024772598694412703,1.6848560584795474e-05,Overheating,OFF_TREND,0.0,0.0,0.0,0.35003024498167845,0.4146648318813664,0.23530492313695517,0.0,0.35003024498167845,0.4146648318813664,0.23530492313695517,0.0
2016-12,0.014482328695108005,0.014650272729445022,2.0005185652391124,-0.015801362595498025,0.05562394682731232,0.00016687184048193697,1.072193855081574e-06,Overheating,OFF_DD,0.0,0.0,0.1777717320220235,0.3016277181547258,0.4715682737785505,0.22582352333560154,0.0009804847311222244,0.3560314610363963,0.41785552759893224,0.22492053870311557,0.0011924726615559352
2017-01,0.00974998920071477,0.009815944897916196,2.020023599646023,-0.0062054365094458275,0.0188444849146931,5.65334547440793e-05,9.42224245734659e-06,Overheating,KODEX200+USO,0.032221434496035796,0.0,0.1089266767179403,0.30444198860000404,0.45146880837214853,0.22802267841494855,0.016066524612898887,0.3075655277157282,0.45086442535701254,0.22778096646663326,0.013789080460626046
2017-02,0.008317748292653776,0.008561270077519055,2.036825647493099,0.0,0.08040974652673637,0.0002412292395802091,2.2925452850690585e-06,Overheating,KODEX200,0.0751782539622167,0.0,0.0,0.38847532677630725,0.36680143995882064,0.22773477472692913,0.01698845853794291,0.3132970728140905,0.4419796939210373,0.22773477472692913,0.01698845853794291
2017-03,0.014063562574883282,0.0143645513366793,2.0654706724407452,0.0,0.09975594225221451,0.00029926782675664354,1.7209350393762174e-06,Overheating,KODEX200,0.1,0.0,0.0,0.48840685133714795,0.26842131719483947,0.2300167651410699,0.013155066326942765,0.3884068513371479,0.36842131719483945,0.23001676514106986,0.013155066326942763
2017-04,0.020344049070833956,0.020382241416715775,2.107490709155248,0.0,0.01235739090725347,3.707217272176041e-05,1.1201731600587323e-06,Overheating,KODEX200|BRAKE,0.1,0.0028486134796977566,0.0,0.5114178378822569,0.2553006921387245,0.22473562953992532,0.00854584043909327,0.4114178378822569,0.3524520786590268,0.22473562953992532,0.011394453918791026
2017-05,0.026012705761333535,0.026064094197661064,2.162312244867248,0.0,0.015213688573821115,4.5641065721463345e-05,5.747370606065713e-06,Overheating,KODEX200|BRAKE,0.1,0.0020543129591015126,0.0,0.5007761344966466,0.2523817857656307,0.24067914086041822,0.006162938877304539,0.40077613449664645,0.35032747280652915,0.2406791408604182,0.00821725183640605
2017-06,0.012759699701953292,0.012787759712938192,2.18990269977361,0.0,0.009023894156543786,2.7071682469631357e-05,9.883285152687133e-07,Overheating,KODEX200|BRAKE,0.1,0.0013688448819752206,0.0,0.5257388095956095,0.23936825868474026,0.23078639707372467,0.004106534645925663,0.4257388095956094,0.33799941380276505,0.23078639707372464,0.0054753795279008826
2017-07,0.004148280626905448,0.00417157432571082,2.1989870307178894,0.0,0.006655342515820373,1.996602754746112e-05,3.3276712579101697e-06,Overheating,KODEX200|BRAKE,0.1,0.0009403848719040238,0.0,0.5369621766419388,0.23965349030460012,0.2205631784377491,0.0028211546157120714,0.4369621766419388,0.3387131054326961,0.2205631784377491,0.003761539487616095
2017-08,0.0035006505487693382,0.0035616835534975763,2.2066849158737085,0.0,0.01996662715816733,5.9899881474501996e-05,1.133123253736254e-06,Overheating,KODEX200|BRAKE,0.1,0.0009769036328899292,0.0,0.5164314346426561,0.25655253688670077,0.22408531757197345,0.0029307108986697875,0.41643143464265603,0.35557563325381086,0.22408531757197345,0.003907614531559717
2017-09,0.010967371774146677,0.011265408591808275,2.230886449734497,0.0,0.09519131245948521,0.00028557393737845563,1.2462880283143478e-05,Overheating,GLD|BRAKE,0.025,0.0008360657146657672,0.0,0.411799875997761,0.32588488232482876,0.2598070445334129,0.0025081971439973017,0.411799875997761,0.350048816610163,0.23480704453341292,0.003344262858663069
2017-10,0.015936368604696067,0.016209387904351162,2.2664386785126878,0.0,0.09097385451302122,0.00027292156353906364,9.773611603167143e-08,Overheating,KODEX200,0.1,0.0,0.0,0.5145554689112508,0.2312743320326793,0.2511340645940279,0.0030361344620420277,0.41455546891125084,0.3312743320326793,0.2511340645940279,0.0030361344620420277
2017-11,-0.021299640705111447,-0.02127840841169785,2.2181643489801997,-0.02129964070511159,0.006852727441675274,2.0558182325025824e-05,6.741110885663676e-07,Overheating,KODEX200+USO,0.1,0.0,0.0,0.5232614707546605,0.23129041150715837,0.24101742330826464,0.004430694429916421,0.42445308752808325,0.33129041150715843,0.2410174233082647,0.0032390776564936627
2017-12,0.005634987068325846,0.006065317470525884,2.2306636764021244,-0.015784676836719025,0.14150103785146648,0.00042450311355439946,5.827288645638473e-06,Overheating,OFF_TREND,0.0,0.0,0.13586823945504675,0.38835420490849504,0.3791909075996016,0.2298584608167513,0.0025964266751521297,0.4415539508640632,0.3256051774031871,0.22983620647948477,0.003004665253264997
2018-01,0.01403998766749781,0.014057387027540861,2.2619821669091458,-0.00196630583734414,0.005348166610260885,1.6044499830782657e-05,1.3548602122675502e-06,Overheating,KODEX200,0.036861292653123906,0.0,0.1088449164999232,0.38676951503264945,0.3825877079929655,0.22794055150366666,0.002702225470718427,0.3910409616996902,0.378237753098344,0.22768901223315166,0.003032272968813955
2018-02,-0.04034584655728752,-0.04006538693672045,2.1707205814877084,-0.042232820121033576,0.09191870042663844,0.00027575610127991533,4.703519287148627e-06,Overheating,KODEX200+GLD,0.09213477665062345,0.0,0.0,0.47398340872791483,0.28356875766893763,0.24032210894311312,0.0021257246600344458,0.39212982415165487,0.3757035343195611,0.23004091686874964,0.0021257246600344458
2018-03,0.010468282713468313,0.011089592562839817,2.193444298226666,-0.032206642508379346,0.20074771001805733,0.000602243130054172,1.906671931733048e-05,Goldilocks,OFF_DD,0.0,0.0,0.23844081859306446,0.2912509408623367,0.4966539290210983,0.2120951301165651,0.0,0.3667855456967111,0.42672525992493043,0.20648919437835847,0.0
2018-04,0.00035961527486173876,0.0006482466099067513,2.1942330943008668,-0.03185860923411554,0.09545756608804343,0.0002863726982641303,2.25863678088227e-06,Overheating,BRAKE_DD,0.0,0.07878317048072746,0.18931254829105879,0.20107121055826901,0.5852214711872296,0.21370731825450145,7.966785136223628e-19,0.31513268192290983,0.47496468323446783,0.20990263484262234,9.827196806154488e-19
2018-05,-0.003992762948002972,-0.0038977268929959144,2.1854720417026603,-0.03572416830759373,0.03091358014627489,9.274074043882467e-05,2.2953145682329673e-06,Stagflation,BRAKE_DD,0.0,0.06752570021947878,0.18760718524716613,0.17395254027073356,0.6108593135473066,0.21518814618195992,0.0,0.2701028008779151,0.5181295782729843,0.2117676208491005,0.0
2018-06,-0.006307838696065233,-0.006021523978625095,2.1716864365888395,-0.04180666471242356,0.09441737663953331,0.0002832521299185999,3.0625875215383183e-06,Overheating,OFF_DD,0.0,0.0,0.20654842470720924,0.2571467748966887,0.5209009929564101,0.21901588896458632,0.0029363431823148127,0.31107046900782787,0.4690722644666494,0.2161565451787522,0.003700721346770629
2018-07,-0.005907575497021592,-0.005623946273864727,2.158857035008833,-0.04746726418137792,0.08939334200325916,0.00026818002600977747,1.544919714708784e-05,Overheating,BRAKE_DD,0.0,0.0646639612929846,0.23635265709087536,0.15995901952464228,0.586500743336673,0.2431242054101206,0.010416031728564118,0.2586558451719384,0.4805180970184346,0.24718621236881902,0.013639845440807936
2018-08,0.0031847179691192346,0.003245194673915583,2.165732385800985,-0.044433716061441975,0.01757749120516315,5.2732473615489454e-05,7.744231180858805e-06,Overheating,BRAKE_DD,0.0,0.06084712070051908,0.26408959448875174,0.14753856753117017,0.5884261167294621,0.25630527643947304,0.0077300392998946215,0.2433884828020763,0.48036225168343094,0.26574521605140017,0.010504049463092515
2018-09,-0.0019193273689332001,-0.0018792216625025254,2.1615756363591325,-0.046267760583034945,0.012661672904622025,3.798501871386608e-05,2.1206877168085393e-06,Stagflation,BRAKE_DD,0.0,0.05619691991292587,0.2492252087010656,0.13903495289286283,0.6076720472550626,0.24534939614744972,0.007943603704624864,0.2247876796517035,0.5141870380372393,0.25044474098669905,0.010580541324358315
2018-10,-0.005507106673821774,-0.005314703765580678,2.1496716087461687,-0.05152006576376711,0.06337548129077808,0.00019012644387233425,2.2764643687611663e-06,Stagflation,OFF_DD,0.0,0.0,0.25821202685687117,0.20374210063815532,0.5484772411534224,0.240088133659827,0.007692524548595308,0.2572588208551213,0.48877117848137164,0.24359975360220681,0.010370247061300124
2018-11,0.0027086370298150943,0.0029311860539115273,2.1554942888675606,-0.048950977891858316,0.07337566963202229,0.00022012700889606685,2.4220152003661956e-06,Overheating,BRAKE_DD,0.0,0.04708989826150977,0.28394832224245875,0.11535381807888093,0.6253660713664551,0.24827345802893658,0.011006652525727507,0.18835959304603908,0.5407493491376304,0.25551974752180395,0.015371310294526557
2018-12,0.008862433082443609,0.008902827938961662,2.174597212762239,-0.04052236957530142,0.012071322843233064,3.621396852969919e-05,4.180887988353393e-06,Stagflation,BRAKE_DD,0.0,0.04806626040254385,0.27135979167010565,0.11360916841583805,0.6263492941199751,0.25501368631647425,0.005027851147712747,0.18306461394554055,0.5434056885656852,0.26432926982413957,0.009200427664634853
2019-01,0.017693857826764303,0.017712164003349448,2.2130742266753316,-0.023545508794606262,0.006031924480363993,1.8095773441091977e-05,2.104031440519627e-07,Stagflation,BRAKE_DD,0.0,0.044946939310920996,0.2300596109189769,0.11354077277429703,0.6204555842331706,0.26422204339772554,0.0017815995948067237,0.17670249744942348,0.5457645895573822,0.27444765319893394,0.003085259794260498
2019-02,-2.585255004282989e-05,9.636529401663374e-05,2.213017013063138,-0.023570752633204628,0.03493905896586371,0.00010481717689759114,1.7400667161872496e-05,Slowdown,GLD|BRAKE,0.001454491205393739,6.301925127571995e-19,0.14687299309357066,0.15627298964592304,0.6097565995785016,0.23397041077557545,1.6129027565501741e-18,0.17456877907462495,0.5922317617301447,0.23319945919523039,2.520770051028798e-18
2019-03,0.0024697626499885104,0.0025256460086109183,2.2184826398257904,-0.021159204147701782,0.016504250708899805,4.951275212669942e-05,6.370606495708712e-06,Slowdown,USO,0.0014292473667953734,0.0,0.14699668790270265,0.15307022352821636,0.6257278404115981,0.2199827833225027,0.0012191527376827949,0.17083214926187737,0.6109113182433868,0.21825653249473587,8.817612980917267e-19
2019-04,0.007698098204348325,0.007813250643035593,2.2355607370518116,-0.013623991574808203,0.03439894787255136,0.00010319684361765407,1.1955595069613092e-05,Slowdown,GLD+USO,0.005331509703324765,0.0,0.1351801003237387,0.18345130979511698,0.6192374051968158,0.19635817202547334,0.000953112982593902,0.2043110997388861,0.6088187018448286,0.18687019841628544,2.730093068119017e-19
2019-05,0.0020958110588552483,0.0021730415674451695,2.240246049967267,-0.011556733828161248,0.02206585959712041,6.619757879136122e-05,1.1032929798560174e-05,Slowdown,GLD+USO,0.023708470743480738,0.0,0.0,0.1846617717989535,0.59509725988819,0.2164380117747466,0.003802956538110011,0.1846617717989535,0.6188057306316707,0.19653249756937588,1.6078379257027819e-18
2019-06,0.019378765312774136,0.019535404261531504,2.2836592524124524,0.0,0.045937136410492574,0.00013781140923147772,1.8827539525891473e-05,Slowdown,GLD|BRAKE,0.050851407206902406,0.04272880181225465,0.0,0.12818640543676396,0.6047476751272896,0.26706591943594654,4.247023611123368e-18,0.1709152072490186,0.6128702805219373,0.21621451222904414,4.247023611123368e-18
2019-07,0.011248385965397832,0.011502363116592586,2.309346733097039,0.0,0.07324568207655985,0.00021973704622967955,3.42401049650741e-05,Slowdown,GLD,0.1,0.0,0.0,0.13866430806389854,0.5226825376953131,0.33865315424078846,0.0,0.13866430806389854,0.6226825376953131,0.23865315424078848,0.0
2019-08,0.0406622441779499,0.040769371878615214,2.4032499538497816,0.0,0.033867009485451946,0.00010160102845635583,5.526672208957584e-06,Slowdown,GLD|BRAKE,0.1,0.03570164104737886,0.0,0.10710492314213657,0.5580021668575876,0.3348929100002759,4.038653092508504e-18,0.14280656418951543,0.6223005258102088,0.23489291000027587,4.038653092508504e-18
2019-09,-0.017412315777825777,-0.017252661120662035,2.361403806760304,-0.01741231577782576,0.0456156163324983,0.0001368468489974949,2.280780816624914e-05,Slowdown,GLD|BRAKE,0.1,0.03554763955432765,0.0,0.10664291866298296,0.5788700516427107,0.3144870296943065,0.0,0.1421905582173106,0.6433224120883829,0.2144870296943064,0.0
2019-10,-0.005475383077520775,-0.005065603269427766,2.3484742163175754,-0.0227923597561962,0.11866667293403482,0.0003560000188021045,5.3779789290904934e-05,Slowdown,BRAKE,0.0,0.037016329807317415,0.1168203473113462,0.1039172252746731,0.7025564827606731,0.19352629196465398,0.0,0.14806531922926966,0.6632328559769973,0.18870182479373301,0.0
2019-11,0.0014028565974481455,0.0014517542929739528,2.3517687888658734,-0.021421477571003433,0.015865371279373486,4.759611383812046e-05,1.3015816876869868e-06,Slowdown,GLD+KODEX200,0.008830560975215201,0.0,0.14318256280536137,0.11894669192962273,0.6830311211796869,0.1980221868906905,0.0,0.12880929722496523,0.685683821406801,0.18550688136823384,0.0
2019-12,0.012150202710193092,0.012195203749288518,2.380343256378099,-0.009531550155649882,0.014108332497795686,4.232499749338706e-05,2.6760416020394224e-06,Slowdown,USO+KODEX200,0.012576511914691646,0.0,0.1364652400979168,0.12729946505422093,0.6743015430593751,0.19182769828358587,0.006571293602818325,0.1345484245112021,0.6796562832654051,0.18579529222339292,0.0
2020-01,0.010009203259526919,0.010224348322021966,2.4041685958586316,0.0,0.06256202848746838,0.00018768608546240514,2.745897703264108e-05,Slowdown,GLD+USO,0.06187379937740048,0.0,0.0,0.14211753318236828,0.6021533356782119,0.22607765745735947,0.029651473682060427,0.14211753318236828,0.6640271350556124,0.1938553317620194,0.0
2020-02,0.0031371582190627767,0.00358461610414395,2.411710853129142,0.0,0.13719473201684723,0.0004115841960505417,3.5873689030631454e-05,Slowdown,GLD|BRAKE,0.1,3.4778546987767133e-19,0.0,0.17485801613378513,0.48841748252588724,0.3367245013403277,1.043356409633014e-18,0.17485801613378513,0.5884174825258872,0.2367245013403277,1.3911418795106853e-18
2020-03,-0.031586352964884636,-0.03125875856679262,2.3355337028729615,-0.03158635296488477,0.10058314074213923,0.0003017494222264177,2.584497586559953e-05,Goldilocks,GLD,0.1,0.0,0.0,0.21570919976340305,0.39257290071983086,0.39171789951676617,0.0,0.21570919976340305,0.4925729007198309,0.2917178995167662,0.0
2020-04,0.02794383998490063,0.028646069835254136,2.4007974829453858,-0.004525156972941535,0.2107629188227989,0.0006322887564683968,6.994109388510778e-05,Slowdown,BRAKE_DD,0.0,0.04683006769023404,0.18627312952793534,0.12363430975310405,0.6112298274142756,0.2651358628326204,5.7483739344288e-19,0.18732027076093616,0.5395007903252769,0.2731789389137871,9.41900637346782e-19
2020-05,0.02605029519881689,0.026304988541500453,2.4633389660886897,0.0,0.07276952648101799,0.000218308579443054,3.638476324050902e-05,Slowdown,GLD|BRAKE,0.08189937210823386,0.03240943008012183,0.0,0.09722829024036547,0.5560412610434233,0.3467304487162113,1.0975448537243362e-17,0.1296377203204873,0.6055312030715353,0.26483107660797744,1.463393138299115e-17
2020-06,0.0037431897338929183,0.0038213292124792673,2.4725597112176514,0.0,0.024867121380764988,7.460136414229497e-05,3.538114444054247e-06,Slowdown,GLD|BRAKE,0.1,0.025185434448381665,0.0,0.07555630334514499,0.5639749050696956,0.36046879158515943,1.2208709385249858e-17,0.10074173779352665,0.638789470621314,0.2604687915851594,1.6278279180333144e-17
2020-07,0.04091638046521315,0.04117291143205486,2.57372790508479,0.0,0.07329456195477425,0.00021988368586432276,3.664728097738709e-05,Slowdown,KODEX200,0.030155086753386184,0.0,0.0,0.13749408410859423,0.5772002963403484,0.2853056195510574,0.0,0.10733899735520805,0.6073553830937346,0.2853056195510574,0.0
2020-08,0.0012480111902252729,0.0015329530367686852,2.5769399463109313,0.0,0.08480968761615362,0.0002544290628484609,3.051278369495139e-05,Slowdown,GLD+KODEX200,0.1,0.0,0.0,0.16330640856378248,0.473384628391875,0.36330896304434257,0.0,0.1390795688879814,0.573384628391875,0.2875358027201436,0.0
2020-09,-0.015058202672340693,-0.014930427994917665,2.5381358623249306,-0.015058202672340704,0.03716711053084196,0.00011150133159252587,1.6273345830501356e-05,Slowdown,GLD+KODEX200,0.1,0.0,0.0,0.20496247994573713,0.4629787792840371,0.3320587407702259,0.0,0.16735478488098846,0.5629787792840371,0.26966643583497457,0.0
2020-10,-0.016959468625602797,-0.016889210011350887,2.4950904268003136,-0.031762292182163976,0.020073889786259458,6.022166935877838e-05,1.0036944893129757e-05,Slowdown,KODEX200,0.03976718931063719,0.0,0.10528519309446943,0.21752585688915166,0.4866957491014054,0.2957783940094429,0.0,0.1974722031708154,0.4990089576395833,0.3035188391896013,0.0
2020-11,0.005634227992328236,0.005831578992287404,2.5091483351263824,-0.02630702018554887,0.06347281860187817,0.00019041845580563453,6.9325441535327275e-06,Slowdown,OFF_DD,0.0,0.0,0.18713523169260346,0.1658742347680163,0.5564835694810942,0.27764219575088955,8.592770040424105e-18,0.19255044539486887,0.5188393187966664,0.2886102358084647,1.0570971181733668e-17
2020-12,0.033495141668891865,0.03357652363771053,2.5931926140797046,0.0,0.026318146851581157,7.895444055474347e-05,2.4275282639200093e-06,Slowdown,OFF_DD,0.0,0.0,0.16040439890918942,0.169051583492237,0.5780348944999649,0.252913522007798,5.975016490944181e-18,0.19179634021136377,0.5509125186987729,0.25729114108986345,7.116540967081515e-18
2021-01,0.008265049209948321,0.008684168940617168,2.614625478645948,0.0,0.1394923377204566,0.00041847701316136983,6.4271750747813e-07,Goldilocks,KODEX200,0.1,0.0,0.0,0.32372311913752877,0.41832098924931027,0.25795589161316107,0.0,0.22372311913752876,0.5183209892493102,0.25795589161316107,0.0
2021-02,-0.004319445717348816,-0.004210839824586615,2.6033317458197396,-0.00431944571734888,0.033968803919489754,0.00010190641175846926,6.699481003731134e-06,Goldilocks,KODEX200,0.1,0.0,0.0,0.3533658028724064,0.3798526032140156,0.266781593913578,1.0926725019580474e-19,0.2533658028724064,0.4798526032140156,0.266781593913578,1.0926725019580474e-19
2021-03,-0.004460074701126172,-0.004369357465255195,2.5917206917615703,-0.008760255367908143,0.02758462707198714,8.275388121596142e-05,7.96335465501538e-06,Goldilocks,KODEX200,0.08272221713060449,0.0,0.0,0.34203235318355607,0.3911582022800224,0.26680944453642147,0.0,0.2593101360529516,0.4738804194106269,0.26680944453642147,0.0
2021-04,0.011561143914721591,0.011885432412275994,2.6216839476657876,0.0,0.09265385644411488,0.00027796156933234463,4.632692822205745e-05,Overheating,USO,0.052705649905666875,0.0,0.0,0.25838877721717357,0.382487932998251,0.3064176398789085,0.052705649905666875,0.25838877721717357,0.4351935829039179,0.3064176398789085,0.0
2021-05,0.023998196992862694,0.024273352239137666,2.684599635494897,0.0,0.09091691329765758,0.0002727507398929727,2.4045063819990997e-06,Overheating,KODEX200+USO,0.06755140954628588,0.0,0.0,0.32561570889284014,0.31373980596948925,0.33447245567076056,0.026172029466910135,0.2842363288134644,0.38129121551577516,0.33447245567076056,0.0
2021-06,-0.003985438520411307,-0.003949251824242633,2.6739003286957135,-0.003985438520411333,0.011804414522108526,3.541324356632558e-05,7.734526023476518e-07,Overheating,KODEX200+USO,0.0676354628056288,0.0,0.0,0.3328618620517201,0.29638193819633024,0.34589823179036056,0.024857967961589015,0.2900843672076804,0.3640174010019591,0.3458982317903606,0.0
2021-07,0.005763732742497657,0.005778848140725627,2.6893119755703925,0.0,0.0049518037943797055,1.4855411383139116e-05,2.5998684483172217e-07,Overheating,KODEX200+USO,0.06696648213623092,0.0,0.0,0.34793650291726586,0.2942261793085544,0.3305830344703154,0.02725428330386432,0.3082243040848993,0.36119266144478535,0.33058303447031545,2.401846625234294e-17
2021-08,-0.004703940799588009,-0.004640054065610549,2.6766616112456862,-0.0047039407995880245,0.018253352564988425,5.476005769496528e-05,9.126676282494222e-06,Overheating,USO,0.04538323907181622,0.0,0.0,0.3198046703262581,0.2945808539277981,0.34023123667412747,0.04538323907181623,0.31980467032625814,0.3399640929996144,0.3402312366741275,1.7674612993881858e-17
2021-09,-0.01995542980107859,-0.019595794323368845,2.6232476783612313,-0.024565501440251936,0.11417709589324129,0.0003425312876797239,1.710419003002034e-05,Overheating,BRAKE,0.0,0.07885718176143375,0.0,0.23657154528430127,0.40913157799372724,0.3462295008659437,0.00806737585602793,0.315428727045735,0.33027439623229343,0.3462295008659436,0.008067375856027929
2021-10,-0.006023572312293372,-0.005806204496345905,2.607446356277567,-0.030441101678232108,0.06941016478360741,0.00020823049435082224,9.137321596644349e-06,Overheating,USO|BRAKE,0.0017379942389922631,0.06731054694941502,0.15187095705723447,0.17885763714534605,0.4812492323734273,0.3307102137696681,0.00918291671155856,0.26924218779766007,0.37292456796572376,0.3487439748793797,0.009089269357236515
2021-11,0.001512925643767901,0.0015472246835653114,2.6113912287347283,-0.02897423115781783,0.010184105842676611,3.055231752802983e-05,3.7467222693805815e-06,Overheating,BRAKE_DD,0.0,0.06707290199701875,0.1806613982233373,0.17389932312918827,0.4872443091849846,0.3303685701401193,0.008487797545707852,0.268291607988075,0.36884956240255257,0.35249950133251257,0.010359328276859921
2021-12,0.015695732676454258,0.01570838071155406,2.6523789273745857,-0.013733270268122544,0.0036145456053668576,1.0843636816100574e-05,1.8043982837020468e-06,Overheating,BRAKE_DD,0.0,0.06511319183013725,0.17347373267330735,0.17012697682493608,0.49507783666372,0.3288374348618069,0.005957751649537035,0.260452767320549,0.38275732816704844,0.349581722649282,0.0072081818631206
2022-01,-0.012698597670585064,-0.012161890456494065,2.618697434505918,-0.026257474664871272,0.164987629232542,0.0004949628876976261,4.17443263933743e-05,Overheating,USO+KODEX200,0.04506691892750983,0.0,0.0,0.26025945394894623,0.32074180681648573,0.37125647568104425,0.04774226355352391,0.2559900917749064,0.36580872574399553,0.3712564756810442,0.006944706800053825
2022-02,0.021978327534638412,0.022392625079975793,2.6762520244356063,-0.004856242508649911,0.12992748910979404,0.00038978246732938214,2.4515078008000207e-05,Overheating,BRAKE_DD,0.0,0.061102759520170045,0.16016162585786922,0.1619574079259451,0.4501641341834379,0.35767422864261367,0.030204229248003332,0.24441103808068018,0.33760224596116306,0.3820223802264679,0.03596433573168888
2022-03,0.005839176625054913,0.006175426219192718,2.6918791326994467,0.0,0.09862303988794219,0.0002958691196638266,4.0380474473979105e-05,Overheating,USO+GLD|BRAKE,0.08057502996540036,0.05839943142935069,0.0,0.17519829428805206,0.3402940552672654,0.40273002107175765,0.08177762937292482,0.23359772571740275,0.36246965380331514,0.3710176099759121,0.032915010503370014
2022-04,0.0016490632801733228,0.0018453163532078974,2.696318211731846,0.0,0.056072306581307005,0.00016821691974392103,2.8036153290653565e-05,Overheating,USO+GLD|BRAKE,0.1,0.05747736282407675,0.0,0.17243208847223024,0.27984952620586456,0.4366587143625147,0.1110596709593906,0.229909451296307,0.3223721633817878,0.3964655578205927,0.0512528275013126
2022-05,0.0025454071224753094,0.002666886067479144,2.703181439312448,0.0,0.035546533699681575,0.00010663960109904473,1.4839343904790136e-05,Overheating,USO+GLD|BRAKE,0.1,0.0519633489104736,0.0,0.1558900467314208,0.25793339939340476,0.4736482744566969,0.11252827941847762,0.2078533956418944,0.3059700504829312,0.43802917422195875,0.048147379653215784
2022-06,-0.02211652443357219,-0.022056322358128846,2.6433964609615157,-0.022116524433572038,0.01743110926626347,5.229332779879041e-05,7.908747644555293e-06,Overheating,USO|BRAKE,0.07737267408519984,0.055082146306006934,0.0,0.16524643891802077,0.26273628737157356,0.44343193416552773,0.12858533954487783,0.22032858522402773,0.2850268151507665,0.44343193416552784,0.051212665459678015
2022-07,0.006623744751505959,0.00717745647486751,2.6609056443959593,-0.01563927389470443,0.1640163185420187,0.0004920489556260561,6.166276773549511e-05,Overheating,BRAKE,0.0,0.03921825363765669,0.13987096972450297,0.10819182389759356,0.4296542177390984,0.42345033364787693,0.03870362471543115,0.15687301455062677,0.34322101763318436,0.4549085042344348,0.044997463581754105
2022-08,-0.01886188287096109,-0.018796353370517715,2.610715953800683,-0.0342061706132768,0.019396989482979157,5.819096844893747e-05,7.338531994436876e-06,Overheating,BRAKE,0.0,0.04203147873584397,0.10813244208405169,0.1178661589914024,0.44171362513710394,0.4002979186018994,0.040122297269594216,0.1681259149433759,0.36594195140755587,0.4209453002190586,0.044986833430009615
2022-09,0.003454489082842748,0.003594310927794819,2.619734643561491,-0.030869846373383525,0.040779066616917214,0.00012233719985075165,1.7484645101319474e-05,Stagflation,BRAKE_DD,0.0,0.04268390596979664,0.19911023600505628,0.11251082193585121,0.4786998947651273,0.37386489404694784,0.034924389252073605,0.17073562387918656,0.37602605876837664,0.40963133069566376,0.043606986656773025
2022-10,-0.001684482768917675,-0.001626202409886094,2.615321745695275,-0.032502329418006015,0.016651531151880263,4.9954593455640786e-05,8.32576557594017e-06,Stagflation,BRAKE_DD,0.0,0.0412989938320399,0.18276224722957926,0.11039140309440623,0.47820883925857105,0.3788628787125602,0.032536878934462506,0.1651959753281596,0.38283709150939055,0.41215369787790374,0.03981323528454613
2022-11,0.006050437256818742,0.006130550010709008,2.631145585823998,-0.02664854546603146,0.02610254366035649,7.830763098106947e-05,1.8051229091962386e-06,Stagflation,BRAKE_DD,0.0,0.035250110976901214,0.19076141414822945,0.09511532058160801,0.4948428106771353,0.3799981844608345,0.0300436842804221,0.14100044390760486,0.40651650611307144,0.4153571827682348,0.03712586721108878
2022-12,-0.003608388486664484,-0.003475629775463173,2.6216513903853724,-0.030160775648049976,0.042524588595286635,0.0001275737657858599,5.184945415451115e-06,Stagflation,BRAKE_DD,0.0,0.006529490635754664,0.16207787278355412,0.12489970345685426,0.4692843044027718,0.38940237809091977,0.016413614049454236,0.1393874275711861,0.41425929694514046,0.4202353129406548,0.026117962543018656
2023-01,0.03235617502144944,0.03242855000949936,2.7064780016179077,0.0,0.020851287734622803,6.25538632038684e-05,9.821124846050495e-06,Stagflation,BRAKE_DD,0.0,0.004057474934771161,0.17928780067544486,0.11307012410456567,0.49422028953762154,0.38271952882555194,0.009990057532260885,0.12684804022222684,0.440840350821694,0.41608170921699456,0.016229899739084643
2023-02,0.0015086520648081325,0.0019255523196750365,2.7105611352434065,0.0,0.12015191472906903,0.00036045574418720706,5.644451067969694e-05,Stagflation,GLD|BRAKE,0.07519953813396246,0.003236728224690668,0.0,0.1270935096345112,0.37323472373572236,0.4899615819556945,0.009710184674072003,0.1270935096345112,0.44519753364499415,0.41476204382173204,0.012946912898762672
2023-03,0.0412334836912782,0.04134952709125932,2.822327013607678,0.0,0.033842592847307354,0.00010152777854192206,1.4515621439193716e-05,Stagflation,GLD|BRAKE,0.042246655263032215,0.004965179514902009,0.0,0.1462441509609723,0.37386068042132337,0.4649996300729984,0.014895538544706027,0.1462441509609723,0.4111421561694536,0.42275297480996615,0.019860718059608037
2023-04,0.02055934685831216,0.020771933722194862,2.8803522136280226,0.0,0.06073910396648636,0.00018221731189945907,3.0369551983243205e-05,Stagflation,GLD+USO,0.08387857135701893,0.0,0.0,0.14258893261285938,0.30758126123659146,0.5187732969040594,0.031056509246489845,0.14258893261285938,0.3914598325936104,0.44228357833227583,0.023667656461254426
2023-05,-0.014643701513789029,-0.0145186364956014,2.8381731955570726,-0.01464370151378891,0.035879867795180646,0.00010763960338554195,1.742541480208698e-05,Slowdown,GLD,0.1,0.0,0.0,0.14029316428263772,0.33821189906953497,0.49312160353132295,0.028373333116504335,0.14029316428263772,0.438211899069535,0.39312160353132297,0.028373333116504335
2023-06,-0.012931787651258256,-0.012492053685025017,2.8014705424746356,-0.027386119926642416,0.12571924462090292,0.00037715773386270875,6.257623237053031e-05,Slowdown,BRAKE,0.0,0.0014316224258693832,0.0,0.14703603861786999,0.46609509179849035,0.38257400230603145,0.004294867277608149,0.14703603861786999,0.464663469372621,0.38257400230603145,0.005726489703477533
2023-07,5.616223750070408e-06,0.00020849933393257485,2.8014862761600314,-0.027380657509469497,0.0601661270719982,0.0001804983812159946,2.2384728966509837e-05,Slowdown,BRAKE_DD,0.0,0.0009429637482197271,0.16569198764054782,0.1319632468405311,0.5315840794223198,0.3340925071056364,0.002360166631512658,0.14824099208724625,0.49322207148279357,0.35476508143708124,0.0037718549928789083
2023-08,0.009177600451151952,0.009294001114489329,2.8271971978720134,-0.018454345793029403,0.03598188605451495,0.00010794565816354486,8.455005173833519e-06,Slowdown,OFF_DD,0.0,0.0,0.1656652217964005,0.12122995571954262,0.5644663875736333,0.30676504412440275,0.007538612582421233,0.13537335081836976,0.5335836878797681,0.32200748444129956,0.009035476860562577
2023-09,-0.017707546321225204,-0.017648033438021914,2.777134472531457,-0.03583511093129654,0.01934095535938149,5.802286607814447e-05,1.4900171251463757e-06,Slowdown,USO,0.008814534164352007,0.0,0.12192629438584406,0.10884968482516853,0.5710719702346762,0.30352089652868164,0.016557448411473677,0.1170213496303331,0.5592068704646876,0.31372975532533287,0.010042024579646378
2023-10,0.013743402885835131,0.013829265106232445,2.815301750455598,-0.022584204412448794,0.026047791384617856,7.814337415385357e-05,7.718846243460892e-06,Slowdown,OFF_DD,0.0,0.0,0.20709204356335303,0.09686945350777998,0.6032877098031955,0.2842579223758061,0.015584914313218482,0.10911083767958737,0.5728047432878424,0.2984290300473751,0.019655388985195168
2023-11,0.017409066134774526,0.017457060443082206,2.864313524818626,-0.005568308185891824,0.013968423779800622,4.190527133940187e-05,6.089036968280198e-06,Slowdown,GLD|BRAKE,0.00966318235020483,0.0310163304873162,0.14216260162099906,0.08692903483855781,0.5838820124255789,0.3007232254213804,0.028465727314482898,0.1240653219492648,0.539971107681492,0.3027804433940463,0.03318312697519683
2023-12,0.0271492978602598,0.027461588145197127,2.9420776258690977,0.0,0.10361634224404608,0.00031084902673213824,1.4412582051882283e-06,Slowdown,KODEX200,0.03775656532312583,0.0,0.0,0.19427072028629286,0.4865717013654954,0.29379610715500815,0.0253614711932036,0.15651415496316703,0.5243282666886212,0.29379610715500815,0.0253614711932036
2024-01,-0.006485253716688941,-0.006155019787031016,2.922997506011143,-0.0064852537166889546,0.10021977244359116,0.00030065931733077347,2.9574612327150473e-05,Slowdown,KODEX200+GLD,0.1,0.0,0.0,0.24249101513032054,0.38567643064305057,0.3459227468446211,0.025909807382007866,0.18494143885292738,0.48567643064305055,0.3034723231220143,0.025909807382007866
2024-02,0.018153585861117934,0.01839297714623095,2.9760603922083497,0.0,0.06864993669233949,0.00020594981007701846,3.344147503599668e-05,Slowdown,GLD,0.07405898513324419,0.0,0.0,0.22703757377518888,0.321907647883916,0.4243342271675171,0.02672055117337808,0.22703757377518888,0.3959666330171602,0.3502752420342729,0.02672055117337808
2024-03,0.06165648044291557,0.06178729679372195,3.15955380157748,0.0,0.03876309472669821,0.00011628928418009464,1.4527066626284446e-05,Slowdown,GLD+KODEX200,0.1,0.0,0.0,0.27766665030069687,0.30566406288072967,0.39450515105695083,0.022164135761622683,0.2285369571793591,0.4056640628807297,0.3436348441782886,0.022164135761622683
2024-04,0.00818800088263923,0.008280756052506073,3.185424230893542,0.0,0.02960239708197617,8.880719124592852e-05,3.947978620913284e-06,Goldilocks,GLD+KODEX200,0.1,0.0,0.0,0.2558272012918626,0.3192313045908967,0.40179291137711265,0.023148582740128112,0.20607084598318925,0.4192313045908967,0.35154926668578584,0.02314858274012811
2024-05,0.002858063775271962,0.0029969260931781193,3.1945283764967325,0.0,0.0403927852753328,0.0001211783558259984,1.7683962080158517e-05,Goldilocks,GLD+USO,0.1,0.0,0.0,0.2433751714831106,0.2793216737868085,0.4137779818867914,0.06352517284328954,0.2433751714831106,0.3793216737868085,0.3532154608600226,0.024087693870058317
2024-06,0.01986159104606495,0.02006623149220616,3.2579767926957603,0.0,0.06382444355725929,0.00019147333067177788,1.3167115469434415e-05,Goldilocks,GLD,0.1,0.0,0.0,0.259749399995674,0.23628251049132368,0.46338361894688573,0.040584470566116665,0.259749399995674,0.3362825104913237,0.36338361894688576,0.040584470566116665
2024-07,0.017140107705827863,0.017456624993865168,3.3138188658256538,0.0,0.10021954247980089,0.00030065862743940266,1.5858660597904557e-05,Goldilocks,USO+KODEX200,0.1,0.0,0.0,0.3118869776648569,0.22445558434783594,0.3626549718680798,0.10100246611922739,0.27047672725043753,0.32445558434783595,0.3626549718680798,0.04241271653364677
2024-08,-0.02326313209161307,-0.023036292580708086,3.2367290598222724,-0.023263132091613015,0.0739905634132999,0.00022197169023989972,4.867820665083345e-06,Goldilocks,GLD+KODEX200,0.1,0.0,0.0,0.30708580605978414,0.21567248128447522,0.44608492057198906,0.031156792083751658,0.28369241930956113,0.3156724812844752,0.36947830732221204,0.031156792083751658
2024-09,0.004459222918864591,0.005116483146957139,3.2511623562279874,-0.01890764466453576,0.19801508250191519,0.0005940452475057456,6.321498058680291e-05,Goldilocks,BRAKE,0.0,0.007190944217050864,0.14548934724890375,0.22528130913572506,0.4185926777883197,0.33769179776552855,0.01843421531042656,0.2551247793943903,0.3600839946718915,0.35602744906551476,0.028763776868203455
2024-10,0.0287813169809662,0.02898991472218528,3.3447350905591704,0.0,0.06940950706635099,0.00020822852119905296,3.6922002002684474e-07,Goldilocks,GLD|BRAKE,0.02436942134185696,0.0580909989607495,0.1241474588562252,0.14713390282239514,0.4846262573578983,0.3565289225272319,0.011710917292474596,0.21453615878543222,0.4175416983490834,0.3500943058079186,0.01782783705756576
2024-11,-0.004933817014545327,-0.004677748140925318,3.328232779660223,-0.004933817014545316,0.07359347052763275,0.00022078041158289825,3.528846203711039e-05,Goldilocks,GLD|BRAKE,0.1,0.04914728393733063,0.0,0.13784406018870948,0.4038409950365546,0.44871715315145344,0.009597791623282401,0.18379208025161264,0.4546937110992239,0.34871715315145346,0.012797055497709868
2024-12,0.01247626148275671,0.012735928098986373,3.369756682094746,0.0,0.0741904617799034,0.00022257138533971022,3.709523088995168e-05,Slowdown,BRAKE,0.0,0.04641649208939421,0.0,0.13924947626818263,0.4835137867503109,0.3683036748980465,0.008933062083459974,0.18566596835757684,0.43709729466091674,0.3683036748980465,0.008933062083459974
2025-01,0.029363523942119777,0.029702110441122954,3.468704613108553,0.0,0.09673899971519342,0.0002902169991455803,4.83694998575967e-05,Slowdown,GLD+USO|BRAKE,0.1,0.03406777272031208,0.0,0.10220331816093622,0.4086983395780226,0.4484187900751942,0.040679552185846984,0.1362710908812483,0.47463056685771055,0.3738514344672289,0.015246907793812273
2025-02,0.015237040565715388,0.015318168302421267,3.5215574060089723,0.0,0.024859012126492892,7.457703637947868e-05,6.550700326399761e-06,Slowdown,GLD+USO|BRAKE,0.1,0.02573878943167646,0.0,0.0772163682950294,0.41190722661552504,0.46551330614949027,0.0453630989399554,0.10295515772670584,0.48616843718384845,0.3834253720293207,0.027451033060124884
2025-03,0.051321528169044416,0.05155046358751508,3.702289113620369,0.0,0.0727338260334882,0.0002182014781004646,1.0733940370206863e-05,Slowdown,GLD,0.1,0.0,0.0,0.12330039232107878,0.34337404781212766,0.49638008123123645,0.03694547863555719,0.12330039232107878,0.44337404781212764,0.3963800812312364,0.03694547863555719
2025-04,-0.005535744076199759,-0.005377469764784213,3.681794188591266,-0.005535744076199722,0.049008939390481426,0.00014702681817144428,1.1247493244101347e-05,Slowdown,GLD+USO,0.1,0.0,0.0,0.16158146080850172,0.3062966977656518,0.4891648010010188,0.042957040424827654,0.16158146080850172,0.40629669776565186,0.396141831404776,0.03598001002107046
2025-05,0.011915948853908953,0.01232140969023601,3.725666259833139,0.0,0.11584595323630167,0.000347537859708905,5.792297661815085e-05,Slowdown,BRAKE,0.0,0.003261967487060813,0.0,0.1638723983322093,0.4274157142343118,0.3989259849722965,0.009785902461182439,0.1638723983322093,0.424153746747251,0.3989259849722965,0.013047869948243251
2025-06,0.013783539965599166,0.014042819642844834,3.7770191296240334,0.0,0.07436371666128042,0.00022309114998384126,3.618852726182725e-05,Slowdown,GLD+KODEX200|BRAKE,0.1,0.0027803234532390044,0.0,0.16406372169178388,0.355543111160907,0.47205219678759214,0.008340970359717013,0.16045986415376967,0.4527627877076679,0.37565605432560634,0.011121293812956018
2025-07,0.022873626427270206,0.02321309049841054,3.863413254203707,0.0,0.09915250465678487,0.0002974575139703546,4.200655716998059e-05,Slowdown,KODEX200|BRAKE,0.0973880065878526,0.001713731684574231,0.0,0.2872061873922266,0.3350863695436691,0.37256624801038163,0.005141195053722693,0.189818180804374,0.4307606444469475,0.37256624801038163,0.006854926738296924
2025-08,0.015258913521648354,0.015557239187529085,3.922364742947991,0.0,0.08523590453735204,0.00025570771361205615,4.2617952268675984e-05,Slowdown,GLD+KODEX200,0.1,0.0,0.0,0.25068236765202134,0.2826790352624123,0.45347356063963873,0.013165036445927642,0.22995901797484264,0.3826790352624122,0.37419691031681734,0.01316503644592764
2025-09,0.07780727472174562,0.07795893808863301,4.2275532540614345,0.0,0.04989332550453862,0.00014967997651361587,1.983390373775262e-06,Slowdown,GLD,0.1,0.0,0.0,0.19836935618075568,0.32060764873981273,0.47279477104811973,0.008228224031311836,0.19836935618075568,0.4206076487398127,0.37279477104811976,0.008228224031311836
2025-10,0.07488523682282808,0.07505327288903385,4.544134580672942,0.0,0.048010304630221115,0.00014403091389066336,2.4005152315110524e-05,Goldilocks,GLD+KODEX200,0.1,0.0,0.0,0.23875175475588434,0.31141716628282434,0.44317533331726566,0.006655745644025749,0.20054705519855281,0.4114171662828244,0.3813800328745972,0.006655745644025749
2025-11,0.023371655598874507,0.023642309120853085,4.6503385290873664,0.0,0.08717891262849718,0.00026153673788549157,9.116784093084335e-06,Slowdown,GLD+KODEX200,0.1,0.0,0.0,0.20503089153188886,0.3726229529231899,0.4132856159208023,0.00906053962411899,0.1594531400122408,0.4726229529231899,0.35886336744045033,0.00906053962411899
2025-12,0.02091614040018399,0.02109864654859119,4.747605662670144,0.0,0.05214461383062787,0.00015643384149188362,2.6072306915313927e-05,Goldilocks,GLD,0.1,0.0,0.0,0.1729635273703025,0.32704022065208277,0.4836026175657233,0.016393634411891504,0.17296352737030246,0.42704022065208275,0.38360261756572317,0.0163936344118915
2026-01,0.09301800676581244,0.09322462931853381,5.189218478321805,0.0,0.06440729258230542,0.00019322187774691626,1.3400674974461818e-05,Overheating,GLD+KODEX200|BRAKE,0.1,0.011205566008833816,0.0,0.2296846867748911,0.30213414744543554,0.4345644677531719,0.03361669802650145,0.18259254754740378,0.39092858143660175,0.38165660698065923,0.04482226403533526
2026-02,0.09940874590690338,0.09968756499160529,5.705072179488704,0.0,0.0915053875071943,0.0002745161625215829,4.3029221803272956e-06,Overheating,KODEX200+GLD,0.08976360065862538,0.0,0.0,0.1855740447203991,0.3578827491959839,0.41531916293227833,0.04122404315133876,0.14049543824443048,0.44764634985460927,0.3706341687496216,0.04122404315133876
2026-03,-0.030853121199212647,-0.03047416673487642,5.529052896084683,-0.030853121199212685,0.11790856066549636,0.0003537256819964891,2.5228782339738493e-05,Goldilocks,KODEX200+GLD,0.08214918766170744,0.0,0.0,0.13776907383954115,0.4460459697083292,0.3774860834661195,0.03869887298601016,0.09472311025501934,0.5281951573700366,0.33838285938893387,0.03869887298601016
2026-04,0.01216335332905257,0.012473897364500343,5.596304720034783,-0.01906504528461006,0.0968372382667579,0.0002905117148002737,2.003232064749985e-05,Overheating,OFF_DD,0.0,0.0,0.18268029387614212,0.0774671457145989,0.5420016814491654,0.31026543281634666,0.07026574001988906,0.08360636665040411,0.5022170232564288,0.3282056742483377,0.08597093584482947
2026-05,0.021011444604648478,0.02111171673926559,5.7138911666505265,0.0,0.028923073945233697,8.676922183570109e-05,1.3502912781412636e-05,Overheating,KODEX200+USO,0.023739818861559764,0.0,0.12491872189458927,0.10049421029094333,0.5031993625787877,0.3133959711793399,0.08291045595092904,0.09252219382391327,0.4959906750442047,0.3253008289240239,0.08618630220785814
2026-06,-0.039948027799035876,-0.03975474615141342,5.485632483484506,-0.039948027799035946,0.05745466743094775,0.00017236400229284326,2.0917645329621703e-05,Overheating,KODEX200,0.049438568390905865,0.0,0.0,0.14520315008060045,0.42936100962230683,0.3324292443397353,0.09300659595735741,0.09576458168969458,0.4787995780132127,0.3324292443397353,0.09300659595735741
2026-07,-0.03811172774997468,-0.03771287538073739,5.2765655517375265,-0.07653726718938536,0.1252985520105061,0.00037589565603151834,2.2956713205768005e-05,Overheating,OFF_DD,0.0,0.0,0.2272453362152761,0.07706043235753474,0.5698950823697454,0.2940839543148821,0.0589605309578379,0.08501814175407332,0.5257534626901051,0.3129292365587518,0.07629915899706985
