month,return,gross_return,nav,drawdown,turnover,trade_cost,fx_cost,regime,crash_probability,protection,crisis_rule,forecast_vol,w_KODEX200,w_BOND,w_GLD,w_USO,hard_w_KODEX200,hard_w_BOND,hard_w_GLD,hard_w_USO
2007-04,0.06077067269343256,0.06227067269343256,1.0607706726934325,0.0,1.0,0.0015,0.0,Goldilocks,0.0,0.0,False,0.0,1.0,0.0,0.0,0.0,1.0,0.0,0.0,0.0
2007-05,0.09135963155786953,0.09135963155786953,1.157682290518098,0.0,0.0,0.0,0.0,Goldilocks,0.0,0.0,False,0.0,1.0,0.0,0.0,0.0,1.0,0.0,0.0,0.0
2007-06,0.013164533736984563,0.013164533736984563,1.1729226380883329,0.0,0.0,0.0,0.0,Goldilocks,0.0,0.0,False,0.0,1.0,0.0,0.0,0.0,1.0,0.0,0.0,0.0
2007-07,0.09846975733429919,0.09846975733429919,1.288420045632797,0.0,0.0,0.0,0.0,Goldilocks,0.0,0.0,False,0.0,1.0,0.0,0.0,0.0,1.0,0.0,0.0,0.0
2007-08,-0.016444792482380732,-0.016444792482380732,1.2672322453522262,-0.01644479248238062,0.0,0.0,0.0,Goldilocks,0.0,0.0,False,0.0,1.0,0.0,0.0,0.0,1.0,0.0,0.0,0.0
2007-09,0.03670801206838781,0.03670801206838781,1.3137498219080659,0.0,0.0,0.0,0.0,Goldilocks,0.0,0.0,False,0.0,1.0,0.0,0.0,0.0,1.0,0.0,0.0,0.0
2007-10,0.03873129978470291,0.03993129978470291,1.3646330601024872,0.0,0.4,0.0012000000000000001,0.0,Slowdown,0.0,0.0,False,0.0042393457573258,0.6,0.4,0.0,0.0,0.6,0.4,0.0,0.0
2007-11,-0.017689329563458034,-0.015454446405626432,1.340493616169144,-0.017689329563458034,0.6385380450947438,0.0019156141352842312,0.0003192690225473719,Overheating,0.0,0.4694311102665665,False,0.3392584892989767,0.023471555513328326,0.3379903993919279,0.1079691553613103,0.5305688897334335,0.0,0.0,0.0,1.0
2007-12,0.08111350999166936,0.08128066868818296,1.4492257584980488,0.0,0.04968770371748113,0.0001490631111524434,1.809558536115502e-05,Overheating,0.0,0.42585617705236,False,0.3135102962109468,0.021292808852618,0.30661644747769917,0.09794692072204281,0.57414382294764,0.0,0.0,0.0,1.0
2008-01,-0.01508716580841068,-0.01490127600624025,1.4273610491857691,-0.01508716580841063,0.05404643308394082,0.00016213929925182246,2.3750502918609696e-05,Overheating,0.0,0.45630923841658244,False,0.3310705509797096,0.022815461920829123,0.32854265165993934,0.10495112483581397,0.5436907615834176,0.0,0.0,0.0,1.0
2008-02,0.09401053149352119,0.09459296021921952,1.5615480200528733,0.0,0.17320204124585656,0.0005196061237375697,6.282260196076117e-05,Overheating,0.0,0.30691300178776304,False,0.2597076564187407,0.015345650089388152,0.2209773612871894,0.07058999041118551,0.693086998212237,0.0,0.0,0.0,1.0
2008-03,0.013859258573642785,0.014209393983693589,1.583189917837946,0.0,0.10303481410752753,0.0003091044423225826,4.103096772822218e-05,Overheating,0.0,0.38890114621952176,False,0.2945513624947175,0.01944505731097609,0.28000882527805565,0.08944726363049,0.6110988537804782,0.0,0.0,0.0,1.0
2008-04,0.06078052189665062,0.06152672911410461,1.679417027305652,0.0,0.22100769145357022,0.0006630230743607106,8.318414309327732e-05,Overheating,0.0,0.6001319347384599,False,0.4501484755534757,0.030006596736923,0.43209499301169113,0.1380303449898458,0.39986806526154006,0.0,0.0,0.0,1.0
2008-05,0.1214320809141195,0.12282500285398018,1.8833521316539816,0.0,0.4108578891241953,0.0012325736673725858,0.00016034827248808992,Overheating,0.0,0.15733201647661532,False,0.2136072611271873,0.007866600823830767,0.11327905186316303,0.03618636378962153,0.8426679835233847,0.0,0.0,0.0,1.0
2008-06,0.0940711679682799,0.09509467227685577,2.0605212663742214,0.0,0.30213368486011805,0.0009064010545803542,0.0001171032539955184,Overheating,0.0,0.44315731677390224,False,0.3232510822574886,0.022157865838695112,0.3190732680772096,0.10192618285799752,0.5568426832260978,0.0,0.0,0.0,1.0
2008-07,-0.07007405824259107,-0.06928148877517178,1.9161321791442167,-0.07007405824259105,0.2331541744305143,0.000699462523291543,9.31069441277485e-05,Overheating,0.0,0.6423543902801492,False,0.5032915129057411,0.03211771951400746,0.4624951610017074,0.14774150976443431,0.3576456097198508,0.0,0.0,0.0,1.0
2008-08,-0.011135824898893597,-0.010259205462684265,1.8947944667141312,-0.08042955069894031,0.2601688017120375,0.0007805064051361125,9.611303107322e-05,Overheating,0.0,0.9404443494555463,False,0.4479889557404328,0.04702221747277732,0.6771199316079933,0.21630220037477565,0.059555650544453664,0.0,0.0,0.0,1.0
2008-09,0.040346234708220345,0.04054428827069501,1.971242288992017,-0.04332834552069609,0.058862040933608674,0.00017658612280082602,2.1467439673842445e-05,Stagflation,0.0,1.0,False,0.0241867903583463,0.05,0.72,0.23,0.0,0.0,0.0,1.0,0.0
2008-10,-0.02701397126323532,-0.02692311820681282,1.9179912064443123,-0.06917184610315175,0.02595801612071477,7.78740483621443e-05,1.2979008060357387e-05,Stagflation,0.0,1.0,True,0.4040028026462152,0.05,0.72,0.23,0.0,0.0,0.0,1.0,0.0
2008-11,0.05111531123990289,0.051215037134959014,2.0160299239171104,-0.02159227530585006,0.02985414750295145,8.956244250885436e-05,1.0163452547267402e-05,Stagflation,0.0,1.0,True,0.8761661051497923,0.05,0.72,0.23,0.0,0.0,0.0,1.0,0.0
2008-12,0.03881854606483667,0.03895045215526653,2.094289274386776,0.0,0.03768745440853133,0.000113062363225594,1.884372720426562e-05,Stagflation,0.0,1.0,True,0.4387230559602748,0.05,0.72,0.23,0.0,0.0,0.0,1.0,0.0
2009-01,0.027779703587585927,0.02779399056635502,2.152468009655901,0.0,0.004081993934026536,1.2245981802079607e-05,2.0409969670132782e-06,Stagflation,0.0,1.0,True,0.3424308558646489,0.05,0.72,0.23,0.0,0.0,0.0,1.0,0.0
2009-02,0.0359586823480582,0.036015225550069606,2.2298679230794742,0.0,0.01615520057468879,4.846560172406638e-05,8.077600287344374e-06,Stagflation,0.0,1.0,True,0.427587382822192,0.05,0.72,0.23,0.0,0.0,0.0,1.0,0.0
2009-03,-0.019286879384462646,-0.019179583672526646,2.186860729403758,-0.01928687938446272,0.03065591769600014,9.196775308800043e-05,1.5327958848000077e-05,Stagflation,0.0,1.0,True,0.329661519170257,0.05,0.72,0.23,0.0,0.0,0.0,1.0,0.0
2009-04,-0.013527635281387786,-0.013425876967788967,2.1572776750451945,-0.032553608795821254,0.029073803885376802,8.72214116561304e-05,1.453690194268842e-05,Stagflation,0.0,1.0,True,0.3913142420753928,0.05,0.72,0.23,0.0,0.0,0.0,1.0,0.0
2009-05,0.021409467503827127,0.021502612924913806,2.2034638413258065,-0.011841096721640465,0.026612977453336836,7.983893236001052e-05,1.3306488726668425e-05,Stagflation,0.0,1.0,True,0.3621836460095628,0.05,0.72,0.23,0.0,0.0,0.0,1.0,0.0
2009-06,-0.00010503613906870927,0.0016716461274937976,2.203232397991336,-0.011944889117627255,0.5509978657052407,0.001652993597115722,0.0001236886694467848,Slowdown,0.0,0.0,False,0.1213285250053555,0.6,0.4,0.0,0.0,0.6,0.4,0.0,0.0
2009-07,0.08380011214150215,0.08380211476917036,2.387863520016801,0.0,0.0006675425560687676,2.0026276682063026e-06,0.0,Slowdown,0.0,0.0,False,0.1382182594689605,0.6,0.4,0.0,0.0,0.6,0.4,0.0,0.0
2009-08,0.009896301767710029,0.009989363613246116,2.411494537990994,0.0,0.031020615178695976,9.306184553608793e-05,0.0,Slowdown,0.0,0.0,False,0.1068311908607823,0.6,0.4,0.0,0.0,0.6,0.4,0.0,0.0
2009-09,0.04277935725182925,0.042790733907055366,2.5146567243425455,0.0,0.003792218408705722,1.1376655226117166e-05,0.0,Slowdown,0.0,0.0,False,0.0984064305743082,0.6,0.4,0.0,0.0,0.6,0.4,0.0,0.0
2009-10,-0.0450008649793402,-0.04495810150521373,2.401494996621017,-0.045000864979340194,0.014254491375489203,4.276347412646761e-05,0.0,Slowdown,0.0,0.0,False,0.0964973024952181,0.6,0.4,0.0,0.0,0.6,0.4,0.0,0.0
2009-11,0.024868205528931434,0.026202972102983023,2.461215867773689,-0.021251750209694498,0.4146386590719479,0.0012439159772158438,9.085059683574475e-05,Slowdown,0.0,0.7900051898760412,False,0.1208609414792375,0.16549714556817738,0.6528016607603332,0.1817011936714895,0.0,0.6,0.4,0.0,0.0
2009-12,0.06752982249926474,0.06950761290855624,2.62742133845682,0.0,0.6352693161483114,0.0019058079484449342,7.198246084656404e-05,Goldilocks,0.0,0.21275996615773185,False,0.2286469085184569,0.7978780321501548,0.15318717563356696,0.04893479221627833,0.0,1.0,0.0,0.0,0.0
2010-01,-0.053289742827188326,-0.05271279510900284,2.487406731031789,-0.05328974282718835,0.18522091956565673,0.0005556627586969702,2.1284959488516103e-05,Goldilocks,0.0,0.0,False,0.1072745234729204,1.0,0.0,0.0,0.0,1.0,0.0,0.0,0.0
2010-02,0.006736973490756155,0.009226798015651835,2.504164324239478,-0.046911780921188306,0.7977515341149735,0.0023932546023449205,9.656992255075996e-05,Goldilocks,0.0,0.8397384569631301,False,0.1855252899003283,0.2022484658850264,0.6046116890134536,0.19313984510151994,0.0,1.0,0.0,0.0,0.0
2010-03,0.017057884838731417,0.017176434415410516,2.5468800708996153,-0.03065411183899014,0.037922345472920185,0.00011376703641876056,4.782540260336892e-06,Goldilocks,0.0,0.8014706855271299,False,0.2150400468541793,0.23860284874922663,0.5770588935795334,0.18433825767123987,0.0,1.0,0.0,0.0,0.0
2010-04,0.0191125665699191,0.019374528572482112,2.5955574858002843,-0.012127424022235544,0.08459400957679804,0.0002537820287303941,8.17997383261937e-06,Goldilocks,0.0,0.7039246710339409,False,0.1367703348549958,0.33127156251775625,0.5068257631444375,0.16190267433780642,0.0,1.0,0.0,0.0,0.0
2010-05,-0.062475201291079016,-0.060394383260000795,2.433399509412345,-0.07384496205638302,0.6659162283775014,0.0019977486851325043,8.306934594571473e-05,Goldilocks,0.35843086550588227,0.0,False,0.1389054066424463,1.0,0.0,0.0,0.0,1.0,0.0,0.0,0.0
2010-06,0.004077009455750493,0.006932511330733547,2.443320502221838,-0.07006901920919584,0.9149162837213832,0.0027447488511641496,0.0001107530238189043,Goldilocks,0.3641852111371379,0.9630697723382982,False,0.2268706719557,0.08508371627861674,0.6934102360835747,0.2215060476378086,0.0,1.0,0.0,0.0,0.0
2010-07,-0.00851668387091202,-0.008454117339861787,2.4225115139090967,-0.07798894739435824,0.019786603507709367,5.9359810523128105e-05,3.206720527105328e-06,Goldilocks,0.4140453353454743,0.940414115255175,False,0.1489750004368228,0.10660659050758371,0.677098162983726,0.21629524650869028,0.0,1.0,0.0,0.0,0.0
2010-08,0.02424319650157467,0.02441051004647536,2.481240936568122,-0.05563645226941605,0.05136358922222819,0.00015409076766668457,1.322277723400679e-05,Goldilocks,0.31625723442036235,0.9879336843661495,False,0.1317403730661914,0.061462999852158,0.7113122527436276,0.2272247474042144,0.0,1.0,0.0,0.0,0.0
2010-09,0.020058706258790308,0.02046847786291344,2.5310114196720273,-0.036693741263979285,0.12952314146388566,0.000388569424391657,2.1202179731478545e-05,Goldilocks,0.3755750685391844,0.8538187136164963,False,0.1494847287680758,0.18887222206432852,0.6147494738038773,0.19637830413179416,0.0,1.0,0.0,0.0,0.0
2010-10,0.003190566827054413,0.0034997998464951995,2.539086780746529,-0.03362024827056209,0.09961195840143434,0.000298835875204303,1.0397144236483482e-05,Goldilocks,0.38681837049790435,0.7401624475838757,False,0.0831554144029141,0.29684567479531804,0.5329169622603905,0.17023736294429143,0.0,1.0,0.0,0.0,0.0
2010-11,0.02159100858828244,0.0216434791089346,2.5939082252360217,-0.012755134751429531,0.016306717460693773,4.892015238208132e-05,3.550368270083884e-06,Goldilocks,0.30514298411819174,0.7217214896233726,False,0.1360578851381979,0.31436458485779606,0.5196394725288283,0.1659959426133757,0.0,1.0,0.0,0.0,0.0
2010-12,0.09409163334041033,0.09622974796137562,2.837973286883604,0.0,0.6839550055739188,0.0020518650167217563,8.624960424353037e-05,Goldilocks,0.3271556104103391,0.0,False,0.133058339138922,1.0,0.0,0.0,0.0,1.0,0.0,0.0,0.0
2011-01,0.00923089035082758,0.00923089035082758,2.864170307113404,0.0,0.0,0.0,0.0,Goldilocks,0.3577851048178236,0.0,False,0.0939603504033064,1.0,0.0,0.0,0.0,1.0,0.0,0.0,0.0
2011-02,-0.06743200563779239,-0.06743200563779239,2.6710335588165357,-0.06743200563779228,0.0,0.0,0.0,Goldilocks,0.37029774622780776,0.0,False,0.1126864248250828,1.0,0.0,0.0,0.0,1.0,0.0,0.0,0.0
2011-03,0.007697482705896244,0.01070282596779893,2.6915937934423946,-0.060253579629116816,0.9537703983086622,0.0028613111949259864,0.00014403206697669984,Overheating,0.27070463252252003,0.9245920338267537,False,0.3590838212957267,0.04622960169133769,0.6657062643552626,0.21265616778015337,0.0754079661732463,0.0,0.0,0.0,1.0
2011-04,0.018934043164454004,0.019070156964060773,2.7425565465086095,-0.042460380342173365,0.039410351137508196,0.0001182310534125246,1.7882746194243903e-05,Overheating,0.2916317985376415,0.8815214777747009,False,0.2406253704479693,0.04407607388873505,0.6346954639977846,0.2027499398881812,0.11847852222529909,0.0,0.0,0.0,1.0
2011-05,-0.019486785857483105,-0.019132095745268626,2.6891129343847577,-0.06111974986050128,0.10609569171019001,0.00031828707513057006,3.6403037083909244e-05,Overheating,0.272488524490382,0.7747622820530402,False,0.247390924403632,0.038738114102652016,0.5578288430781889,0.17819532487219925,0.2252377179469598,0.0,0.0,0.0,1.0
2011-06,-0.018716043711559424,-0.018397640613966648,2.638783379159493,-0.07869187366203201,0.09437166465296115,0.00028311499395888346,3.528810363389073e-05,Overheating,0.20112620434846729,0.8867184991630077,False,0.4472557706105992,0.04433592495815039,0.6384373193973655,0.2039452548074918,0.11328150083699229,0.0,0.0,0.0,1.0
2011-07,0.020219114550142688,0.020543973871906287,2.6921372425757313,-0.060063839119627205,0.09685399643331838,0.00029056198929995516,3.429733246364153e-05,Overheating,0.36041280077058385,0.9921512419721921,False,0.3114051307580418,0.04960756209860961,0.7143488942199783,0.22819478565360418,0.007848758027807934,0.0,0.0,0.0,1.0
2011-08,0.035158045187206555,0.035221939403406205,2.7867875254003702,-0.027017521102305708,0.018255490342756545,5.4766471028269635e-05,9.127745171378293e-06,Stagflation,0.7084222108050583,1.0,False,0.1804316483919284,0.05,0.72,0.23,0.0,0.0,0.0,1.0,0.0
2011-09,-0.0031040400456844924,-0.00302409583089114,2.7781372253227135,-0.030037697680553532,0.02284120422667224,6.852361268001673e-05,1.1420602113336135e-05,Stagflation,0.7776627293811882,1.0,False,0.3856083172018284,0.05,0.72,0.23,0.0,0.0,0.0,1.0,0.0
2011-10,0.0006710139932886791,0.0006859074308305374,2.780001394276181,-0.029386839402734788,0.004401950153392266,1.3205850460176798e-05,1.6875870816815824e-06,Stagflation,0.6639292142427241,1.0,True,0.3611341512550836,0.05,0.72,0.23,0.0,0.0,0.0,1.0,0.0
2011-11,0.04279344757602987,0.04464845747898155,2.898967238203429,0.0,0.5300028294147672,0.0015900084882443015,0.0002650014147073837,Stagflation,0.39670199288579094,0.3245359614591201,False,0.2664834687407362,0.016226798072956006,0.23366589225056647,0.7501073096764775,0.0,0.0,0.0,1.0,0.0
2011-12,-0.019364377296192368,-0.01751275216040315,2.842830542833557,-0.019364377296192337,0.5290357530826334,0.0015871072592479002,0.0002645178765413167,Stagflation,0.5204125655505335,1.0,False,0.2155603693257389,0.05,0.72,0.23,0.0,0.0,0.0,1.0,0.0
2012-01,0.022648836184434296,0.02270276381886102,2.907217346098301,0.0,0.015579426531189752,4.6738279593569256e-05,7.189354833157788e-06,Stagflation,0.4822241351269572,1.0,False,0.2301809808281968,0.05,0.72,0.23,0.0,0.0,0.0,1.0,0.0
2012-02,-0.0023016058691563853,-0.0022580358328719895,2.9005260775916075,-0.002301605869156509,0.012799589928956318,3.8398769786868953e-05,5.171266497526625e-06,Stagflation,0.6135891501711372,1.0,False,0.1790774179221969,0.05,0.72,0.23,0.0,0.0,0.0,1.0,0.0
2012-03,-0.0028239512741437206,-0.0010685060696105308,2.8923351332791056,-0.005119057520473369,0.547701726491957,0.0016431051794758712,0.00011234002505731904,Slowdown,0.40262401533522063,0.0,False,0.0747534654173224,0.6,0.4,0.0,0.0,0.6,0.4,0.0,0.0
2012-04,0.0009437981463312952,0.0009458527672182144,2.8950649138164635,-0.004180090731140784,0.0006848736289730706,2.054620886919212e-06,0.0,Slowdown,0.4217252453362016,0.0,False,0.0683979652925814,0.6,0.4,0.0,0.0,0.6,0.4,0.0,0.0
2012-05,-0.04649931228298686,-0.04649164549232232,2.7604463863093933,-0.05048503166984919,0.0025555968881800784,7.666790664540236e-06,0.0,Slowdown,0.3983978839376793,0.0,False,0.0691313435034461,0.6,0.4,0.0,0.0,0.6,0.4,0.0,0.0
2012-06,-0.00950848903936086,-0.00812524772457923,2.7341987121014273,-0.05951348433892545,0.4295355476431446,0.001288606642929434,9.463467185219596e-05,Slowdown,0.38582292122761014,0.8229101900190952,False,0.1258898406095633,0.14739939548949768,0.6633312608061105,0.1892693437043919,0.0,0.6,0.4,0.0,0.0
2012-07,0.0175701916309764,0.01767956442901213,2.7822391074302186,-0.04298895603241093,0.03276180666448438,9.828541999345314e-05,1.108737804227869e-05,Slowdown,0.3324973354484164,0.8770809060335527,False,0.1242400993810367,0.117605501681546,0.6806658899307368,0.20172860838771714,0.0,0.6,0.4,0.0,0.0
2012-08,0.01623800934369423,0.016417333407273152,2.827417132053062,-0.027449001758446667,0.05601208235009308,0.00016803624705027923,1.128781652864215e-05,Slowdown,0.3464389332481424,0.7779337361944656,False,0.1050868968152723,0.1721364450930439,0.648938795582229,0.1789247593247271,0.0,0.6,0.4,0.0,0.0
2012-09,0.027476825817269585,0.028857027802618205,2.9051055801032475,-0.0007263873813520005,0.4290096333105306,0.0012870288999315919,9.31730854170247e-05,Slowdown,0.31087612117186764,0.0,False,0.0890976150953712,0.6,0.4,0.0,0.0,0.6,0.4,0.0,0.0
2012-10,-0.02788295593212772,-0.027851922956833208,2.82410264923505,-0.02858908948613592,0.010344325098170598,3.1032975294511795e-05,0.0,Slowdown,0.33290591429934036,0.0,False,0.1090080412176909,0.6,0.4,0.0,0.0,0.6,0.4,0.0,0.0
2012-11,0.013648760300231075,0.013688430352151925,2.8626481493577067,-0.01533053481550295,0.013223350640283349,3.967005192085005e-05,0.0,Slowdown,0.3048810773248906,0.0,False,0.0693566357449112,0.6,0.4,0.0,0.0,0.6,0.4,0.0,0.0
2012-12,0.02903408970902024,0.029050294013943476,2.945762532531519,0.0,0.005401434974411867,1.6204304923235603e-05,0.0,Slowdown,0.30252574496802365,0.0,False,0.0814994000389028,0.6,0.4,0.0,0.0,0.6,0.4,0.0,0.0
2013-01,-0.014819632706358301,-0.014784887582398243,2.90210741375925,-0.014819632706358332,0.011581707986686035,3.4745123960058107e-05,0.0,Slowdown,0.32116340186975234,0.0,False,0.0456772520575089,0.6,0.4,0.0,0.0,0.6,0.4,0.0,0.0
2013-02,0.02548756998605823,0.02551201821790263,2.976075079574497,0.0,0.0081494106148009,2.4448231844402702e-05,0.0,Slowdown,0.2741846922957687,0.0,False,0.0738149626584579,0.6,0.4,0.0,0.0,0.6,0.4,0.0,0.0
2013-03,-0.007209918986216856,-0.007188666712296276,2.9546178193538664,-0.007209918986216701,0.007084091306859885,2.1252273920579655e-05,0.0,Slowdown,0.3283858535801728,0.0,False,0.0686524895569743,0.6,0.4,0.0,0.0,0.6,0.4,0.0,0.0
2013-04,-0.01868250171180693,-0.01866669292139207,2.8994181668860524,-0.02575772137422172,0.00526959680495348,1.580879041486044e-05,0.0,Slowdown,0.3051214746101729,0.0,False,0.0636561030586841,0.6,0.4,0.0,0.0,0.6,0.4,0.0,0.0
2013-05,0.009811548979329508,0.00983942036548333,2.927865950242013,-0.01619889553975129,0.009290462051274151,2.7871386153822454e-05,0.0,Slowdown,0.3127417277754899,0.0,False,0.0750285558459828,0.6,0.4,0.0,0.0,0.6,0.4,0.0,0.0
2013-06,-0.05189110672176304,-0.05187020033250666,2.7759357457509886,-0.06724942364428632,0.006968796418793277,2.090638925637983e-05,0.0,Slowdown,0.3309616744598363,0.0,False,0.0739285677855092,0.6,0.4,0.0,0.0,0.6,0.4,0.0,0.0
2013-07,0.018698577105543592,0.020275071967182673,2.827841794332948,-0.04980831507205874,0.4900975864415075,0.0014702927593245225,0.00010620210231455757,Slowdown,0.2855995148831384,0.923496541865718,False,0.1206753734187997,0.09207690197385512,0.6955188933970298,0.21240420462911513,0.0,0.6,0.4,0.0,0.0
2013-08,0.010588336023908575,0.010773896921073459,2.8577839334737978,-0.039747366224917924,0.05624051413284275,0.00016872154239852826,1.6839354766355035e-05,Slowdown,0.33002957328485694,0.8188498904323525,False,0.105906916421096,0.14963256026220614,0.6620319649383528,0.18833547479944107,0.0,0.6,0.4,0.0,0.0
2013-09,-0.006753430559921304,-0.006644940322271989,2.8384840881238236,-0.04623236570709954,0.033062870370566336,9.9188611111699e-05,9.301626537616777e-06,Slowdown,0.3713248580033509,0.7584841973495076,False,0.0862500681593641,0.18283369145777084,0.6427149431518424,0.17445136539038675,0.0,0.6,0.4,0.0,0.0
2013-10,0.005528846946884162,0.005630617875147724,2.854177632208226,-0.040959130434202295,0.029821281417487258,8.946384425246177e-05,1.2307084011100437e-05,Slowdown,0.3356376421523247,0.7973941942425973,False,0.0540828940061792,0.16143319316657148,0.6551661421576311,0.18340066467579738,0.0,0.6,0.4,0.0,0.0
2013-11,-0.010410170257076249,-0.01008316966127179,2.824465157113,-0.05094290916987665,0.10793494052347792,0.0003238048215704338,3.1957742340255477e-06,Goldilocks,0.3904639763591677,0.7657547826052138,False,0.0924994370970802,0.2725329565250469,0.5513434434757539,0.1761235999991992,0.0,1.0,0.0,0.0,0.0
2013-12,-0.0019027270812255618,-0.001702820346391025,2.819090970768583,-0.052748705798228324,0.06277687921097946,0.0001883306376329384,1.1576097201598135e-05,Goldilocks,0.42667951144583877,0.8256574550192599,False,0.1439970296220876,0.21562541773170307,0.5944733676138672,0.1899012146544298,0.0,1.0,0.0,0.0,0.0
2014-01,0.001042785453512408,0.0010707728767693839,2.822030677825029,-0.05176092592781378,0.008420955884353862,2.5262867653061587e-05,2.724555603914117e-06,Goldilocks,0.4042838046142946,0.83649223478937,False,0.1032319094484015,0.20533237695009854,0.6022744090483464,0.1923932140015551,0.0,1.0,0.0,0.0,0.0
2014-02,0.018707513609193465,0.018900338699479116,2.8748238551360017,-0.03402173054483948,0.062475150155508336,0.00018742545046652502,5.399639819125127e-06,Slowdown,0.37531927254239805,0.8305655555668827,False,0.0874139337017846,0.1431889444382145,0.6657809777814024,0.19103007778038303,0.0,0.6,0.4,0.0,0.0
2014-03,-0.006607164699943551,-0.006082335870771104,2.855829420441791,-0.04040410806769634,0.1693842958781941,0.0005081528876345823,1.6675941537863878e-05,Goldilocks,0.3473151996348004,0.7241303832690369,False,0.1275846537841646,0.31207613589441496,0.5213738759537065,0.1665499881518785,0.0,1.0,0.0,0.0,0.0
2014-04,-0.005895858669613593,-0.005767567569736398,2.838991853794342,-0.04606174982647093,0.03999480009397954,0.00011998440028193864,8.306699595256012e-06,Goldilocks,0.3866691231964777,0.7624246484061781,False,0.1228137756858713,0.27569658401413083,0.5489457468524482,0.17535766913342096,0.0,1.0,0.0,0.0,0.0
2014-05,0.0024953166760915474,0.002597634114710916,2.846076037510403,-0.043681371802851365,0.032016652722557146,9.604995816767144e-05,6.267480451697089e-06,Goldilocks,0.32798359942742017,0.7963704989588256,False,0.0766146998930264,0.24344802598911566,0.5733867592503544,0.1831652147605299,0.0,1.0,0.0,0.0,0.0
2014-06,0.013842055951029934,0.013884858700623164,2.8854715812625074,-0.030443955844334347,0.013584678757595225,4.0754036272785675e-05,2.0487133204437902e-06,Goldilocks,0.3306302995594329,0.7820882308171082,False,0.1024907165492872,0.2570161807237472,0.5631035261883179,0.1798802930879349,0.0,1.0,0.0,0.0,0.0
2014-07,0.012765576116955614,0.013018575847199444,2.922306288366426,-0.018067014363010725,0.07999653756988662,0.00023998961270965986,1.3010117534169808e-05,Goldilocks,0.3567850213001412,0.7026637350660061,False,0.1057492921205385,0.3324694516872942,0.5059178892475243,0.1616126590651814,0.0,1.0,0.0,0.0,0.0
2014-08,-0.014383357492915994,-0.012322482793851508,2.8802737123170554,-0.03219050752951391,0.6605382710040837,0.0019816148130122513,7.925988605223573e-05,Goldilocks,0.38660825293340323,0.0,False,0.085359531895377,1.0,0.0,0.0,0.0,1.0,0.0,0.0,0.0
2014-09,-0.0024856200171803674,-2.692254244281492e-05,2.873114446322762,-0.03459611417681563,0.7922286748473959,0.0023766860245421875,8.20114501953646e-05,Slowdown,0.3141821779026542,0.7131430451770835,False,0.0574491470308873,0.20777132515260407,0.6282057744566667,0.1640229003907292,0.0,0.6,0.4,0.0,0.0
2014-10,-0.009899840420252522,-0.009560853348112429,2.8446710717950445,-0.044153458587556815,0.11232928292513034,0.000336987848775391,1.999223364702221e-06,Goldilocks,0.3145436306001951,0.7275766850608938,False,0.0728972607632841,0.3088021491921509,0.5238552132438435,0.16734263756400558,0.0,1.0,0.0,0.0,0.0
2014-11,0.013454765164960846,0.013615849894605231,2.882945453037604,-0.03129276783911239,0.05067734664589105,0.00015203203993767315,9.052689706712968e-06,Goldilocks,0.27364306407885636,0.7849207515253409,False,0.1244130466944269,0.25432528605092614,0.5651429410982455,0.18053177285082841,0.0,1.0,0.0,0.0,0.0
2014-12,-0.005878490115432639,-0.00566703270145664,2.8659980866885912,-0.036987303728118315,0.0664930978516309,0.00019947929355489273,1.197812042110666e-05,Slowdown,0.2897213026410383,0.7077566070346744,False,0.0521028670402997,0.2107338661309291,0.6264821142510958,0.16278401961797512,0.0,0.6,0.4,0.0,0.0
2015-01,0.028915055133275032,0.02896405080859245,2.9488685793770526,-0.00914173852137301,0.014989050178569246,4.496715053570774e-05,4.028524781710869e-06,Slowdown,0.2898683922324051,0.7419238223687099,False,0.0644777880001654,0.19194189769720954,0.6374156231579872,0.1706424791448033,0.0,0.6,0.4,0.0,0.0
2015-02,0.003463958490992925,0.004780495318807665,2.9590833377314083,-0.0057094466331535365,0.4087605501693883,0.0012262816505081648,9.02551773065751e-05,Slowdown,0.279361774127317,0.0,False,0.0667316281220576,0.6,0.4,0.0,0.0,0.6,0.4,0.0,0.0
2015-03,0.01465433163240663,0.014662455859547618,3.002446726290453,0.0,0.002708075713662661,8.124227140987983e-06,0.0,Slowdown,0.2369023103900879,0.0,False,0.0389379598752317,0.6,0.4,0.0,0.0,0.6,0.4,0.0,0.0
2015-04,0.023190916710599994,0.023194170342990802,3.0720762182478683,0.0,0.0010845441302690384,3.2536323908071153e-06,0.0,Slowdown,0.32469911076717994,0.0,False,0.0619220846751625,0.6,0.4,0.0,0.0,0.6,0.4,0.0,0.0
2015-05,-0.01447251683450213,-0.014436277362858529,3.027615543462402,-0.014472516834502236,0.01207982388120063,3.623947164360189e-05,0.0,Slowdown,0.3098224714237979,0.0,False,0.054369321553874,0.6,0.4,0.0,0.0,0.6,0.4,0.0,0.0
2015-06,-0.02016078207193171,-0.020137546486397494,2.9665764462930637,-0.03434152164850113,0.0077451951780713735,2.3235585534214122e-05,0.0,Slowdown,0.3201443146825341,0.0,False,0.0794823027988471,0.6,0.4,0.0,0.0,0.6,0.4,0.0,0.0
2015-07,-0.009595980514368467,-0.008336929337377516,2.938109236520051,-0.043607961590296784,0.3918518423511614,0.0011755555270534842,8.34956499374658e-05,Slowdown,0.2839961659097527,0.7260491298910068,False,0.0604228971784276,0.20067297855994626,0.6323357215651222,0.16699129987493158,0.0,0.6,0.4,0.0,0.0
2015-08,0.006605695744976892,0.006691688487523024,2.957517492202009,-0.0372903267716439,0.025984976050554068,7.795492815166221e-05,8.037814394469879e-06,Slowdown,0.2541682349210958,0.7816477695417807,False,0.0753649948596242,0.17009372675202059,0.6501272862533698,0.17977898699460956,0.0,0.6,0.4,0.0,0.0
2015-09,0.005773715323144973,0.00587453286396041,2.974593356265205,-0.03173191517958551,0.03048078080455012,9.144234241365037e-05,9.375198401787327e-06,Slowdown,0.2963812529070906,0.7437419606298634,False,0.0858710876354,0.19094192165357513,0.6379974274015563,0.17106065094486858,0.0,0.6,0.4,0.0,0.0
2015-10,0.00922548310077704,0.009272901301299975,3.002035417005113,-0.022799174326053162,0.015311578044195862,4.5934734132587584e-05,1.4834663903467854e-06,Slowdown,0.1530810528000336,0.7103914910775131,False,0.0980848777421779,0.2092846799073678,0.6273252771448042,0.16339004294782802,0.0,0.6,0.4,0.0,0.0
2015-11,-0.013958259428917633,-0.012737321116288601,2.9601322278397566,-0.03643919696496267,0.3806134153289863,0.001141840245986959,7.909806664207255e-05,Slowdown,0.19175799095928442,0.0,False,0.05244633625557,0.6,0.4,0.0,0.0,0.6,0.4,0.0,0.0
2015-12,0.005802898270650492,0.0070980820546382006,2.9773095740255844,-0.030847751647364086,0.40341357936062805,0.0012102407380818843,8.494304590582424e-05,Slowdown,0.2702144593162066,0.738635181789776,False,0.0727725256120445,0.19375065001562317,0.6363632581727283,0.1698860918116485,0.0,0.6,0.4,0.0,0.0
2016-01,0.011529747226944,0.011601240266243412,3.0116372008304597,-0.01967367119943375,0.022128087864365195,6.638426359309559e-05,5.108775706315336e-06,Slowdown,0.27712392739897007,0.7050865098841845,False,0.0744131473788605,0.2122024195636985,0.625627683162939,0.16216989727336245,0.0,0.6,0.4,0.0,0.0
2016-02,0.01578146189281893,0.017054095700092153,3.0591652385503614,-0.004202688598940574,0.39559106020504353,0.0011867731806151306,8.586062665809414e-05,Slowdown,0.24654074958548644,0.0,False,0.102861572229622,0.6,0.4,0.0,0.0,0.6,0.4,0.0,0.0
2016-03,0.018271146176378216,0.018283253402556144,3.11505969380161,0.0,0.004035742059309511,1.2107226177928531e-05,0.0,Slowdown,0.24527901630041007,0.0,False,0.0875478931287381,0.6,0.4,0.0,0.0,0.6,0.4,0.0,0.0
2016-04,0.015099829462999112,0.016884716129069874,3.1620965639450764,0.0,0.556628888690254,0.001669886666070762,0.000115,Stagflation,0.5449475308080128,1.0,False,0.2481136246408709,0.05,0.72,0.23,0.0,0.0,0.0,1.0,0.0
2016-05,-0.004884111475880861,-0.003110345905932732,3.146652531829269,-0.004884111475880748,0.550980274953657,0.001652940824860971,0.00012082474508715729,Slowdown,0.2706904800930262,0.0,False,0.0658623482989036,0.6,0.4,0.0,0.0,0.6,0.4,0.0,0.0
2016-06,0.011002869682314839,0.011010203856589306,3.1812747395725123,0.0,0.002444724758156075,7.334174274468225e-06,0.0,Slowdown,0.23494118589459925,0.0,False,0.0475796898376921,0.6,0.4,0.0,0.0,0.6,0.4,0.0,0.0
2016-07,0.02053050368852599,0.020535774602988697,3.24658791234752,0.0,0.0017569714875681486,5.270914462704446e-06,0.0,Slowdown,0.29863799974827165,0.0,False,0.0950390124683605,0.6,0.4,0.0,0.0,0.6,0.4,0.0,0.0
2016-08,0.0041497133690045875,0.004170552152185979,3.260060321611037,0.0,0.0069462610604638375,2.0838783181391514e-05,0.0,Slowdown,0.2918556297295311,0.0,False,0.0665223800362035,0.6,0.4,0.0,0.0,0.6,0.4,0.0,0.0
2016-09,0.012953064093729679,0.014142401067613664,3.3022880919062896,0.0,0.39644565796132847,0.0011893369738839854,0.0,Goldilocks,0.36119057606967064,0.0,False,0.0907403745823608,1.0,0.0,0.0,0.0,1.0,0.0,0.0,0.0
2016-10,-0.011427457665212692,-0.011427457665212692,3.2645513345376944,-0.011427457665212692,0.0,0.0,0.0,Goldilocks,0.34577512371459634,0.0,False,0.1285313603881608,1.0,0.0,0.0,0.0,1.0,0.0,0.0,0.0
2016-11,-0.029790407348851213,-0.026825407348851214,3.1672990204705807,-0.04087743639525543,0.95,0.00285,0.000115,Overheating,0.46888713296448614,1.0,False,0.251854513442614,0.05,0.72,0.23,0.0,0.0,0.0,0.0,1.0
2016-12,0.00708494994471074,0.007118724188297074,3.189739175490546,-0.034082101041273294,0.009649783881809655,2.8949351645428965e-05,4.8248919409048245e-06,Overheating,0.6516610926912161,1.0,False,0.3501885133339363,0.05,0.72,0.23,0.0,0.0,0.0,0.0,1.0
2017-01,0.0018978746422346792,0.0019021879192049076,3.195792900587052,-0.03224890995435892,0.0014286535824783488,4.2859607474350464e-06,2.7316222793380417e-08,Overheating,0.7211303831512821,1.0,False,0.221614083455227,0.05,0.72,0.23,0.0,0.0,0.0,0.0,1.0
2017-02,0.0062504926181412325,0.006256052410209337,3.2157681805212794,-0.02619998890983055,0.0017537374132181177,5.261212239654353e-06,2.9857982844999634e-07,Overheating,0.7242241741575877,1.0,False,0.2579587502967819,0.05,0.72,0.23,0.0,0.0,0.0,0.0,1.0
2017-03,-0.0015252721300918037,-0.0015155500508669706,3.2108632589386943,-0.027685298927029423,0.002800948302090739,8.402844906272216e-06,1.3192343185609994e-06,Overheating,0.6904577408559249,1.0,False,0.1918724775427153,0.05,0.72,0.23,0.0,0.0,0.0,0.0,1.0
2017-04,0.009876229961569312,0.009885588793590446,3.2425744828591267,-0.01808249534421824,0.0026739520060381043,8.021856018114313e-06,1.336976003019047e-06,Overheating,0.5600240462009926,1.0,False,0.3015544431296194,0.05,0.72,0.23,0.0,0.0,0.0,0.0,1.0
2017-05,0.0007769375191116835,0.0007964075902579925,3.2450937606333743,-0.017319606794178655,0.005673123602642684,1.7019370807928055e-05,2.4507003383809067e-06,Overheating,0.6206546483363279,1.0,False,0.2187670743321685,0.05,0.72,0.23,0.0,0.0,0.0,0.0,1.0
2017-06,0.0005525131177834875,0.0005651891876115778,3.2468867175045615,-0.016776662986343838,0.0036217342365972294,1.0865202709791688e-05,1.8108671182986285e-06,Overheating,0.5460127844096131,1.0,False,0.3544167484451292,0.05,0.72,0.23,0.0,0.0,0.0,0.0,1.0
2017-07,0.02389120385447761,0.02595448617008013,3.3244587499648586,0.0,0.6092509252422931,0.0018277527757268792,0.0002355295398756388,Overheating,0.42658513899981987,0.39074907475770704,False,0.2954447708526923,0.019537453737885353,0.28133933382554904,0.08987228719427262,0.609250925242293,0.0,0.0,0.0,1.0
2017-08,0.009484020324217482,0.011576199661547291,3.355987984316548,0.0,0.6179844091904707,0.0018539532275714122,0.00023822610975839743,Overheating,0.4688715596154901,1.0,False,0.2967179428244597,0.05,0.72,0.23,0.0,0.0,0.0,0.0,1.0
2017-09,0.04865850425871969,0.05088286901871811,3.519285339943627,0.0,0.6584394924844914,0.001975318477453474,0.00024904628254493986,Overheating,0.4318700927757427,0.3415605075155085,False,0.2733736388150193,0.017078025375775425,0.2459235654111661,0.07855891672856695,0.6584394924844915,0.0,0.0,0.0,1.0
2017-10,-0.011397596891561368,-0.009109148202976172,3.479173944292568,-0.01139759689156139,0.6762374695362556,0.002028712408608767,0.00025973627997642854,Overheating,0.6730375617283503,1.0,False,0.225462403638653,0.05,0.72,0.23,0.0,0.0,0.0,0.0,1.0
2017-11,-0.003723285188787232,-0.0037103285036163515,3.4662199874765687,-0.015078445576654609,0.0037019100488230594,1.110573014646918e-05,1.8509550244115297e-06,Overheating,0.7252980664663085,1.0,False,0.2208816838251751,0.05,0.72,0.23,0.0,0.0,0.0,0.0,1.0
2017-12,0.0034779227856850344,0.003501303110146281,3.47827523295121,-0.011652964460413417,0.006873911399266068,2.0621734197798205e-05,2.7585902634481436e-06,Overheating,0.6281946525448474,1.0,False,0.1970021875420509,0.05,0.72,0.23,0.0,0.0,0.0,0.0,1.0
2018-01,0.001998665777659213,0.0020045518920326277,3.485227142624589,-0.00967758906402949,0.0017179063162258146,5.153718948677444e-06,7.323954247374365e-07,Overheating,0.6405434179106744,1.0,False,0.2051979840218376,0.05,0.72,0.23,0.0,0.0,0.0,0.0,1.0
2018-02,-0.004888451853654523,-0.004866944834745607,3.468189777538819,-0.014518732489485098,0.006333102262631986,1.899930678789596e-05,2.5077121210207027e-06,Overheating,0.6608053019506471,1.0,False,0.1867450327292829,0.05,0.72,0.23,0.0,0.0,0.0,0.0,1.0
2018-03,0.02419939645644818,0.026861172613651896,3.5521178769516815,0.0,0.8531434491940528,0.0025594303475821585,0.00010234580962155798,Goldilocks,0.2882902539186238,0.10597080213952137,False,0.2013357062954566,0.8993277379674548,0.07629897754045539,0.02437328449208992,0.0,1.0,0.0,0.0,0.0
2018-04,-0.005257812945169773,-0.0025999632600151447,3.533441505595476,-0.005257812945169804,0.8515615982620567,0.0025546847947861702,0.00010316489036845799,Overheating,0.508592435098167,1.0,False,0.3000063742627889,0.05,0.72,0.23,0.0,0.0,0.0,0.0,1.0
2018-05,-0.003644349718385042,-0.0009402190893642581,3.520564409039629,-0.008883001354428766,0.7726087511487953,0.002317826253446386,0.00038630437557439767,Stagflation,0.20101106107842118,0.0,False,0.1113557946109372,0.0,0.0,1.0,0.0,0.0,0.0,1.0,0.0
2018-06,-0.00023641663164578584,0.002458583368354214,3.519732089060552,-0.009117317896815358,0.77,0.00231,0.00038500000000000003,Overheating,0.6054094048685009,1.0,False,0.262235886927609,0.05,0.72,0.23,0.0,0.0,0.0,0.0,1.0
2018-07,-0.00418224677688921,-0.004170446433982548,3.5050117008755652,-0.013261433800316746,0.0036466268576324234,1.093988057289727e-05,8.604623337645917e-07,Overheating,0.8496167702652787,1.0,False,0.326813718690546,0.05,0.72,0.23,0.0,0.0,0.0,0.0,1.0
2018-08,0.005070963436323926,0.005086673988987776,3.522785487054593,-0.008257718609907316,0.004488729332528453,1.3466187997585359e-05,2.244364666264237e-06,Overheating,0.6656098545454653,1.0,False,0.251126714647459,0.05,0.72,0.23,0.0,0.0,0.0,0.0,1.0
2018-09,-0.009842113750909116,-0.007124003915890298,3.4881138315709497,-0.01801855895493487,0.7766028100053766,0.0023298084300161295,0.0003883014050026883,Stagflation,0.22633580199705008,0.0,False,0.1586195133109048,0.0,0.0,1.0,0.0,0.0,0.0,1.0,0.0
2018-10,0.0647904959577501,0.0647904959577501,3.7141104566755194,0.0,0.0,0.0,0.0,Stagflation,0.23071223177193498,0.0,False,0.1024300407977436,0.0,0.0,1.0,0.0,0.0,0.0,1.0,0.0
2018-11,0.0008090128462242434,0.0035040128462242434,3.7171152197472654,0.0,0.77,0.00231,0.00038500000000000003,Overheating,0.605682265598472,1.0,False,0.2739287061168949,0.05,0.72,0.23,0.0,0.0,0.0,0.0,1.0
2018-12,0.03490399064474319,0.03761672579418063,3.846857374602757,0.0,0.7750671855535533,0.0023252015566606597,0.00038753359277677663,Stagflation,0.18899407308172755,0.0,False,0.110390841910526,0.0,0.0,1.0,0.0,0.0,0.0,1.0,0.0
2019-01,0.02709278339583654,0.02709278339583654,3.9510794482075458,0.0,0.0,0.0,0.0,Stagflation,0.3208990806939554,0.0,False,0.1338034247155268,0.0,0.0,1.0,0.0,0.0,0.0,1.0,0.0
2019-02,-0.005483457123298481,-0.0019834571232984818,3.929413873462554,-0.005483457123298452,1.0,0.003,0.0005,Slowdown,0.12210545422776853,0.0,False,0.0822913204998943,0.6,0.4,0.0,0.0,0.6,0.4,0.0,0.0
2019-03,-0.010705311608563963,-0.010701457719474217,3.8873482735081235,-0.016130066614665206,0.001284629696582107,3.853889089746321e-06,0.0,Slowdown,0.18753222627441468,0.0,False,0.061526850282437,0.6,0.4,0.0,0.0,0.6,0.4,0.0,0.0
2019-04,0.012726638527654741,0.012750451175518629,3.936821149816164,-0.0036087096142423114,0.007937549287962725,2.3812647863888176e-05,0.0,Slowdown,0.238841039337224,0.0,False,0.066950461544415,0.6,0.4,0.0,0.0,0.6,0.4,0.0,0.0
2019-05,-0.03974732554656617,-0.03973580032417567,3.7803430379558143,-0.04321259860496807,0.003841740796833637,1.1525222390500911e-05,0.0,Slowdown,0.22975561310129317,0.0,False,0.0721616997569985,0.6,0.4,0.0,0.0,0.6,0.4,0.0,0.0
2019-06,0.018480226011838515,0.01979345711437572,3.8502046316995178,-0.02553095118190829,0.40787146983325945,0.0012236144094997783,8.961669303742799e-05,Slowdown,0.23274868639268195,0.7792755916298084,False,0.080825240083452,0.17139842460360538,0.6493681893215387,0.17923338607485598,0.0,0.6,0.4,0.0,0.0
2019-07,-0.027004829013573515,-0.02565116635222875,3.7462305139532037,-0.05184632122426047,0.42100877174406176,0.0012630263152321854,9.063634611258116e-05,Slowdown,0.2023351112596652,0.0,False,0.0605224494907089,0.6,0.4,0.0,0.0,0.6,0.4,0.0,0.0
2019-08,0.02202100431152135,0.02343863670855255,3.8287262722529203,-0.030967024975954938,0.440686145128819,0.001322058435386457,9.557396164473974e-05,Slowdown,0.1868777550150159,0.8310779273455629,False,0.0791185259179452,0.14290713995994042,0.6659449367505801,0.19114792328947947,0.0,0.6,0.4,0.0,0.0
2019-09,-0.002608116753570873,-0.002357741592987117,3.8187405071174205,-0.033494376112877755,0.07567788680311005,0.00022703366040933016,2.3341500174425615e-05,Slowdown,0.1999200545722575,0.7058021498557296,False,0.082647473442202,0.2118088175793487,0.6258566879538335,0.16233449446681783,0.0,0.6,0.4,0.0,0.0
2019-10,-0.0033494447090128008,-0.0032783535545914404,3.8059498469307633,-0.036731633261037566,0.021576108301989236,6.472832490596771e-05,6.362829515392937e-06,Slowdown,0.19757547336716066,0.7209662566772665,False,0.0658897292038292,0.2034685588275034,0.6307092021367253,0.1658222390357713,0.0,0.6,0.4,0.0,0.0
2019-11,0.0023325855747392023,0.002375475020788051,3.8148275506418945,-0.034484727364179846,0.013772168032084905,4.131650409625472e-05,1.5729419525940398e-06,Slowdown,0.21360166150439236,0.7403897995662254,False,0.077041948797537,0.19278561023857602,0.6369247358611921,0.17028965390023185,0.0,0.6,0.4,0.0,0.0
2019-12,0.01633529103578823,0.016358763321708596,3.8771438689329725,-0.018712754386175368,0.007602302506010336,2.2806907518031008e-05,6.653784023359783e-07,Slowdown,0.26412689437150916,0.7269083641850791,False,0.0802866059132511,0.2002003996982065,0.6326106765392253,0.1671889237625682,0.0,0.6,0.4,0.0,0.0
2020-01,-0.023048007181301178,-0.0217956958245523,3.7877834291988677,-0.04132946987000208,0.3893836045081073,0.0011681508135243219,8.416054322456018e-05,Slowdown,0.28447192887607287,0.0,False,0.0671811725852811,0.6,0.4,0.0,0.0,0.6,0.4,0.0,0.0
2020-02,0.0020927364989495757,0.0034131861051636516,3.7957102618312684,-0.03932322506113173,0.4107107573345915,0.0012321322720037745,8.831733421030144e-05,Slowdown,0.23559171902430898,0.7679768192200125,False,0.1027841272745782,0.17761274942899313,0.645752582150404,0.17663466842060288,0.0,0.6,0.4,0.0,0.0
2020-03,-0.014811439027678683,-0.014427219043612653,3.7394903307214205,-0.05355223053844571,0.11947299835498368,0.00035841899506495106,2.5800989001078885e-05,Goldilocks,0.2901673786320433,1.0,True,0.2455945715463569,0.05,0.72,0.23,0.0,1.0,0.0,0.0,0.0
2020-04,0.021047790705780896,0.02106671270311508,3.818198340548736,-0.0336315959728658,0.005682667349497746,1.7048002048493238e-05,1.8739952856947628e-06,Slowdown,0.37894901637641115,1.0,True,0.420413973119152,0.05,0.72,0.23,0.0,0.6,0.4,0.0,0.0
2020-05,0.02445853513827354,0.024945859688719138,3.911585878825945,-0.009995640406450845,0.15020683840378046,0.0004506205152113414,3.6704035234259425e-05,Slowdown,0.026145194419757822,0.7217895758371948,False,0.188087680854171,0.20301573328954284,0.6309726642679023,0.1660116024425548,0.0,0.6,0.4,0.0,0.0
2020-06,0.033262109948419924,0.03451692682485974,4.04169347840014,0.0,0.390034669551924,0.001170104008655772,8.47128677840495e-05,Slowdown,0.11048937848078946,0.0,False,0.1186986585366997,0.6,0.4,0.0,0.0,0.6,0.4,0.0,0.0
2020-07,0.03541766652862765,0.03576755843976802,4.184840830229046,0.0,0.10990237474095277,0.00032970712422285834,2.01847869175085e-05,Slowdown,0.36485360286146024,0.17551988623920434,False,0.2183193954538762,0.5034640625684376,0.4561663635965454,0.040369573835017,0.0,0.6,0.4,0.0,0.0
2020-08,0.012874127889074249,0.013154954577694153,4.238717006272834,0.0,0.08644305076365497,0.0002593291522909649,2.1497536328938534e-05,Slowdown,0.1889083833371353,0.0,False,0.096525645775602,0.6,0.4,0.0,0.0,0.6,0.4,0.0,0.0
2020-09,0.008786612039439765,0.008814874826049878,4.275960968151929,0.0,0.009420928870037537,2.8262786610112612e-05,0.0,Slowdown,0.318923105338058,0.0,False,0.128000703891865,0.6,0.4,0.0,0.0,0.6,0.4,0.0,0.0
2020-10,-0.017329580202395643,-0.017329201043859665,4.201860359612027,-0.0173295802023955,0.00012638617865950996,3.791585359785299e-07,0.0,Slowdown,0.2671812496890827,0.0,False,0.1137016809456686,0.6,0.4,0.0,0.0,0.6,0.4,0.0,0.0
2020-11,-0.011209409832191318,-0.00946052441082497,4.154759984783497,-0.02834473566787843,0.5446284737887827,0.001633885421366348,0.000115,Slowdown,0.4163002790932919,1.0,True,0.0814171098433365,0.05,0.72,0.23,0.0,0.6,0.4,0.0,0.0
2020-12,0.07777845807466849,0.07951193262482512,4.4779108100702905,0.0,0.5416859799146408,0.0016250579397439225,0.00010841661041270552,Slowdown,0.09849063314234803,0.0,False,0.1143369870093138,0.6,0.4,0.0,0.0,0.6,0.4,0.0,0.0
2021-01,-0.0036834192490491475,-0.0018271632030057272,4.461416787196953,-0.0036834192490490247,0.5804186820144733,0.00174125604604342,0.000115,Goldilocks,0.7183031746562818,1.0,False,0.1826846102962165,0.05,0.72,0.23,0.0,1.0,0.0,0.0,0.0
2021-02,-0.016241855185317625,-0.016235178075630935,4.388955101817955,-0.019865448872336766,0.0019426128863473772,5.8278386590421315e-06,8.492710276492704e-07,Goldilocks,0.8381539542915903,1.0,False,0.3115460267398144,0.05,0.72,0.23,0.0,1.0,0.0,0.0,0.0
2021-03,-0.003623403348364408,-0.003584682304499297,4.373052147206207,-0.023416871686740448,0.011063155390031658,3.3189466170094975e-05,5.531577695015846e-06,Goldilocks,0.6555318782361915,1.0,False,0.2581932075724457,0.05,0.72,0.23,0.0,1.0,0.0,0.0,0.0
2021-04,0.004291702278704605,0.004293597152027504,4.391819985071265,-0.019225667649613976,0.0005526250297197936,1.6578750891593809e-06,2.369982337390858e-07,Overheating,0.7949743959045051,1.0,False,0.5859692214447872,0.05,0.72,0.23,0.0,0.0,0.0,0.0,1.0
2021-05,0.012926306290724424,0.012946040365524616,4.4485899953720205,-0.006547878227572301,0.005679319825588471,1.7037959476765413e-05,2.696115323427978e-06,Overheating,0.9100409799227885,1.0,False,0.2511944330088476,0.05,0.72,0.23,0.0,0.0,0.0,0.0,1.0
2021-06,-0.007761414860598228,-0.007726258949680683,4.4140626428732315,-0.014258472288789736,0.01004454597644145,3.0133637929324353e-05,5.0222729882207216e-06,Overheating,0.8101733446827638,1.0,False,0.2842281432364255,0.05,0.72,0.23,0.0,0.0,0.0,0.0,1.0
2021-07,0.015126543435212969,0.01515977989317719,4.480832153166404,0.0,0.009496130846920428,2.8488392540761285e-05,4.748065423460207e-06,Overheating,0.7976516240851039,1.0,False,0.1377022073296642,0.05,0.72,0.23,0.0,0.0,0.0,0.0,1.0
2021-08,0.0012092767174368758,0.0012250768118715419,4.486250719163971,0.0,0.00451431269561893,1.354293808685679e-05,2.257156347809444e-06,Overheating,0.8265739243642698,1.0,False,0.3529550918834148,0.05,0.72,0.23,0.0,0.0,0.0,0.0,1.0
2021-09,-0.014604145477957587,-0.01459684595887256,4.420732861010708,-0.014604145477957742,0.0020855768814363913,6.256730644309174e-06,1.042788440718201e-06,Overheating,0.7053402255331773,1.0,False,0.3369403193703219,0.05,0.72,0.23,0.0,0.0,0.0,0.0,1.0
2021-10,-0.008831773960910633,-0.008826588605979575,4.381689947640692,-0.023306938927114773,0.001636955409215126,4.910866227645378e-06,2.7448870341297004e-07,Overheating,0.9118117798967824,1.0,False,0.2101826514541908,0.05,0.72,0.23,0.0,0.0,0.0,0.0,1.0
2021-11,0.01156356342655834,0.011579578665716708,4.432357897265748,-0.012012886767119091,0.004575782616676651,1.3727347850029953e-05,2.2878913083383413e-06,Overheating,0.7627108672541248,1.0,False,0.2191130798684223,0.05,0.72,0.23,0.0,0.0,0.0,0.0,1.0
2021-12,0.004602696090025752,0.004616546796975145,4.452758693629088,-0.007465482344046204,0.004328589250390022,1.2985767751170066e-05,8.649391982222671e-07,Overheating,0.9467196551069718,1.0,False,0.5159394516134944,0.05,0.72,0.23,0.0,0.0,0.0,0.0,1.0
2022-01,-0.010849708146046712,-0.010830980087431859,4.40444756135844,-0.018234192185490605,0.005796220690132241,1.7388662070396723e-05,1.3393965444572915e-06,Overheating,0.6644557438994962,1.0,False,0.319518127662895,0.05,0.72,0.23,0.0,0.0,0.0,0.0,1.0
2022-02,0.010822631837139642,0.010841908808463634,4.45211527576101,-0.00760890229722222,0.005507706092569165,1.6523118277707497e-05,2.753853046284574e-06,Overheating,0.9315432143250773,1.0,False,0.2345802657500373,0.05,0.72,0.23,0.0,0.0,0.0,0.0,1.0
2022-03,-0.007877669111764012,-0.007839734106810561,4.417042984771134,-0.015426630994385016,0.01083857284384266,3.251571853152798e-05,5.41928642192134e-06,Overheating,0.9033780371376763,1.0,False,0.2182063766286973,0.05,0.72,0.23,0.0,0.0,0.0,0.0,1.0
2022-04,-0.008290307524195009,-0.00827006372757191,4.380424340079793,-0.023589047003574226,0.005899351714108755,1.7698055142326268e-05,2.5457414807716074e-06,Overheating,0.9184244077258529,1.0,False,0.7787744179419271,0.05,0.72,0.23,0.0,0.0,0.0,0.0,1.0
2022-05,-0.005658999340407275,-0.005648101137414253,4.355635521628578,-0.029114555942547415,0.0031137722837208115,9.341316851162435e-06,1.5568861418604058e-06,Overheating,0.9446666888621127,1.0,False,0.3803194917083995,0.05,0.72,0.23,0.0,0.0,0.0,0.0,1.0
2022-06,-0.012571848223681863,-0.012556668664418662,4.300877132932986,-0.04132038038781971,0.004337016932342747,1.3011050797028242e-05,2.1685084661713925e-06,Overheating,0.7944803014060068,1.0,False,0.4400319695623759,0.05,0.72,0.23,0.0,0.0,0.0,0.0,1.0
2022-07,0.012650155009016928,0.012668527403049199,4.355283895339325,-0.029192934595740128,0.005384730351872223,1.615419105561667e-05,2.2182029766551342e-06,Overheating,0.8130999645337373,1.0,False,0.321378632205713,0.05,0.72,0.23,0.0,0.0,0.0,0.0,1.0
2022-08,-0.023085955467269575,-0.023074489915685118,4.254738005284206,-0.05160494327497345,0.0032758718812739354,9.827615643821806e-06,1.6379359406369365e-06,Overheating,0.6398793102493358,1.0,False,0.4650650664508334,0.05,0.72,0.23,0.0,0.0,0.0,0.0,1.0
2022-09,0.007233874655058996,0.007683769431661356,4.285516246704548,-0.04474437231114692,0.1285413647435314,0.0003856240942305942,6.427068237176568e-05,Stagflation,0.42233820752424783,0.8296296596498407,False,0.1532226606693171,0.04148148298249204,0.5973333549478853,0.3611851620696227,0.0,0.0,0.0,1.0,0.0
2022-10,-0.005479554636692393,-0.00496263238780108,4.262033526284298,-0.04997874771507582,0.14769207111180357,0.00044307621333541074,7.384603555590182e-05,Stagflation,0.5191391538060491,1.0,False,0.1875747450829687,0.05,0.72,0.23,0.0,0.0,0.0,1.0,0.0
2022-11,0.007249866402724306,0.007747825840757143,4.2929326999537905,-0.043091220556261356,0.1422741251522392,0.00042682237545671757,7.113706257611964e-05,Stagflation,0.2143050658494619,0.819872486290455,False,0.1976187899467636,0.040993624314522754,0.5903081901291276,0.36869818555634976,0.0,0.0,0.0,1.0,0.0
2022-12,0.005408527325449185,0.005557878674314851,4.316151143767804,-0.03791575327467778,0.04267181396161894,0.00012801544188485682,2.1335906980809394e-05,Stagflation,0.2716501869688822,0.7785473233375682,False,0.252173683043257,0.03892736616687841,0.560554072803049,0.40051856103007255,0.0,0.0,0.0,1.0,0.0
2023-01,0.02753701843428493,0.02761353105488853,4.435005077378898,-0.011422821637267488,0.022157523589936078,6.647257076980823e-05,1.0040049833790976e-05,Stagflation,0.3949292000644253,0.7474945196480667,False,0.2176308317871868,0.03737472598240334,0.538196054146608,0.4244292198709887,0.0,0.0,0.0,1.0,0.0
2023-02,0.018057028920535855,0.020085631458748088,4.515088092323853,0.0,0.5796007252034949,0.0017388021756104847,0.0002898003626017475,Stagflation,0.2855812839621339,0.0,False,0.1737081790232323,0.0,0.0,1.0,0.0,0.0,0.0,1.0,0.0
2023-03,0.060763359043950284,0.060888839489677674,4.7894400111927915,0.0,0.03585155592211045,0.00010755466776633136,1.792577796105521e-05,Stagflation,0.36100465060035625,0.046560462236507116,False,0.1887901569744323,0.002328023111825356,0.033523532810285125,0.9641484440778896,0.0,0.0,0.0,1.0,0.0
2023-04,0.028818249917941723,0.02945612938191238,4.9274632904023346,0.0,0.1822512754201883,0.0005467538262605649,9.112563771009418e-05,Stagflation,0.3161050059933298,0.2815341639353579,False,0.2505338332939257,0.014076708196767896,0.2027045980334577,0.7832186937697744,0.0,0.0,0.0,1.0,0.0
2023-05,0.016051131987649514,0.01881123760194434,5.0065546540408805,0.0,0.7886016040842363,0.002365804812252709,0.00039430080204211815,Slowdown,0.26087507425314294,0.0,False,0.0761837294196721,0.6,0.4,0.0,0.0,0.6,0.4,0.0,0.0
2023-06,-0.006707787212921482,-0.006675956509728653,4.972971750751713,-0.006707787212921423,0.010610234397609969,3.1830703192829905e-05,0.0,Slowdown,0.30630932109209874,0.0,False,0.0705741846012178,0.6,0.4,0.0,0.0,0.6,0.4,0.0,0.0
2023-07,0.017089367921418172,0.017095965598333283,5.057956694663128,0.0,0.002199225638370911,6.597676915112732e-06,0.0,Slowdown,0.21432611967486026,0.0,False,0.0610724959323996,0.6,0.4,0.0,0.0,0.6,0.4,0.0,0.0
2023-08,-0.016162042075297405,-0.016146176029402114,4.97620978574895,-0.016162042075297367,0.005288681965096714,1.5866045895290142e-05,0.0,Slowdown,0.2432866837232156,0.0,False,0.1168376891674724,0.6,0.4,0.0,0.0,0.6,0.4,0.0,0.0
2023-09,-0.020844869258828166,-0.020823160629853878,4.872481343360512,-0.0366700156801103,0.0072362096580954605,2.170862897428638e-05,0.0,Slowdown,0.22917212124321637,0.0,False,0.069586620238348,0.6,0.4,0.0,0.0,0.6,0.4,0.0,0.0
2023-10,-0.0002664644472903792,0.0010227770328294049,4.871183000312421,-0.036926708871940384,0.40137972310016934,0.001204139169300508,8.510231081927612e-05,Slowdown,0.2960757814771313,0.7400200940806618,False,0.0815519953340548,0.19298894825563598,0.6368064301058118,0.17020462163855224,0.0,0.6,0.4,0.0,0.0
2023-11,0.03390392313952852,0.03394905217019267,5.036335214353591,-0.004274746031801779,0.012894008761186015,3.8682026283558046e-05,6.447004380592966e-06,Slowdown,0.2485070006548419,0.7415602532316423,False,0.1294252631787924,0.19214186072259673,0.6372992810341256,0.17055885824327774,0.0,0.6,0.4,0.0,0.0
2023-12,0.04830826028210152,0.049579232764899485,5.279631806756497,0.0,0.396550310456748,0.001189650931370244,8.132155142771786e-05,Slowdown,0.21009286735547655,0.0,False,0.1357359278132603,0.6,0.4,0.0,0.0,0.6,0.4,0.0,0.0
2024-01,-0.03710060849499163,-0.037073690222201215,5.083754254096319,-0.03710060849499164,0.008972757596806158,2.6918272790418474e-05,0.0,Slowdown,0.3148264297284779,0.0,False,0.0886044489200408,0.6,0.4,0.0,0.0,0.6,0.4,0.0,0.0
2024-02,0.011664948100776016,0.012935819217684918,5.143055983627452,-0.025868437066816963,0.3951572323491192,0.0011854716970473576,8.539941986154424e-05,Slowdown,0.29500462902921737,0.7426036509699498,False,0.102356574139238,0.19156799196652757,0.637633168310384,0.17079883972308849,0.0,0.6,0.4,0.0,0.0
2024-03,0.037115169704669465,0.03839181060589092,5.3339413792604,0.0,0.3973338160452896,0.001192001448135869,8.463945308558937e-05,Slowdown,0.29392004375220454,0.0,False,0.1151260104690203,0.6,0.4,0.0,0.0,0.6,0.4,0.0,0.0
2024-04,-0.04052633837576238,-0.03936007998379887,5.117776266048013,-0.04052633837576225,0.38875279732117063,0.0011662583919635119,0.0,Goldilocks,0.41167644611187953,0.0,False,0.1699463630102565,1.0,0.0,0.0,0.0,1.0,0.0,0.0,0.0
2024-05,0.004278355989380469,0.007243355989380469,5.1396719347881685,-0.03642136848889943,0.95,0.00285,0.000115,Goldilocks,0.467930521755984,1.0,False,0.1958142822784414,0.05,0.72,0.23,0.0,1.0,0.0,0.0,0.0
2024-06,0.023833102178470143,0.02461029255974554,5.26216626117379,-0.013456300507105112,0.24888064553674197,0.0007466419366102259,3.0548444665169926e-05,Goldilocks,0.3120574050689399,0.7385282109333966,False,0.1592979619184027,0.29839819961327324,0.5317403118720455,0.16986148851468122,0.0,1.0,0.0,0.0,0.0
2024-07,0.002974036119770016,0.005131673581662888,5.277816133702756,-0.010522283911081565,0.6917040355483683,0.002075112106645105,8.25253552477665e-05,Goldilocks,0.3377966414678214,0.0,False,0.1263690963925014,1.0,0.0,0.0,0.0,1.0,0.0,0.0,0.0
2024-08,-0.05554824485111076,-0.05554824485111076,4.984642710828693,-0.06548603435910672,0.0,0.0,0.0,Goldilocks,0.44553150462410573,0.0,False,0.1526687183812098,1.0,0.0,0.0,0.0,1.0,0.0,0.0,0.0
2024-09,0.005006020753556538,0.007712817304805047,5.009595935688165,-0.06080783805262002,0.8672703958469083,0.002601811187540725,0.00010498536370778364,Goldilocks,0.40338767066483566,0.9129162061546403,False,0.3999569961294515,0.1327296041530917,0.657299668431341,0.20997072741556727,0.0,1.0,0.0,0.0,0.0
2024-10,0.01463211484706284,0.014745738744386276,5.082896918756534,-0.04706547047554466,0.03544655964855985,0.00010633967894567954,7.28421837775628e-06,Goldilocks,0.3811336881321154,0.8848470283157202,False,0.2125420984495621,0.15939532310006585,0.6370898603873185,0.20351481651261563,0.0,1.0,0.0,0.0,0.0
2024-11,0.0012079245595994035,0.0014692450502486946,5.089036674778613,-0.045914397453641675,0.08167607190877986,0.00024502821572633957,1.629227492295167e-05,Goldilocks,0.44918067145314206,0.802392822853268,False,0.1252001598762981,0.23772681828939543,0.577722832454353,0.18455034925625163,0.0,1.0,0.0,0.0,0.0
2024-12,4.8138095282208805e-05,0.00025589586071383605,5.089281651310958,-0.045868469589998906,0.06885935412299234,0.00020657806236897702,1.1797030626502225e-06,Slowdown,0.15086966160423163,0.7954863847218501,False,0.1175211528636657,0.16248248840298246,0.654555643110992,0.18296186848602553,0.0,0.6,0.4,0.0,0.0
2025-01,0.019351447835353596,0.019384531424559648,5.187766619705724,-0.027404643051203714,0.00945245405887185,2.8357362176615555e-05,4.726227029435953e-06,Slowdown,0.28020311479439663,0.7952108175399935,False,0.1238002783639355,0.1626340503530036,0.6544674616127979,0.1828984880341985,0.0,0.6,0.4,0.0,0.0
2025-02,0.019022152326215697,0.020424259847470736,5.286449106578623,-0.00890378601955355,0.43592551376058203,0.001307776541281746,9.43309799732946e-05,Slowdown,0.18087949810555465,0.0,False,0.0845459164122037,0.6,0.4,0.0,0.0,0.6,0.4,0.0,0.0
2025-03,0.008857126741082372,0.008868526086003525,5.333271856325872,-0.00012552123972175977,0.0037997816403844975,1.1399344921153493e-05,0.0,Slowdown,0.25792639449075366,0.0,False,0.0981001154868428,0.6,0.4,0.0,0.0,0.6,0.4,0.0,0.0
2025-04,0.009044812552658207,0.009056062801448484,5.381510300558706,0.0,0.003750082930092491,1.1250248790277473e-05,0.0,Slowdown,0.21628563232198642,0.0,False,0.1080653066556941,0.6,0.4,0.0,0.0,0.6,0.4,0.0,0.0
2025-05,0.032442388985265004,0.0325898053661345,5.556099351057642,0.0,0.045836938378666245,0.00013751081513599874,9.90556573349534e-06,Slowdown,0.2490607686413626,0.08613535420430729,False,0.1969657113097704,0.5526255551876309,0.4275633133453784,0.019811131466990678,0.0,0.6,0.4,0.0,0.0
2025-06,0.09683939866813569,0.09694267764378481,6.094148671154484,0.0,0.031199322704976655,9.359796811492997e-05,9.681007534173553e-06,Slowdown,0.12895763355479722,0.0,False,0.0863539161034718,0.6,0.4,0.0,0.0,0.6,0.4,0.0,0.0
2025-07,0.02228873253645163,0.02239601119638852,6.229979520923218,0.0,0.0357595533122968,0.0001072786599368904,0.0,Slowdown,0.27790938267138093,0.0,False,0.1105240010165767,0.6,0.4,0.0,0.0,0.6,0.4,0.0,0.0
2025-08,-0.005975569617815856,-0.005948824231990856,6.192751844578374,-0.005975569617815868,0.008915128608333128,2.6745385824999386e-05,0.0,Slowdown,0.2996399873739237,0.0,False,0.0886803201544306,0.6,0.4,0.0,0.0,0.6,0.4,0.0,0.0
2025-09,0.06930897949088939,0.06931828549607845,6.621965155166424,0.0,0.0031020017296876368,9.306005189062911e-06,0.0,Slowdown,0.3182179423106988,0.0,False,0.117914207726892,0.6,0.4,0.0,0.0,0.6,0.4,0.0,0.0
2025-10,0.01788731505307277,0.019733609943110034,6.740414332167355,0.0,0.5770982966790882,0.0017312948900372646,0.000115,Goldilocks,0.6879532941462176,1.0,False,0.1877100803643628,0.05,0.72,0.23,0.0,1.0,0.0,0.0,0.0
2025-11,0.008298490358257804,0.008354779348592422,6.79634959551351,0.0,0.017493653030867248,5.2480959092601744e-05,3.8080312420167156e-06,Slowdown,0.5081147512142712,1.0,False,0.1352655029852317,0.05,0.72,0.23,0.0,0.6,0.4,0.0,0.0
2025-12,0.009681022150077115,0.009744084836204314,6.862145206487344,0.0,0.018017910322056952,5.405373096617086e-05,9.008955161028454e-06,Goldilocks,0.8632816764918257,1.0,False,0.3696138847933578,0.05,0.72,0.23,0.0,1.0,0.0,0.0,0.0
2026-01,0.024270978379424907,0.0242843752126171,7.028696184430472,0.0,0.004350853233853345,1.3052559701560035e-05,3.442734906343031e-07,Overheating,0.49511661063112267,1.0,False,0.2831532823996411,0.05,0.72,0.23,0.0,0.0,0.0,0.0,1.0
2026-02,0.04457070595362655,0.04465016995477506,7.3419701353040985,0.0,0.024234049020025107,7.270214706007532e-05,6.76185408844042e-06,Overheating,0.5812416918859313,1.0,False,0.322806486603659,0.05,0.72,0.23,0.0,0.0,0.0,0.0,1.0
2026-03,-0.02969903125282016,-0.02961541663855493,7.12392073479843,-0.02969903125282014,0.025062238337492593,7.518671501247778e-05,8.427899252754459e-06,Goldilocks,0.9747269045004103,1.0,False,0.4672906162638628,0.05,0.72,0.23,0.0,1.0,0.0,0.0,0.0
2026-04,-0.0014699115775046404,-0.0014186533098546946,7.1134492012331245,-0.03112528788044555,0.01539496861354656,4.618490584063968e-05,5.0733618093062315e-06,Overheating,0.9789076255388872,1.0,False,0.7526617445743572,0.05,0.72,0.23,0.0,0.0,0.0,0.0,1.0
2026-05,0.005726708694236611,0.00577584962374016,7.154185852619836,-0.025576824642924656,0.014510181710166416,4.3530545130499245e-05,5.610384373049199e-06,Overheating,0.9818505088279416,1.0,False,0.784627095268474,0.05,0.72,0.23,0.0,0.0,0.0,0.0,1.0
2026-06,-0.018323222116538057,-0.018275535735779024,7.0230981161792885,-0.04343139692049458,0.015456328351599859,4.636898505479958e-05,1.3173957042351691e-06,Overheating,0.9789202698818257,1.0,False,0.5003969751307514,0.05,0.72,0.23,0.0,0.0,0.0,0.0,1.0
2026-07,-0.029569425657742843,-0.029527673048850216,6.815429138545891,-0.07171658111578505,0.011929316826464767,3.57879504793943e-05,5.964658413232391e-06,Overheating,0.9471130834514201,1.0,False,0.4908039188128604,0.05,0.72,0.23,0.0,0.0,0.0,0.0,1.0
