Strategy,max_shift,Months,CAGR,Volatility,Sharpe,Sortino,MDD,Calmar,FinalMultiple,PositiveMonths
oap_momentum_domestic,0.0,129.0,0.12135667810594164,0.1374592378834939,0.9044811719358008,1.6687845786136237,-0.13994884146395348,0.8671502874655764,3.4256703455016124,0.5891472868217055
oap_momentum_domestic,0.025,129.0,0.12200884652829425,0.13760827845662818,0.9078912307561104,1.6808057501112217,-0.13994884146395348,0.8718103362057483,3.4471487342941782,0.5968992248062015
oap_momentum_domestic,0.05,129.0,0.12263980803697994,0.1378180827242687,0.9108083894313721,1.6916570563693547,-0.13994884146395348,0.8763188516181335,3.4680448705406604,0.5968992248062015
oap_momentum_domestic,0.075,129.0,0.12324907196794865,0.1380873837649568,0.9132351797903384,1.7013752106496505,-0.13994884146395348,0.8806723276783526,3.4883313885745513,0.6046511627906976
oap_momentum_domestic,0.1,129.0,0.1239546392749411,0.13839119826342938,0.9160778953382873,1.7123375437702377,-0.13994884146395348,0.8857139364520428,3.5119589492945886,0.6046511627906976
oap_momentum_domestic,0.15,129.0,0.12461696647277032,0.13828448305380622,0.9209554030915567,1.7286358875862085,-0.13994884146395348,0.8904465743996017,3.534270495761827,0.6046511627906976
oap_momentum_domestic,0.2,129.0,0.12484606379372809,0.13798132086765494,0.9241637421198178,1.7386662892964408,-0.13994884146395348,0.8920835820272554,3.54201787768402,0.5968992248062015
oap_reversal_domestic,0.0,129.0,0.12135667810594164,0.1374592378834939,0.9044811719358008,1.6687845786136237,-0.13994884146395348,0.8671502874655764,3.4256703455016124,0.5891472868217055
oap_reversal_domestic,0.025,129.0,0.1221618456078688,0.13757186950707914,0.9090965044939894,1.6833713624656717,-0.13994884146395348,0.8729035862675143,3.4522052311971048,0.5968992248062015
oap_reversal_domestic,0.05,129.0,0.1229459944336404,0.13774008388468595,0.9132462700038791,1.6970816093765586,-0.13994884146395348,0.878506696786822,3.478226473050112,0.5968992248062015
oap_reversal_domestic,0.075,129.0,0.12371637698362514,0.13796296694573626,0.9169796464030826,1.710065097930476,-0.13994884146395348,0.884011440819899,3.5039640010367084,0.6046511627906976
oap_reversal_domestic,0.1,129.0,0.12447287371384008,0.13824022911071704,0.9202951764913829,1.7224884040106014,-0.13994884146395348,0.8894169641690136,3.5294055889567413,0.6046511627906976
oap_reversal_domestic,0.15,129.0,0.12474464913750238,0.13820473239270026,0.9222365234549396,1.7319422379097686,-0.13994884146395348,0.8913589268235048,3.5385864411676584,0.5968992248062015
oap_reversal_domestic,0.2,129.0,0.1248452214461373,0.13784105993308626,0.9249588714971754,1.7409961786904744,-0.13994884146395348,0.8920775630593097,3.5419893638332156,0.5968992248062015
oap_lowrisk_domestic,0.0,129.0,0.12135667810594164,0.1374592378834939,0.9044811719358008,1.6687845786136237,-0.13994884146395348,0.8671502874655764,3.4256703455016124,0.5891472868217055
oap_lowrisk_domestic,0.025,129.0,0.12207354683150484,0.1376016498839249,0.9083533125077293,1.6812600699882867,-0.13994884146395348,0.8722726501665771,3.449286207166662,0.5968992248062015
oap_lowrisk_domestic,0.05,129.0,0.12277178008732026,0.1377983600161618,0.9117836657862475,1.692897077222241,-0.13994884146395348,0.877261853710611,3.4724300119037537,0.5968992248062015
oap_lowrisk_domestic,0.075,129.0,0.12344926986298055,0.13804859541158768,0.9147607603783543,1.7037212840204048,-0.13994884146395348,0.8821028353762921,3.495020786311746,0.6046511627906976
oap_lowrisk_domestic,0.1,129.0,0.12411122561384325,0.13835242925952376,0.917317184417504,1.7139758024265803,-0.13994884146395348,0.8868328191613539,3.5172222473122208,0.6046511627906976
oap_lowrisk_domestic,0.15,129.0,0.12419533813549521,0.1383688383752088,0.9177469985845383,1.719155161935801,-0.13994884146395348,0.8874338425122592,3.520052453459092,0.5968992248062015
oap_lowrisk_domestic,0.2,129.0,0.12411822157421137,0.13805406969825376,0.9190219341304122,1.724104195981668,-0.13994884146395348,0.8868828085738775,3.5174575676743083,0.5968992248062015
oap_liquidity_domestic,0.0,129.0,0.12135667810594164,0.1374592378834939,0.9044811719358008,1.6687845786136237,-0.13994884146395348,0.8671502874655764,3.4256703455016124,0.5891472868217055
oap_liquidity_domestic,0.025,129.0,0.12209176528884158,0.13756853826574136,0.9086564846642115,1.682501529813107,-0.13994884146395348,0.8724028295746105,3.4498882984611337,0.5968992248062015
oap_liquidity_domestic,0.05,129.0,0.12280281551737815,0.13773647832825142,0.9123310323160976,1.6952809747005027,-0.13994884146395348,0.877483616389982,3.4734619811814182,0.5968992248062015
oap_liquidity_domestic,0.075,129.0,0.12349055153577049,0.13796261276299188,0.9155092665690623,1.7071881618960174,-0.13994884146395348,0.8823978122575445,3.496401615143265,0.6046511627906976
oap_liquidity_domestic,0.1,129.0,0.1241674251285616,0.1382474712593676,0.9182677450713261,1.7185614184550122,-0.13994884146395348,0.8872343910081122,3.519113011669598,0.6046511627906976
oap_liquidity_domestic,0.15,129.0,0.12416743974920474,0.13820843940639566,0.9184621346755354,1.7244646209759462,-0.13994884146395348,0.8872344954794532,3.5191135036832866,0.6046511627906976
oap_liquidity_domestic,0.2,129.0,0.12408027981974401,0.1378709720899959,0.919801576837193,1.7309688252123339,-0.13994884146395348,0.8866116969728776,3.5161815070907014,0.6046511627906976
oap_all_domestic,0.0,129.0,0.12135667810594164,0.1374592378834939,0.9044811719358008,1.6687845786136237,-0.13994884146395348,0.8671502874655764,3.4256703455016124,0.5891472868217055
oap_all_domestic,0.025,129.0,0.12214591806074249,0.1375779395219847,0.9089583673202783,1.682945591991716,-0.13994884146395348,0.872789776485599,3.451678525009076,0.5968992248062015
oap_all_domestic,0.05,129.0,0.12291182732370776,0.1377533224615068,0.9129488259363717,1.6961745533117227,-0.13994884146395348,0.8782625567884109,3.477088973383827,0.5968992248062015
oap_all_domestic,0.075,129.0,0.12366060471013673,0.1379839023312659,0.9164983488269015,1.7086256166929894,-0.13994884146395348,0.8836129218117744,3.502094934937764,0.6046511627906976
oap_all_domestic,0.1,129.0,0.12439591571505382,0.13826955429053853,0.9196295550053977,1.7205192314189814,-0.13994884146395348,0.8888670632339203,3.526809796761751,0.6046511627906976
oap_all_domestic,0.15,129.0,0.1246283682003313,0.13825206704525186,0.9212129114794427,1.7289585015327973,-0.13994884146395348,0.8905280450816146,3.5346557041562146,0.6046511627906976
oap_all_domestic,0.2,129.0,0.12476838956117131,0.13792605580147244,0.9239730736616717,1.7380122068742458,-0.13994884146395348,0.8915285632665121,3.5393894447659626,0.6046511627906976
structure_plus_oap_domestic,0.0,129.0,0.12135667810594164,0.1374592378834939,0.9044811719358008,1.6687845786136237,-0.13994884146395348,0.8671502874655764,3.4256703455016124,0.5891472868217055
structure_plus_oap_domestic,0.025,129.0,0.1223681586640748,0.13754505266535708,0.9105953946627201,1.6870203590414987,-0.13994884146395348,0.8743777896553225,3.4590343641908943,0.5968992248062015
structure_plus_oap_domestic,0.05,129.0,0.12334289447933688,0.13768796576195846,0.9161293441751519,1.704262386661543,-0.13994884146395348,0.8813427334523968,3.4914649198684495,0.5968992248062015
structure_plus_oap_domestic,0.075,129.0,0.12429749006878077,0.13788555410222608,0.921200128463888,1.7208514638301609,-0.13994884146395348,0.8881637659058148,3.5234924246046386,0.6046511627906976
structure_plus_oap_domestic,0.1,129.0,0.1252394784123838,0.13813714574172667,0.9258567218941661,1.73705202330928,-0.13994884146395348,0.8948947136846549,3.555357920483011,0.6046511627906976
structure_plus_oap_domestic,0.15,129.0,0.1254950599609117,0.13808515636330237,0.9277870601749224,1.7476779133241873,-0.13994884146395348,0.8967209635189112,3.564048670710211,0.6046511627906976
structure_plus_oap_domestic,0.2,129.0,0.12522291830103538,0.13784174670575133,0.9274066985776768,1.7500114758871557,-0.13994884146395348,0.8947763839351893,3.554795476952357,0.6124031007751938
structure_indexvolume_plus_oap_domestic,0.0,129.0,0.12135667810594164,0.1374592378834939,0.9044811719358008,1.6687845786136237,-0.13994884146395348,0.8671502874655764,3.4256703455016124,0.5891472868217055
structure_indexvolume_plus_oap_domestic,0.025,129.0,0.12253065825392073,0.13756015671233557,0.9115736831513863,1.6888927813322592,-0.13994884146395348,0.8755389253113672,3.46442185851861,0.5968992248062015
structure_indexvolume_plus_oap_domestic,0.05,129.0,0.12367385165422995,0.13771490472604037,0.9181382480249182,1.708064600746941,-0.13994884146395348,0.8837075774298891,3.502538790725646,0.5968992248062015
structure_indexvolume_plus_oap_domestic,0.075,129.0,0.12479616887045841,0.13792072224652047,0.9242493880175503,1.7265742850643377,-0.13994884146395348,0.8917270594383739,3.54032927074708,0.6046511627906976
structure_indexvolume_plus_oap_domestic,0.1,129.0,0.12590552897972596,0.13817655631289175,0.9299601018449539,1.744680183245367,-0.13994884146395348,0.8996539568507635,3.5780465148901697,0.6124031007751938
structure_indexvolume_plus_oap_domestic,0.15,129.0,0.12649324911913573,0.1381223601310672,0.9340615261738732,1.759126821302333,-0.13994884146395348,0.9038534924329225,3.598175807351081,0.6124031007751938
structure_indexvolume_plus_oap_domestic,0.2,129.0,0.12655690710917766,0.13786155323763555,0.9359803638222882,1.765395060233671,-0.13994884146395348,0.9043083585781225,3.6003622335221213,0.6124031007751938
