month,reference_return,overlay_relative_return,return,gross_return,turnover,trade_cost,fx_cost,avg_stress,max_stress,avg_transfer,nav,drawdown
2007-04,0.0388087757253543,0.0,0.03880877572535435,0.03880877572535435,1.4999999999999996,0.0022499999999999994,0.00014429026735381705,0.0,0.0,0.0,1.0388087757253543,0.0
2007-05,0.085063925928057,0.0,0.085063925928057,0.085063925928057,0.04115885493530395,0.00012347656480591183,1.2375795060998951e-05,0.023583171884319326,0.18547082793254355,0.008254110159511763,1.1271739284770714,0.0
2007-06,0.0104442505778793,-5.668345672871222e-05,0.010386975104924812,0.010386975104924812,0.04802789495149129,0.00014408368485447387,2.3494413056244196e-05,0.07789662624620444,0.39071176088812987,0.02726381918617155,1.1388818560110832,0.0
2007-07,0.1055191937319292,0.006038617010211356,0.11219500074031408,0.11219500074031408,0.5719839055673865,0.00171595171670216,0.0002596730394120091,0.24711848946823078,0.9129909748103596,0.08649147131388077,1.2666587066893769,0.0
2007-08,-0.0141524340874171,0.008237704575522198,-0.006031313082931589,-0.006031313082931589,0.13799915696457837,0.0004139974708937351,4.772504887024456e-05,0.4593834616640267,0.9810738982254203,0.16078421158240935,1.259019091460112,-0.006031313082931589
2007-09,0.0536653667970361,0.0024510308070959663,0.05624793307142584,0.05624793307142584,0.1242920281957306,0.0003728760845871918,5.595087703130442e-05,0.12042870960608923,0.30513833992094874,0.04215004836213122,1.3298363130522077,0.0
2007-10,0.0633220742756804,-2.880093022450403e-05,0.06329144961081301,0.06329144961081301,0.29099606285537133,0.000872988188566114,5.444121537699237e-05,0.07513179110864379,0.3527537091060065,0.026296126888025323,1.4140035810503808,0.0
2007-11,-0.0263383976640311,0.0024002730042682607,-0.02400134400465148,-0.02400134400465148,0.6205551530668159,0.0018616654592004476,0.00013782575706444488,0.20669935439687795,0.4129823464107849,0.07234477403890728,1.3800655946777816,-0.02400134400465148
2007-12,0.0692936612691707,-5.408875060963769e-05,0.06923582451099786,0.06923582451099786,0.06538919884910889,0.00019616759654732667,7.717027844139857e-06,0.0015820143956940503,0.020194281761609666,0.0005537050384929176,1.4756155740045585,0.0
2008-01,-0.0204825803592966,0.0,-0.02048258035929662,-0.02048258035929662,0.02516079424064288,7.548238272192865e-05,7.416546246004796e-06,0.06334154270206771,0.9295291116561546,0.022169539945723703,1.4453911594305804,-0.02048258035929673
2008-02,0.070293281595206,0.0,0.07029328159520598,0.07029328159520598,0.02159859231086618,6.479577693259854e-05,1.9637988479823675e-06,0.004376644822055383,0.030293804935496094,0.001531825687719384,1.5469924472156555,0.0
2008-03,0.0081796607913779,0.0,0.008179660791377996,0.008179660791377996,0.021916754412436783,6.575026323731035e-05,1.74919427095514e-05,0.02529644268774705,0.32094861660079055,0.008853754940711465,1.5596463206807034,0.0
2008-04,0.0764211373557031,-0.0005964686529540408,0.07577908588989324,0.07577908588989324,0.10314800618802293,0.0003094440185640688,2.101011173812367e-05,0.0026845493272304797,0.03973505331659204,0.0009395922645306678,1.6778348931734224,0.0
2008-05,0.070021072011127,8.297444283877908e-06,0.07002995045135463,0.07002995045135463,0.02435264991361992,7.305794974085976e-05,2.078974582848675e-05,0.006467199399791948,0.04910193165255124,0.0022635197899271817,1.795333587607911,0.0
2008-06,0.0718213410012182,0.0,0.07182134100121829,0.07182134100121829,0.023195704086212132,6.95871122586364e-05,6.396612889948305e-06,0.030990732438330042,0.1999040420191492,0.010846756353415513,1.9242768534144394,0.0
2008-07,-0.0942469901082816,0.0,-0.09424699010828164,-0.09424699010828164,0.0428197600854408,0.0001284592802563224,9.109825374340298e-06,0.007418590892799134,0.07829224975981089,0.0025965068124796974,1.7429195518450935,-0.09424699010828164
2008-08,-0.0192756978885091,0.0,-0.019275697888509136,-0.019275697888509136,0.08004130394846466,0.000240123911845394,5.6646008608907674e-05,0.016545014781771124,0.2387877443120473,0.005790755173619893,1.7093235611197517,-0.11170601148856218
2008-09,0.1307314480730817,0.0,0.13073144807308168,0.13073144807308168,0.6509226974957716,0.0019527680924873148,0.00015643421004559683,0.11404437853197692,0.8939558332247548,0.03991553248619192,1.9327859054903735,0.0
2008-10,-0.0969543788605434,0.0011996323133454112,-0.0958710561529994,-0.0958710561529994,0.12877753915615872,0.00038633261746847617,7.986566528165973e-05,0.42422405377224914,0.9623845660292163,0.1484784188202872,1.7474876794133802,-0.0958710561529994
2008-11,0.1274100904583205,0.0007388663433709475,0.1282430958293368,0.1282430958293368,0.09013168575147305,0.0002703950572544192,4.767315857608484e-05,0.24219782482374047,0.37191258101017177,0.08476923868830914,1.9715909093449757,0.0
2008-12,0.0280979509691932,-9.009918315205923e-06,0.02808868789063501,0.02808868789063501,0.08630315179157393,0.0002589094553747218,7.942201620330072e-05,0.0020522767680921546,0.041884786423014984,0.000718296868832254,2.02697031104558,0.0
2009-01,0.0504272110238931,0.0,0.050427211023893026,0.050427211023893026,0.02614425799011146,7.843277397033438e-05,2.2044356194079156e-05,0.000896001443707346,0.019712031761561614,0.0003136005052975711,2.1291847706598412,0.0
2009-02,0.0839133549268469,0.0,0.08391335492684693,0.08391335492684693,0.03838537134057387,0.00011515611402172161,1.590349780739639e-05,0.0016108351053449304,0.03221670210689861,0.0005637922868707257,2.307851808025058,0.0
2009-03,-0.0612832265194462,0.0,-0.06128322651944618,-0.06128322651944618,0.04202496308841622,0.00012607488926524865,2.8681838180254992e-05,0.0025691295743492997,0.05652085063568459,0.0008991953510222549,2.1664192029005447,-0.06128322651944629
2009-04,-0.0439701482973501,0.0,-0.04397014829735013,-0.04397014829735013,0.056870664336444804,0.0001706119930093344,7.465970925298743e-06,0.0056993268680301246,0.09024447146106618,0.001994764403810543,2.0711614292747806,-0.10255874225859618
2009-05,0.0398638450854826,2.600461460167125e-05,0.03989088634401239,0.03989088634401239,0.03592843576318065,0.00010778530728954196,1.0593971157016047e-05,0.05410861315012215,0.493754683222564,0.018938014602542748,2.1537818944500833,-0.06675901504560633
2009-06,-0.0076009937859542,-1.4154926919474065e-06,-0.007602398519495068,-0.007602398519495068,0.614777459878294,0.001844332379634882,0.00013639975930049565,0.010807536729301933,0.09064372764177646,0.0037826378552556768,2.137407986164401,-0.07385388492795564
2009-07,0.0564405836360244,0.0,0.056440583636024444,0.056440583636024444,0.012069884199594845,3.620965259878454e-05,4.887446345218427e-06,0.014997157808635283,0.08913727741478072,0.005249005233022349,2.2580445403718192,-0.0215816576610528
2009-08,0.0092901869754732,0.0,0.009290186975473125,0.009290186975473125,0.034549761444200994,0.00010364928433260298,6.8135925618503515e-06,0.005404289372131838,0.07608757257217261,0.001891501280246143,2.2790221963508195,-0.012491968320491598
2009-09,0.0315253460148031,-0.0005650788693296604,0.030942452838592205,0.030942452838592205,0.008495950977564613,2.548785293269384e-05,5.1872638290666465e-06,0.0042128983499493105,0.04245720002666318,0.0014745144224822585,2.3495407331795097,0.0
2009-10,-0.0242506542784556,2.2815404330245315e-06,-0.024248428066870886,-0.024248428066870886,0.008143943637767766,2.4431830913303298e-05,2.248280410822867e-06,0.010789159725708384,0.07209434332794895,0.003776205903997934,2.2925680637208234,-0.024248428066870775
2009-11,0.0295270669787399,0.002918884352032025,0.03253213742453753,0.03253213742453753,0.0396101999867453,0.00011883059996023591,1.6317104919354163e-05,0.03400034240356239,0.23816101706634446,0.011900119841246833,2.367150203024895,0.0
2009-12,0.038412138214924,-0.0011563203233444508,0.03721140115549848,0.03721140115549848,0.28539060959846607,0.0008561718287953983,4.112950563398551e-05,0.008803021781687004,0.08420490644825718,0.0030810576235904517,2.4552351788249744,0.0
2010-01,-0.0271708079206656,0.0002459627865669667,-0.026931528141728056,-0.026931528141728056,0.011356859889315216,3.407057966794565e-05,4.280705426564405e-06,0.10237696871771022,0.5600563498768483,0.03583193905119858,2.389111943511889,-0.026931528141728056
2010-02,0.0064923355976529,0.00011591618244066737,0.006609004346851188,0.006609004346851188,0.030045359468161448,9.013607840448434e-05,4.255269640131731e-06,0.03036444713888057,0.22613588943056562,0.010627556498608198,2.404901594731673,-0.020500514381432966
2010-03,0.0335174627960244,2.962713129273098e-06,0.033520524811780694,0.033520524811780694,0.022803866166889064,6.841159850066719e-05,1.7366714369114466e-06,0.001204131055583774,0.01838017076010594,0.0004214458694543208,2.485515158307767,0.0
2010-04,0.0266411512797265,0.0,0.026641151279726438,0.026641151279726438,0.015761147492226277,4.728344247667883e-05,7.94006017251865e-06,0.017547550095798503,0.15372227658480575,0.006141642533529476,2.551732143648297,0.0
2010-05,-0.0173545475459809,0.0,-0.01735454754598087,-0.01735454754598087,0.02756391895339028,8.269175686017083e-05,4.256527278864358e-06,0.11395349838855814,0.44976940238537755,0.039883724435995346,2.507447986836745,-0.01735454754598087
2010-06,0.0208614371370474,0.0,0.020861437137047467,0.020861437137047467,0.03358906719607288,0.00010076720158821864,8.147106084647638e-06,0.011221296632708398,0.11880578517800511,0.003927453821447939,2.559756955388556,0.0
2010-07,0.020091547166935,0.0,0.020091547166934953,0.020091547166934953,0.03175443239918027,9.526329719754081e-05,6.0171326824197685e-06,0.017085474166076177,0.09881866478802939,0.005979915958126661,2.6111864329936347,0.0
2010-08,0.010883467185315,0.0,0.010883467185315077,0.010883467185315077,0.030112151199227985,9.033645359768396e-05,1.2067876983667945e-05,0.017750734975689606,0.12546506284153539,0.00621275724149136,2.639605194851861,0.0
2010-09,0.0564945433147838,0.0,0.056494543314783874,0.056494543314783874,0.05758797710541627,0.00017276393131624882,6.367036447996105e-06,0.02297888330137066,0.07972858387816592,0.00804260915547973,2.788728484866348,0.0
2010-10,0.0072695606521866,0.0,0.007269560652186646,0.007269560652186646,0.009052282470933709,2.7156847412801127e-05,5.510186215377494e-06,0.029593035960039857,0.21241604952872506,0.01035756258601395,2.809001315729564,0.0
2010-11,0.0375253738699031,9.19530177732053e-05,0.037620777459046684,0.037620777459046684,0.005637204877676344,1.691161463302903e-05,4.157138586393355e-06,0.09719971172774473,0.5589944276321919,0.034019899104710656,2.9146781291107953,0.0
2010-12,0.0730316539767175,-0.007750278228248919,0.0647153601106798,0.0647153601106798,0.07539967115937693,0.00022619901347813078,3.4660998227558695e-05,0.04224625432805985,0.2616102535915678,0.014786189014820945,3.1033025738429227,0.0
2011-01,-0.0110497001325588,-0.00016902537916896332,-0.011216857831973126,-0.011216857831973126,0.06866414454631113,0.0002059924336389334,2.7201729772694514e-05,0.0019371392981918146,0.040679925262028106,0.000677998754367135,3.0684932700625303,-0.011216857831973126
2011-02,-0.0403024595098072,0.0,-0.040302459509807154,-0.040302459509807154,0.016442579353915437,4.932773806174631e-05,6.486224954933645e-06,0.05127655346361507,0.3677467849855868,0.017946793712265274,2.9448254442897195,-0.05106725038317994
2011-03,0.0511431174958561,-0.0038945895294688615,0.047049346516483403,0.047049346516483403,1.054954520809864,0.003164863562429592,0.000354502894393151,0.06339963679100107,0.7884839594922028,0.022189872876850373,3.0833775570486637,-0.006420584625618786
2011-04,0.0406106144298266,0.0006684663997360563,0.041306227660781625,0.041306227660781625,0.026656975689542048,7.997092706862614e-05,1.0184168909170843e-05,0.011444750119339629,0.11169769972128152,0.00400566254176887,3.2107402523842605,0.0
2011-05,-0.0627823680641025,6.871582178202829e-05,-0.06271796638433547,-0.06271796638433547,0.03641370346550253,0.00010924111039650759,7.623978025267376e-07,0.004868440791688267,0.04468110971552104,0.0017039542770908931,3.0093691531663915,-0.06271796638433547
2011-06,-0.0715311661774055,-3.1650921367143425e-06,-0.07153410486681067,-0.07153410486681067,0.03983832994404374,0.00011951498983213121,9.10795075267079e-06,0.04496366522695799,0.25637617169248805,0.015737282829435293,2.794096624580842,-0.12976559766677598
2011-07,0.0367506598588734,0.0,0.03675065985887338,0.03675065985887338,0.03390193309605066,0.00010170579928815198,4.180751776620362e-06,0.08795129535500934,0.35616532006746027,0.030782953374253266,2.8967815192436386,-0.0977839091491377
2011-08,0.1154475072384145,0.0010819756313928952,0.11665439425934432,0.11665439425934432,0.686211802250269,0.002058635406750807,9.86544971496195e-06,0.4687794172519119,1.0,0.16407279603816916,3.2347038126726684,0.0
2011-09,0.0050423703707876,5.507796081238858e-05,0.005097726055077745,0.005097726055077745,0.0918076114285596,0.00027542283428567884,7.375113403095695e-05,0.2938443753473209,0.46467843746739335,0.1028455313715623,3.251193446578989,0.0
2011-10,-0.0265921543541607,-0.00023365685211018672,-0.02681959776719367,-0.02681959776719367,0.043502180684010114,0.00013050654205203034,1.2240781399630862e-05,0.08279365584399466,0.33675889328063235,0.028977779545398125,3.1639977460784046,-0.02681959776719367
2011-11,0.0448208539750497,7.466050095938925e-07,0.044821634043533454,0.044821634043533454,0.021636658685347823,6.490997605604347e-05,5.739907916580634e-06,0.0038350531803575975,0.05279457048258087,0.0013422686131251591,3.3058132951676953,0.0
2011-12,-0.0671444354058011,0.0,-0.06714443540580106,-0.06714443540580106,0.08450279402578151,0.00025350838207734453,2.7346317347548165e-05,0.014376781848258998,0.1291929797257123,0.00503187364689065,3.0838463279066697,-0.06714443540580106
2012-01,0.0614045767012838,0.0,0.06140457670128385,0.06140457670128385,0.05954922485328342,0.00017864767455985026,2.821887640535692e-05,0.016584289623327274,0.09423930472856139,0.005804501368164545,3.2732086062835872,-0.009862834338457138
2012-02,-0.0126824442719079,0.0,-0.0126824442719079,-0.0126824442719079,0.030106356482981933,9.03190694489458e-05,9.509578282473285e-06,0.004873898369886211,0.053526946934875363,0.0017058644294601739,3.2316963205440663,-0.02242019376350446
2012-03,-0.0078450534645226,0.0,-0.007845053464522578,-0.007845053464522578,0.5663083807765181,0.0016989251423295544,0.00023950591097792611,0.00156807262469785,0.01837476508010787,0.0005488254186442475,3.206343490128297,-0.030089359609267508
2012-04,0.0021124648965633,0.0,0.0021124648965633597,0.0021124648965633597,0.009037370530439418,2.711211159131825e-05,3.961002185012177e-06,0.015265318936036786,0.09463942797631217,0.005342861627612876,3.2131167781975174,-0.02804045742863881
2012-05,-0.0382751195878985,0.0,-0.03827511958789853,-0.03827511958789853,0.014447549382032118,4.3342648146096357e-05,5.385999631242297e-06,0.061516275935541424,0.3157625845019908,0.021530696577439497,3.090134349262124,-0.06524232515515682
2012-06,-0.0091894765578492,0.0,-0.009189476557849185,-0.009189476557849185,0.021921589092702642,6.576476727810793e-05,3.5472117510123303e-06,0.02975740824333536,0.23406744456286444,0.010415092885167376,3.0617376320989753,-0.07383225889541312
2012-07,0.0199510036680797,9.717602852621354e-06,0.01996091514686249,0.01996091514686249,0.007491425496181441,2.247427648854432e-05,2.2225546406677427e-06,0.00929668641480329,0.10153713908943704,0.0032538402451811523,3.1228527171752587,-0.055345103203463086
2012-08,0.0224815462570687,5.929866619958091e-07,0.022482152574987646,0.022482152574987646,0.003961859929721354,1.188557978916406e-05,1.5312052712855574e-07,0.0,0.0,0.0,3.1930611684320076,-0.03410722768297414
2012-09,0.0292469585375265,0.0,0.02924695853752657,0.02924695853752657,0.012103400716366506,3.631020214909952e-05,1.5587350691958351e-06,0.0008404916970059871,0.009019000654404285,0.0002941720939520955,3.2864484960329245,-0.005857801819321606
2012-10,-0.0338809381647358,0.0,-0.03388093816473581,-0.03388093816473581,0.012614327692906196,3.784298307871859e-05,3.444939326270602e-07,0.02634519795235859,0.29343496213465875,0.009220819283325504,3.175100537757244,-0.03954027216283562
2012-11,0.0005604328028054,0.0,0.0005604328028054884,0.0005604328028054884,0.01294154812510076,3.882464437530228e-05,2.1234808042030485e-06,0.002381586798779913,0.04783258945176665,0.0008335553795729696,3.1768799682508084,-0.0390019990255821
2012-12,0.0196520944912759,-0.00018234157838192822,0.01946616951896596,0.01946616951896596,0.009361660109663439,2.8084980328990316e-05,2.1440602207883353e-06,0.057029840425688094,0.3145827000980334,0.01996044414899083,3.2387216522541857,-0.020295049031226697
2013-01,-0.0073556934464457,0.00156423539983086,-0.005802964082694095,-0.005802964082694095,0.03117651249003399,9.352953747010197e-05,1.4685773693815421e-05,0.057629622744766844,0.36957496955769903,0.020170367960668394,3.2199274668323112,-0.025980241673336013
2013-02,0.0074973916341351,-0.0003429850631136988,0.007151835077678692,0.007151835077678692,0.029568437050683904,8.870531115205171e-05,1.4019817106629778e-05,0.056776990532849084,0.4398427861445565,0.019871946686497177,3.2429558570371837,-0.019014212999383218
2013-03,-0.0015044631291443,0.00043791508100698984,-0.001067206875230431,-0.001067206875230431,0.023533482129885652,7.060044638965696e-05,8.83205369788459e-06,0.018559244643920815,0.09682881871346931,0.006495735625372286,3.239494952250485,-0.020061127775773624
2013-04,-0.0342616761861257,-5.907387875103698e-05,-0.034318726094771934,-0.034318726094771934,0.021358272328790007,6.407481698637002e-05,8.822570656634415e-06,0.11423697861847674,0.5776237607474088,0.03998294251646686,3.128319612298804,-0.05369138152125663
2013-05,-0.0048485333900458,0.0,-0.004848533390045762,-0.004848533390045762,0.010280734598475783,3.0842203795427345e-05,1.4167178811935467e-06,0.008431874146753327,0.08665698658433763,0.002951155951363664,3.1131518502038382,-0.058279590455238894
2013-06,-0.0691602965231711,0.0,-0.06916029652317113,-0.06916029652317113,0.02203983729092886,6.611951187278658e-05,1.216727285231062e-07,0.08584519516472364,0.4931257870139828,0.030045818307653273,2.897845345122082,-0.12340925322127683
2013-07,0.0307973528535371,0.0,0.03079735285353702,0.03079735285353702,0.019432733104508746,5.829819931352624e-05,7.115248856935125e-06,0.01749431686811495,0.1366143761669661,0.006123010903840232,2.9870913107307864,-0.09641257868458686
2013-08,0.0136094614202431,0.0,0.013609461420243107,0.013609461420243107,0.011690556421865866,3.50716692655976e-05,2.556210962373351e-06,0.02326997519781916,0.3493660928096274,0.008144491319236707,3.0277440146829204,-0.0841152405343778
2013-09,-0.0004913738804084,0.0,-0.00049137388040843,-0.00049137388040843,0.03762305854974628,0.00011286917564923884,3.594245021110679e-06,0.0005027556826668119,0.01055786933600305,0.00017596448893338415,3.0262562603575422,-0.08456528238264338
2013-10,0.0123564288151598,0.0,0.012356428815159859,0.012356428815159859,0.0325992360205771,9.77977080617313e-05,2.265162436497714e-06,0.014788182139357908,0.1757664261770341,0.005175863748775267,3.0636499804150823,-0.07325377845947856
2013-11,-0.0081158688015767,-0.0004568530481883215,-0.008569014090364258,-0.008569014090364258,0.2759470522324854,0.0008278411566974562,5.914534811624308e-06,0.003582216061818568,0.049675469623751446,0.001253775621636499,3.0373975205649613,-0.08119507989005104
2013-12,-0.0092919854296523,2.1106575751161927e-05,-0.00927107497589541,-0.00927107497589541,0.004932296732256291,1.4796890196768874e-05,8.557175123604377e-07,0.00028413971949321895,0.006251073828850817,9.944890182262663e-05,3.0092375804202045,-0.08971338919261207
2014-01,-0.0281762354232445,0.0,-0.028176235423244544,-0.028176235423244544,0.012341844501773091,3.7025533505319274e-05,3.7836980730830693e-06,0.06698354661380373,0.27299919506927417,0.0234442413148313,2.92444859390981,-0.11536183904134834
2014-02,0.0233675406082338,0.0008434517838991074,0.02423070178594422,0.02423070178594422,0.3092952855250883,0.0009278858565752649,9.10691494070838e-06,0.06143396081172087,0.589329780624775,0.021501886284102302,2.9953100356771625,-0.09392643557469327
2014-03,-0.0083177713065266,-6.456255599041061e-05,-0.008381796845941314,-0.008381796845941314,0.3439640385623208,0.0010318921156869624,1.6419006010896923e-05,0.007090045527067021,0.07678339183639497,0.002481515934473457,2.9702039554675075,-0.10152096011918399
2014-04,-0.0118610592335984,-0.0008637338067288836,-0.012714548242483525,-0.012714548242483525,0.031643057481995876,9.492917244598762e-05,1.4574734099215684e-05,0.008221740512115378,0.09545375385879747,0.0028776091792403822,2.9324391539857007,-0.11294471521660887
2014-05,0.0107703621855502,-8.038620623140869e-05,0.010689110190762907,0.010689110190762907,0.04359461413150448,0.00013078384239451342,1.1564538006288594e-05,0.03079541615109723,0.279625425977911,0.01077839565288403,2.9637843192303612,-0.10346288353226063
2014-06,0.0103719839000992,0.0,0.010371983900099302,0.010371983900099302,0.0319224050292158,9.576721508764739e-05,2.5327745584614453e-06,0.014882557177434596,0.14367951865550027,0.005208895012102108,2.9945246424727854,-0.09416401499441573
2014-07,0.0269687919748895,-0.000399199238187653,0.0265588268154906,0.0265588268154906,0.011825438026649301,3.5476314079947906e-05,4.5339856859947095e-06,0.02434555478887807,0.3459292100881259,0.008520944176107322,3.074055703846939,-0.07010607394541313
2014-08,-0.0167359331122701,-0.0006462896033335719,-0.01737140645603108,-0.01737140645603108,0.05495747344925904,0.0001648724203477771,1.7805524996766922e-05,0.04331842308735664,0.2736152391253573,0.015161448080574826,3.0206550327469333,-0.08625963929590186
2014-09,-0.0087133078647558,2.7799081803614456e-05,-0.008685751004910314,-0.008685751004910314,0.31945275374365456,0.0009583582612309637,1.6083713298694306e-05,0.01131585654273291,0.0865901329707236,0.0039605497899565184,2.9944183752607643,-0.09419616055211455
2014-10,-0.023304695730693,0.0,-0.023304695730693048,-0.023304695730693048,0.339378986344801,0.001018136959034403,5.91101511210207e-06,0.17242957148624177,0.6598683824343932,0.060350350020184615,2.924634366134916,-0.115305643422141
2014-11,0.017063204481462,0.0005662007513602685,0.01763906643202029,0.01763906643202029,0.10720683091222671,0.0003216204927366801,1.5686437097960276e-05,0.01267215882676743,0.07624891749475751,0.0044352555893686,2.976222186008539,-0.09970046089443074
2014-12,-0.0130624468515751,-8.946098991935436e-06,-0.013071276092624373,-0.013071276092624373,0.26425845735905285,0.0007927753720771586,8.9241625497644e-06,0.04993605059931738,0.3177105907242359,0.017477617709761084,2.9373191641022274,-0.11146852473614222
2015-01,0.0397951529669306,0.0,0.0397951529669307,0.0397951529669307,0.034409815814357536,0.00010322944744307261,2.150917493501242e-06,0.017085585603266108,0.1985709887980784,0.005979954961143138,3.0542102295503724,-0.0761092787620844
2015-02,-0.0078749044345641,-0.00036748127140573406,-0.008239491826075973,-0.008239491826075973,0.05130670042761848,0.00015392010128285544,1.3571429639537808e-05,0.003137701048686649,0.04838742422724929,0.0010981953670403271,3.0290450893288745,-0.08372166880791165
2015-03,0.0134953127837319,2.5725377131635696e-05,0.013521385332874392,0.013521385332874392,0.07415270129411222,0.00022245810388233668,1.6360687679782271e-06,0.02371865338383442,0.19554475954473438,0.008301528684342046,3.070001975172341,-0.07133231641970028
2015-04,0.0041107083279733,0.0,0.004110708327973223,0.004110708327973223,0.1110455147886411,0.0003331365443659233,1.0227396029756849e-05,0.016163103859554044,0.14654691712719878,0.005657086350843915,3.0826218578585762,-0.06751483443888717
2015-05,-0.0033192113363169,0.0,-0.003319211336316852,-0.003319211336316852,0.0360694902820264,0.0001082084708460792,2.788594765981464e-06,0.04365343179494055,0.31775088710551086,0.015278701128229192,3.072389984442394,-0.07060994977136492
2015-06,-0.0200138061439413,0.0001437471049066108,-0.019872935965726035,-0.019872935965726035,0.13562667210799417,0.0004068800163239825,1.760638282260249e-05,0.08898897301737176,0.3954450881242319,0.031146140556080115,3.0113325750198325,-0.0890796587267414
2015-07,-0.012982196843366,4.8038955536622296e-05,-0.01293478153900629,-0.01293478153900629,0.07113142432491969,0.00021339427297475906,6.89172993841318e-06,0.08646207303286924,0.3287600033885135,0.030261725561504232,2.972381646020658,-0.1008622143405481
2015-08,0.0014222809979631,-2.192599260508743e-05,0.001400323820435423,0.001400323820435423,0.020200391534664467,6.0601174603993405e-05,1.2082899332486823e-05,0.21265855094600172,1.0,0.0744304928311006,2.9765439428430054,-0.09960313028143564
2015-09,0.0096694012791507,-0.0016654337661031748,0.007987863765659187,0.007987863765659187,0.04409339886557008,0.00013228019659671024,1.5142698814833336e-05,0.24047450439622312,0.5758187460544197,0.08416607653867808,3.0003201703509332,-0.09241088275109777
2015-10,0.0192853811254169,-0.0022311450959904278,0.01701120754590435,0.01701120754590435,0.08220678603146644,0.0002466203580943993,1.5463395432081974e-05,0.011786964638490223,0.19446640316205516,0.004125437623471578,3.051359239472936,-0.07697169591117259
2015-11,-0.0215718956093051,-9.847398264739571e-05,-0.021668245321478596,-0.021668245321478596,0.09411121128245854,0.00028233363384737564,1.7737844597950456e-05,0.00014547560971593402,0.0030549878040346144,5.091646340057691e-05,2.985241638908076,-0.0969720996428377
2015-12,0.0025432877207083,0.00020112561554963548,0.0027449248565663,0.0027449248565663,0.02575228776162517,7.725686328487552e-05,7.662489211983925e-06,0.0210195709825764,0.12659993753026627,0.00735684984390174,2.9934359028855715,-0.09449335591297447
2016-01,0.002334324184356,0.0006165369048554137,0.0029523002862190673,0.0029523002862190673,0.017593342135111326,5.278002640533398e-05,7.78367982741965e-06,0.16966096636146796,0.5257833051766835,0.05938133822651378,3.002273424558439,-0.09182002838846304
2016-02,0.037651720529905,4.110323527317661e-06,0.03765598561418493,0.03765598561418493,0.01646725622474445,4.9401768674233345e-05,4.739081117401942e-06,0.06628347327342139,0.5960176597113773,0.023199215645697487,3.115326989443461,-0.057621616442368184
2016-03,-0.0007352692096737,-0.0013803096463517184,-0.002114563956842619,-0.002114563956842619,0.018422158915521916,5.526647674656575e-05,5.842387670092861e-06,0.006275136308702095,0.05521057126315376,0.002196297708045733,3.108739431277805,-0.05961433580594677
2016-04,0.0434855087511462,3.126966792899033e-05,0.04351813819649353,0.04351813819649353,0.6708897326013797,0.0020126691978041393,0.00025705716244656194,0.0006567234132268103,0.013791191677763015,0.00022985319462938357,3.244025983465041,-0.018690502513548646
2016-05,-0.0098031930029793,0.0,-0.009803193002979271,-0.009803193002979271,0.6818953358565378,0.0020456860075696135,0.0002605194113902358,0.008916624469222357,0.10748701386331966,0.0031208185642278246,3.2122241706424535,-0.02831046891306499
2016-06,0.0255573706583009,0.0,0.025557370658300993,0.025557370658300993,0.01210238595447726,3.630715786343178e-05,1.3292373874988356e-06,0.12490132568240796,0.6,0.04371546398884279,3.294320174409116,-0.0034766394022854863
2016-07,0.0149992419737254,0.0,0.014999241973725486,0.014999241973725486,0.04705771954520763,0.0001411731586356229,2.139242578927114e-07,0.03649198704041384,0.25,0.012772195464144844,3.343732479844004,0.0
2016-08,-0.0032175824229985,0.0,-0.0032175824229985217,-0.0032175824229985217,0.0071455192462855106,2.1436557738856533e-05,1.3887336608287282e-06,0.0019892518957293033,0.04575279360177398,0.0006962381635052562,3.3329737449896486,-0.0032175824229985217
2016-09,0.011355187039332,0.0,0.011355187039332026,0.011355187039332026,0.25416865778939324,0.0007625059733681797,3.963306371656261e-07,0.09599908402976301,0.34302876660811105,0.033599679410417055,3.370820285261189,0.0
2016-10,-0.014752335847719,0.0017625460383308145,-0.0130157914804927,-0.0130157914804927,0.07535474294615836,0.0002260642288384751,3.7815912100219215e-05,0.028206326095784356,0.24183017111666627,0.009872214133524524,3.3269463913100146,-0.0130157914804927
2016-11,0.0226110703364969,-0.00224861164916923,0.020311615171168862,0.020311615171168862,0.6381936846055831,0.0019145810538167495,0.00015970627082377906,0.05319448434708985,0.34469802817970635,0.018618069521481446,3.3945220461054126,0.0
2016-12,0.0433612663576336,-0.0001925146908677844,0.043160403985977425,0.043160403985977425,0.02104293572627597,6.312880717882791e-05,3.1525635331197123e-06,0.0014688498743996186,0.03231469723679161,0.0005140974560398665,3.541030988954629,0.0
2017-01,-0.0316542946609806,8.849158736889962e-07,-0.03165343775649465,-0.03165343775649465,0.010295792175592788,3.088737652677837e-05,4.187081930769776e-06,0.0008257027291731934,0.018165460041810255,0.00028899595521061764,3.428945184951935,-0.03165343775649465
2017-02,0.0038892989513981,0.0,0.0038892989513981124,0.0038892989513981124,0.058755834380463154,0.00017626750314138947,2.803379500381059e-05,0.003988586457489425,0.039186906373388376,0.0013960052601212987,3.44228137786417,-0.027887248487371008
2017-03,-0.0378117923245278,0.0004920408691235778,-0.03733835640256267,-0.03733835640256267,0.054690579180393606,0.00016407173754118083,4.005279406791851e-07,0.05654574245021653,0.2031931587303963,0.019791009857575783,3.3137522489395734,-0.06418434086682534
2017-04,0.00011269925573,0.008868577059567784,0.008982275797331907,0.008982275797331907,0.4483162843240875,0.0013449488529722626,6.352723844205321e-05,0.14639645516477492,0.7944664031620552,0.051238759307671224,3.3435172855635775,-0.05577858652102918
2017-05,-0.0037531075235456,-0.00028944387415741346,-0.004041465083721274,-0.004041465083721274,0.03823635665220532,0.00011470906995661596,3.288443024783383e-05,0.11763364743267045,0.5644980729569189,0.04117177660143466,3.330004577197154,-0.05959462439490648
2017-06,-0.0067524615277793,-3.8122063111156734e-05,-0.006790326173125916,-0.006790326173125916,0.042819817423024625,0.00012845945226907387,1.8259750904282e-05,7.0157841358497e-05,0.001543472509886934,2.4555244475473948e-05,3.307392759959983,-0.0659802836302259
2017-07,0.0238420804075432,0.0,0.02384208040754321,0.02384208040754321,0.02953292425414175,8.859877276242525e-05,1.9116757869614197e-05,0.02307251490054722,0.34550250018587786,0.008075380215191526,3.3862478840822754,-0.04371131045030707
2017-08,-0.0269812806617161,0.008165234683079392,-0.019036354467289685,-0.019036354467289685,0.0840294436122397,0.0002520883308367191,3.904252157303512e-05,0.15572544236268526,0.8526287696069345,0.054503904826939835,3.3217860690467753,-0.06191556091763506
2017-09,0.0543636225849784,-0.0002696167879162603,0.05407934845176121,0.05407934845176121,0.11036902719018284,0.0003311070815705485,2.020587523298201e-06,0.03983857009349619,0.27970282148116715,0.013943499532723665,3.501426095356962,-0.011184565659324908
2017-10,0.0404007558718148,0.0,0.04040075587181491,0.04040075587181491,0.02311449731858893,6.934349195576679e-05,1.8908735048852656e-05,1.8691554838403677e-05,0.00037383109676807357,6.542044193441287e-06,3.6428863562386806,0.0
2017-11,0.0009819579438485,0.0,0.0009819579438485881,0.0009819579438485881,0.014452993613127962,4.335898083938389e-05,4.345632117042419e-06,0.004930018822361212,0.04331829603996116,0.0017255065878264237,3.646463517434727,0.0
2017-12,0.0127261677762508,-1.2644074710022046e-05,0.012713362790924831,0.012713362790924831,0.032042715567570185,9.612814670271055e-05,1.3629858131673723e-05,0.044010374331401834,0.17870958048542168,0.01540363101599064,3.6928223310357464,0.0
2018-01,0.063871432143571,-2.6083323448444773e-05,0.06384368284089881,0.06384368284089881,0.014692830159320783,4.407849047796235e-05,5.438856288785987e-06,0.021642600396800254,0.1961652200382759,0.007574910138880089,3.9285857087261813,0.0
2018-02,-0.0608958650394221,0.01641417823219382,-0.04548124238958895,-0.04548124238958895,0.5213315366277709,0.0015639946098833127,8.554644895900621e-05,0.32725933314240085,0.8815469312579783,0.11454076659984029,3.7499087498593306,-0.04548124238958895
2018-03,0.0254365308807692,-0.0001906967497772305,0.025240983467227363,0.025240983467227363,0.6517708147506387,0.001955312444251916,0.00032337712303094667,0.15110329930073393,0.4181239540634246,0.05288615475525687,3.844560134618141,-0.021388250209586235
2018-04,0.0378923298600472,-0.0031647494385776964,0.03460766069181842,0.03460766069181842,0.6060947617791945,0.0018182842853375835,0.00030289891804258386,0.0538779522760431,0.24189723320158102,0.01885728329661508,3.9776113672662974,0.0
2018-05,-0.0132291892579795,0.0001425820346092621,-0.013088493468090823,-0.013088493468090823,0.5882009177134138,0.0017646027531402412,9.464732797204945e-06,0.018489491398957492,0.1321582879045807,0.006471321989635121,3.9255504268672285,-0.013088493468090823
2018-06,0.0709282728277205,0.0,0.07092827282772052,0.07092827282772052,0.602541426224058,0.0018076242786721742,2.2107659333249375e-05,0.028188543016335516,0.18044297122753208,0.00986599005571743,4.203982938543042,0.0
2018-07,-0.0376368706623804,0.0,-0.03763687066238042,-0.03763687066238042,0.12458786971486101,0.000373763609144583,1.6344299134308183e-05,0.03866933461431354,0.24755812015506778,0.013534267115009735,4.045758176418244,-0.03763687066238042
2018-08,0.0276927009487296,0.0,0.027692700948729554,0.027692700948729554,0.056210928031296264,0.0001686327840938888,2.2508800198867473e-05,0.018660218664435315,0.2212730173500914,0.006531076532552359,4.157796147708671,-0.010986436317550252
2018-09,-0.009721598396641,-6.972485923639749e-05,-0.009790645418797594,-0.009790645418797594,0.6264694433253744,0.0018794083299761232,5.669903566471257e-05,0.0246191999425376,0.08798533778857612,0.00861671997988816,4.117088639902813,-0.020669517433946516
2018-10,0.0220400707661724,-8.409042088097785e-06,0.022031476388201465,0.022031476388201465,0.11017256424009979,0.00033051769272029937,3.482081190087721e-05,0.23711733578295688,0.849855617548429,0.0829910675240349,4.207794181060964,0.0
2018-11,-0.0824827043087629,0.007194645031933566,-0.07588149305560488,-0.07588149305560488,0.5891414973328931,0.0017674244919986793,5.881033318517337e-05,0.06546883490518969,0.27351778656126463,0.02291409221681639,3.888500476131372,-0.07588149305560488
2018-12,0.024543576213914,0.00012728477107670777,0.02467398500847029,0.02467398500847029,0.48361721954134473,0.0014508516586240342,6.065120626442788e-05,0.06637303504128098,0.3729621963787603,0.023230562264448345,3.984445278584867,-0.05307980686920888
2019-01,0.0259755082451473,-2.7233214212607493e-05,0.02594756763435435,0.02594756763435435,0.14075681898355996,0.0004222704569506799,4.713519695797186e-05,0.019642452407646116,0.16284584980237155,0.00687485834267614,4.087831941936332,-0.028509531113611764
2019-02,-0.0054398309625626,-6.739009764777926e-06,-0.005446533313253399,-0.005446533313253399,0.7010423285928753,0.002103126985778626,0.00034763046050062177,0.0016536743912333794,0.029171235167302845,0.0005787860369316827,4.065567429085594,-0.03380078631590966
2019-03,-0.0072840713023258,-1.2872371513483749e-05,-0.007296849910567338,-0.007296849910567338,0.04087157005673339,0.00012261471017020018,2.061171157509953e-05,0.006953583811159165,0.07712412801467641,0.0024337543339057075,4.035901593754265,-0.04085099696187078
2019-04,0.0133474982267447,-3.659074302009291e-05,0.013310419088847114,0.013310419088847114,0.026610292131799065,7.98308763953972e-05,9.200240584441758e-06,0.05006212371014449,0.9452238286819501,0.01752174329855057,4.08962113536848,-0.028084321762783526
2019-05,-0.0242798808261722,3.1660724812976326e-06,-0.024276791625553407,-0.024276791625553407,0.02841677593587355,8.525032780762066e-05,7.765971958736407e-07,0.0,0.0,0.0,3.9903382552376803,-0.05167931616095678
2019-06,0.0415598225889219,0.0,0.04155982258892199,0.04155982258892199,0.024309951473941882,7.292985442182564e-05,3.4793730636663023e-06,0.0,0.0,0.0,4.156176005195147,-0.012267276783200942
2019-07,-0.0115636699878609,0.0,-0.011563669987860847,-0.011563669987860847,0.01660639525135052,4.9819185754051564e-05,1.7373908556541918e-06,0.014713753191310129,0.1074151310133308,0.005149813616958545,4.108115357459605,-0.023689092030691028
2019-08,0.0131937761646841,0.000565224496180905,0.013766458106350354,0.013766458106350354,0.011267402873438762,3.3802208620316286e-05,2.4558910055996752e-08,0.074497949885945,0.6984951605782556,0.026074282460080752,4.164669555424127,-0.0102487488173586
2019-09,0.0106160426009014,-1.62738243223437e-05,0.010599596012966783,0.010599596012966783,0.02931594660832456,8.794783982497369e-05,1.3970926147822582e-05,0.010107496027120641,0.12000310715664417,0.003537623609492224,4.208813370239125,0.0
2019-10,-0.0033045829564762,0.0,-0.0033045829564761764,-0.0033045829564761764,0.029013506843449072,8.704052053034721e-05,6.710363986785664e-06,0.0019634569435326124,0.024885134112574515,0.0006872099302364144,4.194904997308844,-0.0033045829564761764
2019-11,0.005022574844257,0.0,0.005022574844256944,0.005022574844256944,0.004096307628822642,1.2288922886467927e-05,9.105639263352893e-08,0.005085006667013618,0.036813356082095704,0.0017797523334547663,4.215974221622375,0.0
2019-12,0.0361483710690695,0.0,0.03614837106906954,0.03614837106906954,0.0018896082701401226,5.668824810420368e-06,1.5769710632940193e-08,0.025039990503850154,0.22070358610221502,0.008763996676347556,4.368374822203212,0.0
2020-01,-0.0065627607357566,0.004700887031439338,-0.0018927245011504112,-0.0018927245011504112,0.05879171863614664,0.00017637515590843993,2.2778050692367338e-05,0.17202683716710077,0.7775434631611496,0.06020939300848527,4.36010669214702,-0.0018927245011504112
2020-02,-0.0114580218093163,0.008142508972792228,-0.003408809881916941,-0.003408809881916941,0.11047236852319049,0.0003314171055695715,5.433436050404865e-05,0.3450340853099071,0.8782715428711307,0.12076192985846748,4.345243917368617,-0.005295082445084143
2020-03,-0.1095935087739399,0.07470572803715503,-0.043075043597888385,-0.043075043597888385,0.6088137133191471,0.0018264411399574415,0.00020162197298759186,0.5176188142626242,1.0,0.18116658499191848,4.158072346184504,-0.04814204013579615
2020-04,0.0567179116235436,-0.0012734927752929837,0.05537218899756846,0.05537218899756846,0.28404603501864856,0.0008521381050559457,6.267440306131383e-06,0.08383286263266565,0.25123696508812104,0.029341501921432974,4.388313914002995,0.0
2020-05,0.0448223373912755,-4.7362910686743476e-06,0.04481738880857056,0.04481738880857056,0.06481243668145913,0.00019443731004437737,1.813292064535617e-05,0.001957462827028034,0.020553359683794355,0.0006851119894598118,4.584986684900928,0.0
2020-06,0.0252302047134972,0.0,0.02523020471349713,0.02523020471349713,0.04140553914558493,0.0001242166174367548,4.417843118714182e-06,0.041478155690531614,0.2730873265025402,0.014517354491686063,4.700666837569637,0.0
2020-07,0.0538369730335423,0.0,0.0538369730335424,0.0538369730335424,0.014974717598394438,4.492415279518332e-05,2.0257492110676566e-06,0.011495732836548972,0.08755544924066964,0.004023506492792139,4.95373651134354,0.0
2020-08,0.0051808822345806,0.0,0.005180882234580686,0.005180882234580686,0.011782451398453112,3.5347354195359334e-05,1.7376870623576207e-06,0.009051252647194826,0.09490163052410433,0.0031679384265181896,4.979401236829953,0.0
2020-09,-0.0052540975549642,0.0,-0.005254097554964199,-0.005254097554964199,0.007361848053643802,2.2085544160931406e-05,3.363083619188773e-07,0.04386861424004191,0.22019029414057614,0.01535401498401467,4.95323897696634,-0.005254097554964088
2020-10,-0.0250188414337224,0.0,-0.02501884143372235,-0.02501884143372235,0.014251154792082804,4.2753464376248415e-05,1.0875597835848238e-06,0.022513923179373167,0.14488793338263767,0.007879873112780607,4.829314676418286,-0.030141487555081503
2020-11,0.0596724553565227,-0.017920066329283002,0.04068305466921962,0.04068305466921962,0.08990951475610863,0.0002697285442683259,4.0995058776702496e-05,0.03992279013591863,0.48023397819007446,0.013972976547571517,5.0257859494138755,0.0
2020-12,0.0780437105963023,-0.00017608211448028044,0.07785388638023827,0.07785388638023827,0.07727292239577255,0.00023181876718731764,3.390295721379855e-05,0.005035535695741877,0.11581732100206318,0.001762437493509657,5.4170629176909415,0.0
2021-01,0.0190049934284955,0.0,0.019004993428495487,0.019004993428495487,0.2197197345186393,0.0006591592035559179,1.3658480065604315e-05,0.05524653537742046,0.34174374534252294,0.019336287382097157,5.520014162843404,0.0
2021-02,0.0125151637492594,-0.0028088476442500454,0.009671162916794707,0.009671162916794707,0.03646766609341483,0.00010940299828024449,2.268964425033053e-05,0.0435739110268414,0.16745563966999952,0.01525086885939449,5.573399119115277,0.0
2021-03,-0.0062067675770717,-0.0001254815375859586,-0.0063314702799186495,-0.0063314702799186495,0.02248168853496234,6.744506560488703e-05,3.012529858192628e-06,0.003014793019310564,0.027139591062270443,0.0010551775567586973,5.538111308234474,-0.0063314702799185385
2021-04,0.0126883983909592,3.102649640762678e-06,0.012691540408254598,0.012691540408254598,0.513975697888423,0.0015419270936652691,8.309932102112337e-05,0.022582647682667965,0.16122805179142433,0.007903926688933787,5.608398471688344,0.0
2021-05,0.0260360305064542,0.0,0.0260360305064542,0.0260360305064542,0.054183944232072845,0.00016255183269621855,2.4337293989613013e-05,0.0576353405587275,0.4425074115240468,0.020172369195554627,5.7544189053895725,0.0
2021-06,0.0249271428957034,0.0,0.024927142895703414,0.024927142895703414,0.010085537702840701,3.02566131085221e-05,2.025626668705649e-06,0.023163207687770405,0.18159713581476292,0.00810712269071964,5.897860127725956,0.0
2021-07,0.0043244918945019,0.0,0.004324491894501792,0.004324491894501792,0.06479714428845629,0.00019439143286536888,3.2241792431864456e-05,0.03144388841083676,0.22022761503385163,0.011005360943792864,5.923365376043212,0.0
2021-08,-0.0138914012646539,0.0004219713501456557,-0.013475291687855329,-0.013475291687855329,0.13488908671018304,0.00040466726013054915,6.593116424264873e-05,0.03914823468471796,0.3476323288127992,0.013701882139651284,5.843546299827287,-0.013475291687855218
2021-09,0.0268704382423538,-2.479753640916016e-05,0.02684497438527389,0.02684497438527389,0.08974979078426433,0.000269249372352793,2.5162232409252193e-05,0.002688824236759811,0.03803717799320738,0.0009410884828659337,6.000416150565313,0.0
2021-10,0.0238886173025204,0.0,0.023888617302520343,0.023888617302520343,0.04695157382354651,0.00014085472147063954,2.5079919363708682e-05,0.03132986742139733,0.21696253879457356,0.010965453597489063,6.1437577956420295,0.0
2021-11,-0.0431940667716415,0.0,-0.043194066771641504,-0.043194066771641504,0.10186912313038486,0.0003056073693911546,4.30885536563031e-05,0.015159596264549395,0.26769117171383355,0.005305858692592287,5.8783839111882745,-0.043194066771641504
2021-12,0.041806715071892,-0.004487850677871386,0.03713124209944563,0.03713124209944563,0.1547930152631537,0.0004643790457894611,7.274815256147193e-05,0.05199451769039047,0.40992807209583004,0.018198081191636663,6.096655607348093,-0.007666674022753228
2022-01,0.0381696456592705,-0.00013461659591118558,0.03802989079559338,0.03802989079559338,0.24272149243881308,0.0007281644773164393,0.00010787647893660604,0.07106185289360024,0.5163645150772089,0.024871648512760084,6.328510754313883,0.0
2022-02,0.056386613470309,-0.00038476359273420524,0.05598015436159387,0.05598015436159387,0.19145442068906499,0.0005743632620671949,7.509915515258836e-05,0.05155118886387754,0.19446640316205516,0.018042916102357136,6.682781763219381,0.0
2022-03,0.0178232511566931,-0.000242947670272331,0.01757597336907568,0.01757597336907568,0.054266589928417736,0.0001627997697852532,3.2688095369429574e-05,0.08291781768851238,0.3314205160661143,0.029021236190979332,6.80023815752107,0.0
2022-04,0.0177625872742169,9.971657735086126e-07,0.017763602152234492,0.017763602152234492,0.18980115130355057,0.0005694034539106517,0.00010919293498561383,0.015394556905834852,0.10159094118217933,0.005388094917042198,6.9210348826917185,0.0
2022-05,0.0456975430370914,0.0,0.04569754303709139,0.04569754303709139,0.06815028306401379,0.00020445084919204137,1.1849767246631115e-06,0.008288396829421516,0.08027433263526246,0.00290093889029753,7.237309172104734,0.0
2022-06,-0.0293723997608935,0.0,-0.029372399760893453,-0.029372399760893453,0.16264831686366996,0.00048794495059100985,4.337385152834844e-05,0.14936581810596156,0.6234794216858067,0.05227803633708654,7.024732033908493,-0.029372399760893453
2022-07,-0.0199188270062813,0.00032097166930666887,-0.019604248716129535,-0.019604248716129535,0.13321632680961404,0.0003996489804288421,4.8445231119764346e-05,0.02174273668003944,0.2100308892976344,0.007609957838013805,6.887017439951588,-0.0484008246467208
2022-08,-0.0161481765836359,-1.7989235751803e-05,-0.016165875326032197,-0.016165875326032197,0.3401212598474868,0.0010203637795424604,4.1651145617777884e-05,0.008787804995747831,0.11251759318276823,0.0030757317485117404,6.7756827746491215,-0.063784258275837
2022-09,0.042749352711437,0.0,0.042749352711437094,0.042749352711437094,0.7555408120350431,0.0022666224361051293,0.0001361406622455642,0.06442837918724319,0.48388443485183896,0.022549932715535115,7.065338827443406,-0.02376164131887104
2022-10,-0.0228223021568697,-0.0005845206335292064,-0.023393482683883526,-0.023393482683883526,0.02331285728737334,6.993857186212002e-05,5.65031516821346e-06,0.10401802849942714,0.6265951370250287,0.036406309974799496,6.900055945927838,-0.04659925645802088
2022-11,-0.011740189879674,-1.6637206323499854e-05,-0.011756631762036118,-0.011756631762036118,0.011102129637756718,3.3306388913270155e-05,8.88019956042685e-06,0.0,0.0,0.0,6.818934529034117,-0.05780803792149547
2022-12,0.0115814820413921,0.0,0.0115814820413922,0.0115814820413922,0.02062208904773737,6.186626714321211e-05,6.501711901184537e-07,0.00879579534080198,0.09671628991151807,0.003078528369280693,6.897907896823554,-0.04689605863313917
2023-01,0.0334414819093152,-1.2347928928679863e-05,0.03342872104734451,0.03342872104734451,0.021356033151269844,6.406809945380954e-05,6.018381476915136e-06,0.004751229209212349,0.04742246555272345,0.0016629302232243222,7.128496135716744,-0.015035012848061746
2023-02,0.0096361506330656,2.3051763233805644e-06,0.009638478022415242,0.009638478022415242,0.08458829840450731,0.00025376489521352193,3.268586556642805e-06,0.0015383410053667113,0.027692407264628828,0.000538419351878349,7.197203989053722,-0.005541449466549331
2023-03,0.0725441540236754,3.3149048683789317e-07,0.0725445095618591,0.0725445095618591,0.06762402220932578,0.00020287206662797735,1.5982941208089796e-05,0.04890435159415905,0.48990493957130804,0.017116523057955666,7.719321622656279,0.0
2023-04,0.0359192423019202,0.0,0.03591924230192012,0.03591924230192012,0.06495868694341052,0.00019487606083023155,1.1801868039524543e-05,0.005868955628663033,0.05345643515216949,0.0020541344700320614,7.9965938064269215,0.0
2023-05,-0.0037412877252895,0.0,-0.003741287725289477,-0.003741287725289477,0.6251070803682948,0.0018753212411048844,0.0003080688755247762,0.011876037367202668,0.09282144089027963,0.0041566130785209345,7.966676248174811,-0.003741287725289477
2023-06,-0.0167627092236385,0.0,-0.01676270922363854,-0.01676270922363854,0.02345426567670874,7.036279703012623e-05,6.1627489036704955e-06,0.0019798281041994176,0.025619630451187002,0.000692939836469796,7.833133170747789,-0.02044128283066693
2023-07,0.0087180982367978,0.0,0.008718098236797811,0.008718098236797811,0.024138155126203573,7.241446537861072e-05,1.3732538380544946e-05,0.10048900744372972,0.4097458258761107,0.0351711526053054,7.901423195232288,-0.011901393705673002
2023-08,-0.0027970374035665,0.0,-0.0027970374035665158,-0.0027970374035665158,0.018653208778931805,5.595962633679542e-05,4.6312548494091e-06,0.06673942555153443,0.44023246264246096,0.02335879894303705,7.8793226190138155,-0.014665142465890235
2023-09,-0.0319346340030398,0.0,-0.03193463400303975,-0.03193463400303975,0.010502289764633214,3.150686929389964e-05,3.0015216433256497e-06,0.050233188074468985,0.3441509268195797,0.017581615826064143,7.6276993349837365,-0.04613145051167933
2023-10,-0.0057113269456178,0.0027721877718460686,-0.0029549720444914662,-0.0029549720444914662,0.026823064086836046,8.046919226050814e-05,9.049073086652676e-06,0.11549827509081592,0.2912347170772612,0.04042439628178557,7.605159696685074,-0.048950105409536926
2023-11,0.0566045320126599,-0.0006525076838619359,0.05591508943671819,0.05591508943671819,0.04187787594382921,0.00012563362783148764,1.1806126645280912e-05,0.006215934761139617,0.07323999986753435,0.0021755771663988653,8.030402881305744,0.0
2023-12,0.0508189605887146,1.9105544671882413e-05,0.05083903705730819,0.05083903705730819,0.012439204339139183,3.731761301741755e-05,2.45263936969814e-06,0.02282857440971999,0.1459926295239431,0.007990001043401997,8.43866083097356,0.0
2024-01,-0.0270690759419669,0.0013479036250416687,-0.025757658822514018,-0.025757658822514018,0.025922425992675746,7.776727797802724e-05,9.612555288653763e-06,0.03676536036789846,0.34460814803276313,0.012867876128764458,8.221300684370432,-0.025757658822513907
2024-02,0.0357895981221486,-0.0002702015241051736,0.035509726194083546,0.035509726194083546,0.05105770761833871,0.00015317312285501614,1.0466864541478578e-05,0.0013032492735222101,0.022625151740013873,0.00045613724573277366,8.513236820631658,0.0
2024-03,0.0669336959962983,1.437555308880789e-05,0.06694903375828742,0.06694903375828742,0.00839521809354826,2.5185654280644783e-05,1.5542860355230726e-06,0.00679148714089652,0.04371725041621517,0.0023770204993137822,9.083189799928421,0.0
2024-04,-0.0176236195212317,0.0,-0.017623619521231704,-0.017623619521231704,0.22676851810309145,0.0006803055543092743,1.3670243512456743e-05,0.1496233579781523,0.825241168007808,0.0523681752923533,8.92311111885535,-0.017623619521231815
2024-05,0.0015138521782385,0.0,0.0015138521782385173,0.0015138521782385173,0.04608339717637803,0.00013825019152913408,7.378462241784178e-06,0.0108156731653073,0.17307764866727662,0.003785485607857555,8.936619390059292,-0.016136446897794032
2024-06,0.0477459093888989,-0.0021181901650590973,0.045526584308150486,0.045526584308150486,0.02461311733163263,7.383935199489789e-05,2.1751905485888373e-05,0.026032203229542833,0.1800204947447753,0.009111271130339991,9.343473146150679,0.0
2024-07,0.0203481531566184,-3.0874166405348014e-05,0.02031665075794642,0.02031665075794642,0.05400456043648197,0.00016201368130944592,4.177456619179898e-06,0.030192275552697198,0.27537399919405814,0.010567296443444018,9.533301226927273,0.0
2024-08,-0.051664877613806,-0.004487766272288529,-0.05592078399087741,-0.05592078399087741,0.5301309739363973,0.0015903929218091918,0.0002325333773982742,0.3287773845371518,1.0,0.11507208458800312,9.000191548296307,-0.05592078399087741
2024-09,-0.0314533143528685,-0.00011369150482154478,-0.03156342988304961,-0.03156342988304961,0.07398458378722722,0.00022195375136168166,4.9867540967781484e-05,0.18475120045222435,0.4532173781178299,0.06466292015827851,8.71611463342764,-0.08571916212942576
2024-10,0.0203572133141766,0.008910043852691674,0.029448640830216144,0.029448640830216144,0.058606408065667456,0.00017581922419700237,3.309489201351093e-05,0.09088538807728813,0.2893280632411069,0.03180988582705084,8.972792362702442,-0.05879483411702613
2024-11,-0.0217384838227899,-0.0001611705077829706,-0.021896150728096697,-0.021896150728096697,0.09825533711206656,0.0002947660113361997,4.050599235468444e-05,0.03375337501231835,0.24453717189234364,0.01181368125431142,8.776322748676796,-0.07940360429526294
2024-12,-0.005232443520276,0.0003061053387047874,-0.004927939860467245,-0.004927939860467245,0.24693055797871546,0.0007407916739361464,7.008311261827549e-06,0.04917837061455228,0.16817033726807343,0.017212429715093295,8.733073557975265,-0.08394024796905886
2025-01,0.0353736145430958,-2.909126208705537e-06,0.035370602510578,0.035370602510578,0.018686760875101648,5.606028262530494e-05,5.349112648673243e-06,0.005909163084466463,0.02718215018854573,0.0020682070795632617,9.041967631490047,-0.051538662604033725
2025-02,0.0251690700006486,-6.434564230628492e-05,0.025103104838366974,0.025103104838366974,0.056100941546199774,0.00016830282463859932,2.0540510887206986e-08,0.028635003025989748,0.19014846724490464,0.01002225105909641,9.268949092888462,-0.027729338216245125
2025-03,0.0385171504258833,0.002532922682548344,0.0411476340724124,0.0411476340724124,0.036072168411464677,0.00010821650523439403,1.4478435531596307e-05,0.038012533079944795,0.15020527120078997,0.013304386577980679,9.650344418398456,0.0
2025-04,0.0058084803636841,-0.0005075693720766328,0.0052979627848765976,0.0052979627848765976,0.04186624983629851,0.00012559874950889553,2.192563409681292e-05,0.2539532862059472,0.7510800607191646,0.08888365017208152,9.701471583988372,0.0
2025-05,0.0295873062653647,-0.00030689562987751273,0.029271330420494346,0.029271330420494346,0.08957453398829376,0.0002687236019648813,4.345166520738614e-05,0.0007143838128974112,0.012217066418162715,0.00025003433451409394,9.985446564288333,0.0
2025-06,0.0697928878974832,0.0,0.06979288789748317,0.06979288789748317,0.016076514746158885,4.8229544238476654e-05,2.356045687021635e-06,0.017466591379634848,0.11541501976284566,0.006113306982872196,10.682359716956016,0.0
2025-07,0.0288892946797704,0.0,0.028889294679770305,0.028889294679770305,0.03764737850516969,0.00011294213551550908,6.517722532932646e-06,0.013458878751081293,0.12759587245679893,0.0047106075628784525,10.990965554694466,0.0
2025-08,0.0063971136527143,0.0,0.006397113652714337,0.006397113652714337,0.006139597148409087,1.8418791445227262e-05,3.405434618253545e-07,0.02782971909646705,0.26837701490898147,0.009740401683763465,11.061276010500915,0.0
2025-09,0.0969826171878408,0.0,0.09698261718784074,0.09698261718784074,0.004820224823384948,1.4460674470154844e-05,5.731145172225283e-07,0.019462063964334836,0.19381424447080595,0.006811722387517192,12.134027507436372,0.0
2025-10,0.1669875332392058,-0.042806726104995474,0.11703261753589089,0.11703261753589089,0.44594284167625475,0.0013378285250287643,0.00012503020363410132,0.28982043382900413,0.9367588932806323,0.10143715184015144,13.554104507884151,0.0
2025-11,-0.0015500099552836,0.004026829281312372,0.002470577700554477,0.002470577700554477,0.27087829416968534,0.0008126348825090561,6.726811875784348e-05,0.3266624734169027,0.8295126920685036,0.11433186569591594,13.587590976232315,0.0
2025-12,0.047429724330383,-0.00011020899484825986,0.04731428815329042,0.04731428815329042,0.3013464833382021,0.0009040394500146062,7.123522845943342e-05,0.002563869639524335,0.03918688327336724,0.0008973543738335171,14.23047817099082,0.0
2026-01,0.1102094551031322,0.0,0.11020945510313229,0.11020945510313229,0.5137841735258007,0.0015413525205774023,0.0002914230855061457,0.10517457855859459,0.3393571997946792,0.0368111024955081,15.798811416072736,0.0
2026-02,0.1271880106981654,-0.00255284513553089,0.12431047426822572,0.12431047426822572,0.11939415937216286,0.0003581824781164886,3.0465782968767563e-05,0.43882861736582646,0.8002926661458747,0.15359001607803924,17.762769156078996,0.0
2026-03,-0.0584332008092723,0.003295361046464107,-0.055330398256575264,-0.055330398256575264,0.35914520846406434,0.001077435625392193,0.00024454497100522254,0.3941865805894203,0.898508223853254,0.1379653032062971,16.779948064533535,-0.05533039825657515
2026-04,0.0398581419276583,-0.004758190811848473,0.03491029847111227,0.03491029847111227,0.347565779255438,0.001042697337766314,7.44467790567488e-05,0.05319274039167133,0.24189723320158102,0.01861745913708496,17.365741059796164,-0.022351700503125405
2026-05,-0.0019380811641931,2.704894701022198e-05,-0.0019110846402375925,-0.0019110846402375925,0.06793607849175679,0.00020380823547527037,2.777340199029402e-05,0.2416376353611412,0.46731730282817424,0.08457317237639941,17.332553658790445,-0.024220069151848267
2026-06,-0.0930305433494732,0.0053227046830652824,-0.08820301277516218,-0.08820301277516218,0.22491753012821622,0.0006747525903846486,9.409128705417769e-05,0.41110199059395547,0.7181248174795748,0.14388569670788443,15.803770206997967,-0.1102867988581947
2026-07,0.0029117508432226,-0.004089004600833279,-0.001189159920205074,-0.001189159920205074,0.3082926361466725,0.0009248779084400176,0.00012774810548564548,0.1338877310842835,0.35256916996047416,0.04686070587949922,15.784976996879674,-0.11134481013746989
