target_month,asset_vol_signal_month,gvz_signal_date,gvz_level,gvz_causal_rank,gvz_prior_valid_observations,gvz_active,gvz_gld_variance_multiplier,ovx_signal_date,ovx_level,ovx_causal_rank,ovx_prior_valid_observations,ovx_active,ovx_uso_variance_multiplier,vix6_stress_score,macro_fragility,gld_recent_1m_return,gld_realized_vol_21d,gld_future_realized_vol_1m,gld_future_max_drawdown_1m,gld_future_max_drawdown_3m,gld_future_left_tail_1m,uso_recent_1m_return,uso_realized_vol_21d,uso_future_realized_vol_1m,uso_future_max_drawdown_1m,uso_future_max_drawdown_3m,uso_future_left_tail_1m
2007-04,2007-03,,,,0,False,1.0,,,,0,False,1.0,0.44154815101722783,0.5844202898550726,0.01677937735774382,0.22395647270924135,0.12792960615196394,0.026291061065292887,0.09064812054355076,,0.0757869291395612,0.2817658331298904,0.22360221301009883,0.08344929309840343,0.10871216580900034,
2007-05,2007-04,,,,0,False,1.0,,,,0,False,1.0,0.4955475396676942,0.484187090336912,-0.01855210588422962,0.12569468735551018,0.3517275253163576,0.08322420334112113,0.08322420334112113,,-0.08043351311633418,0.21797970477816972,0.3291448066141077,0.07020507106644702,0.07020507106644702,
2007-06,2007-05,,,,0,False,1.0,2007-05-31,28.44,,14,False,1.0,0.5871695775491049,0.5403711811654051,0.020373075597843515,0.31602231299293015,0.1490933609881204,0.04955282134274641,0.04955282134274641,,-0.00024233263053385912,0.26324733625676006,0.20847158331671672,0.029304029939267506,0.08465598466109558,
2007-07,2007-06,,,,0,False,1.0,2007-06-29,27.44,,35,False,1.0,0.4727490475190912,0.5053424251537459,-0.02604166341920977,0.14909336098812095,0.10235738809150854,0.026475661330805256,0.026475661330805256,,0.06400218623139442,0.20847158331671664,0.2361588976681251,0.036528652907148684,0.08465598466109547,
2007-08,2007-07,,,,0,False,1.0,2007-07-31,30.69,,56,False,1.0,0.6341131253053367,0.5635901967596106,0.027916529754136388,0.10235738809150939,0.15694213487247188,0.01968330972277732,0.040811107216916276,,0.1237995420901219,0.23615889766812498,0.23814758511993167,0.08465598466109558,0.08465598466109558,
2007-09,2007-08,,,,0,False,1.0,2007-08-31,28.86,,79,False,1.0,0.676341430829936,0.533153460094663,0.02538569387966172,0.15104011036967474,0.13811062957468548,0.01385568302536111,0.06104532896886583,,-0.03735934742450142,0.24642878181298028,0.21364432050162724,0.029687333554179407,0.10081781938087953,
2007-10,2007-09,,,,0,False,1.0,2007-09-28,29.32,,98,False,1.0,0.5193018641774033,0.5417626728110598,0.0716986139752378,0.1354962267014722,0.20593594634370144,0.040811107216916165,0.06104532896886583,,0.08300831970608025,0.20400912467877455,0.35655189877751214,0.04162190610419725,0.10790456059453846,
2007-11,2007-10,,,,0,False,1.0,2007-10-31,37.46,,121,False,1.0,0.7818130798505039,0.3443009566617651,0.05801773185992043,0.2001715025040146,0.2955964781517995,0.06104532896886561,0.06104532896886561,,0.16519861455596563,0.3657716929042609,0.32811240809868175,0.10081781938087964,0.10790456059453835,
2007-12,2007-11,,,,0,False,1.0,2007-11-30,37.26,,142,False,1.0,0.6626775724585523,0.44455432567709263,0.01622687023261493,0.29559647815179974,0.24066574683249847,0.028204248648659447,0.05051130589064656,,-0.026797555916185156,0.32811240809868175,0.322647445186816,0.032498355814482904,0.11554756446747272,
2008-01,2007-12,,,,0,False,1.0,2007-12-31,36.35,,162,False,1.0,0.5132411542673639,0.5239532125125346,0.08634531547774382,0.2504676365920665,0.22634451453370621,0.030694495739635896,0.08770699233482848,,0.1257138851229307,0.34125626808296966,0.2593008697835839,0.10404725008978322,0.11554756446747261,
2008-02,2008-01,,,,0,False,1.0,2008-01-31,30.24,,183,False,1.0,0.6374043030072718,0.548243318679785,0.10895704479819779,0.2263445145337066,0.1915128818405559,0.03882485975206473,0.12389691221968846,,-0.05803437557112956,0.25930086978358385,0.29893555361835616,0.04491134514499695,0.0901126063059704,
2008-03,2008-02,,,,0,False,1.0,2008-02-29,34.82,,203,False,1.0,0.587668445200261,0.5565465650109351,0.06178764605587439,0.18921953876407474,0.305201560869406,0.08770699233482837,0.14384529568818194,,0.1278319857998167,0.295682181404427,0.4790378129731944,0.0901126063059704,0.0901126063059704,
2008-04,2008-03,,,,0,False,1.0,2008-03-31,39.32,,223,False,1.0,0.5274413701575932,0.43943954012469855,-0.054461019742220285,0.29827559108778046,0.22442459020263317,0.06659533865318479,0.0878484473061869,,0.030435617840975704,0.4688917757995621,0.21460083103401467,0.02613776698900927,0.10320498187656135,
2008-05,2008-04,,,,0,False,1.0,2008-04-30,38.52,,245,False,1.0,0.4680286725621713,0.4483553933775172,-0.02831896024044145,0.18229035078769726,0.2642508660210561,0.06641773384062422,0.0801800340517127,,0.14632299232551826,0.21688537716962128,0.3565664669831069,0.0630369154555257,0.19061804355585843,
2008-06,2008-05,,,,0,False,1.0,2008-05-30,42.3,0.9850187265917603,266,True,1.9850187265917603,0.5104176318429294,0.33997356026918657,0.05495357915696775,0.2642508660210563,0.30096281873692793,0.038475599697736396,0.19047951297575338,,0.14455534303700257,0.3565664669831069,0.49426226315826005,0.04845444497837914,0.2428455102673004,
2008-07,2008-06,2008-06-30,26.92,,19,False,1.0,2008-06-30,45.11,0.953125,287,True,1.953125,0.6831293231709922,0.572208655541989,0.08300811250381623,0.3009628187369281,0.2240553974977383,0.06676846066381703,0.19047951297575338,,0.16187518574736104,0.4942622631582601,0.4396691165173256,0.19061804355585832,0.31178365665147356,
2008-08,2008-07,2008-07-31,22.94,,41,False,1.0,2008-07-31,47.02,0.9241935483870968,309,True,1.9241935483870969,0.5052696849588909,0.6159812409812411,-0.06538861887495995,0.2221896866820128,0.39188684923728956,0.1382105275817681,0.2750142244516067,,-0.16796555551337844,0.44697779043821734,0.48107066145985566,0.09679333621021302,0.35103239635769845,
2008-09,2008-08,2008-08-29,27.37,,62,False,1.0,2008-08-29,50.22,0.9682779456193353,330,True,1.9682779456193353,0.6021767779138312,0.7298798188320261,-0.02046016723963706,0.3918868492372898,0.4255302618633696,0.10850302819368096,0.27627546706000405,,-0.021786133991893664,0.48107066145985566,0.6445213625726993,0.1743142835985747,0.4130481635615244,
2008-10,2008-09,2008-09-30,48.92,,83,False,1.0,2008-09-30,59.56,0.9957386363636364,351,True,1.9957386363636362,0.6080814217442396,0.6033722826991577,0.1579810943978619,0.4255302618633698,0.8558724163068677,0.2750142244516067,0.27627546706000383,,-0.03870386776072532,0.6445213625726992,0.7881474959012679,0.33370616811012443,0.6253355240239143,
2008-11,2008-10,2008-10-31,55.61,,106,False,1.0,2008-10-31,80.56,0.9853333333333333,374,True,1.9853333333333332,0.8504830122889445,0.825383793986923,-0.11292155918896929,0.8971319798069545,0.4524421565142237,0.03374596316094791,0.13214394637574323,,-0.2771574921918093,0.8199208554054179,0.8147925729979407,0.17482102858349857,0.4761094022041804,
2008-12,2008-11,2008-11-28,48.81,,125,False,1.0,2008-11-28,80.26,0.9555837563451777,393,True,1.9555837563451777,0.587662425438711,0.9471559142611774,0.22346555359402998,0.6270435318037636,0.42213803764082847,0.1018344860288386,0.1018344860288386,,-0.1333986976026409,0.9234850010954104,0.6816458822546202,0.38758197216251833,0.45924610995835846,
2009-01,2008-12,2008-12-31,42.89,,147,False,1.0,2008-12-31,88.93,0.9555288461538461,415,True,1.9555288461538463,0.7572844152837244,0.9436513459757966,0.020511367618518905,0.3433800254973144,0.4332833021770747,0.0562826069095651,0.1716956650962257,,-0.2469845341953777,0.6724378220342778,0.9084002642869377,0.20196538781419537,0.3151035972655487,
2009-02,2009-01,2009-01-30,39.9,,167,False,1.0,2009-01-30,77.1,0.856651376146789,435,True,1.856651376146789,0.6729198918663233,0.9852236504078344,0.09998624303183012,0.42352207993855895,0.339006143172968,0.039959321086545874,0.24578433355028828,,-0.11433894032932213,0.932198564498754,0.6098821811936269,0.17024959101575476,0.1850869920110897,
2009-03,2009-02,2009-02-27,39.06,,186,False,1.0,2009-02-27,68.54,0.798901098901099,454,True,1.798901098901099,0.6184779580046844,0.9600273486404687,0.17410217114253035,0.32832725141525826,0.38222006365052175,0.1558591018333455,0.23791351434503338,,0.014643240762595156,0.5833777785751362,0.698259688444706,0.1337446939732665,0.1850869920110897,
2009-04,2009-03,2009-03-31,31.39,,208,False,1.0,2009-03-31,78.01,0.8647798742138365,476,True,1.8647798742138364,0.6603465368737922,0.9724035114660114,-0.14316297685112922,0.38833785274113036,0.4184457790703139,0.11505157592525961,0.12259185175861664,,-0.03395833718918784,0.666384437533116,0.5191640455643122,0.12278976771054351,0.12278976771054351,
2009-05,2009-04,2009-04-30,26.7,,229,False,1.0,2009-04-30,52.75,0.6937751004016064,497,True,1.6937751004016064,0.5987435409586312,0.9476458694396303,-0.127580985195188,0.4184457790703142,0.17144760272131213,0.02906245923873596,0.06315088407700653,,-0.05075793455720723,0.5191640455643118,0.34929463248494785,0.03938522136804401,0.16350074576131046,
2009-06,2009-05,2009-05-29,28.44,,249,False,1.0,2009-05-29,41.32,0.5048262548262549,517,True,1.5048262548262548,0.7754469721471016,0.9555834089145574,0.09868086112257912,0.2779073192118061,0.1784333864771475,0.04771184436427345,0.06315088407700653,,0.2558567813185719,0.39307171963731563,0.3639651946759064,0.06475104352403038,0.16350074576131046,
2009-07,2009-06,2009-06-30,20.9,0.001838235294117647,271,True,1.0018382352941178,2009-06-30,42.78,0.5212962962962963,539,True,1.5212962962962964,0.5356013526978503,0.8969946119443224,-0.033626207204167424,0.18233084297504673,0.15387919062004288,0.044371629307145555,0.07554321983497014,,0.05661144569436849,0.3619586454712587,0.4214333057522708,0.13982846007568073,0.18447416455528476,
2009-08,2009-07,2009-07-31,20.51,0.05612244897959184,293,True,1.0561224489795917,2009-07-31,45.72,0.5791814946619217,561,True,1.5791814946619218,0.5793765367439363,0.9109027294916147,-0.018967436771355706,0.15642002897725796,0.17448175698251686,0.024796510684597095,0.07554321983497003,,-0.05717770447107562,0.4270002026445406,0.3009403035103439,0.0555116075430474,0.17459406904846142,
2009-09,2009-08,2009-08-31,20.43,0.1,314,True,1.1,2009-08-31,47.09,0.6509433962264151,582,True,1.650943396226415,0.47663381396306337,0.8734805336242731,0.020119062590011394,0.1744817569825176,0.2544984436261687,0.07554321983497025,0.07554321983497025,,-0.01798720242713059,0.3009403035103433,0.46229767809542227,0.1367774706985425,0.1367774706985425,
2009-10,2009-09,2009-09-30,21.54,0.1324404761904762,335,True,1.1324404761904763,2009-09-30,45.23,0.5529801324503312,603,True,1.5529801324503312,0.5110100909362509,0.6685976108656522,-0.016396277138381876,0.2544984436261692,0.21702097538472107,0.030941990751483073,0.09967546583365794,,-0.06914986186223326,0.4622976780954219,0.31486937772456575,0.05176477571290927,0.16403331484693584,
2009-11,2009-10,2009-10-30,21.2,0.15223463687150837,357,True,1.1522346368715084,2009-10-30,41.13,0.4353035143769968,625,True,1.4353035143769968,0.6208937597410227,0.6076223450437286,0.06998365467097356,0.20529137538683462,0.11494579599931845,0.007745508575816795,0.11415172219876779,,0.10771035878445034,0.3181479719901853,0.2503285476456786,0.07377298618974382,0.14379537520979446,
2009-12,2009-11,2009-11-30,26.27,0.414021164021164,377,True,1.414021164021164,2009-11-30,41.17,0.4481424148606811,645,True,1.4481424148606812,0.437161376532362,0.49890528574982335,0.0894494181999903,0.11406026122870606,0.24828693501590832,0.09967546583365783,0.12746075830348647,0.0,-0.02576723374862211,0.2768759441967733,0.25040352923052844,0.09557281052172062,0.11588194763712256,
2010-01,2009-12,2009-12-31,23.71,0.26375,399,True,1.26375,2009-12-31,36.26,0.28817365269461076,667,True,1.2881736526946108,0.3869047445271933,0.5215623176466551,-0.06960159909106489,0.25441505911780066,0.18954753076092506,0.039516095925632655,0.05394646202518183,0.0,-0.0017431056966392688,0.2555994501461427,0.18993744865761297,0.10870166527323577,0.11588194763712256,
2010-02,2010-01,2010-01-29,23.87,0.2828162291169451,418,True,1.2828162291169452,2010-01-29,34.05,0.24963609898107714,686,True,1.249636098981077,0.4755215673485539,0.39155559730441525,-0.002545254253908835,0.18332702878071724,0.23289116401180335,0.052211398614831595,0.052211398614831595,0.0,-0.07593155448518829,0.18235656178173007,0.3245735737585391,0.05735893370319545,0.07889131917870795,
2010-03,2010-02,2010-02-26,21.31,0.1324200913242009,437,True,1.1324200913242009,2010-02-26,32.82,0.22025495750708216,705,True,1.2202549575070822,0.46916697302973437,0.35054812075054576,0.013216330504507878,0.22460435741912685,0.17012076750897479,0.051495342593968596,0.05862348146841101,0.0,0.06995331466683186,0.31438616444141276,0.21932613371575008,0.03064864181666338,0.21149054267134815,
2010-04,2010-03,2010-03-31,18.14,0.01193058568329718,460,True,1.0119305856832972,2010-03-31,29.61,0.11728395061728394,728,True,1.117283950617284,0.3738195129021655,0.27831385015770405,-0.01634885492958893,0.17055361524339002,0.1643096109868492,0.026041406547571477,0.05905786670597657,0.0,0.02841972034808271,0.2117403541842568,0.23154006186394172,0.07889131917870795,0.21149054267134815,
2010-05,2010-04,2010-04-30,20.42,0.1524896265560166,481,True,1.1524896265560165,2010-04-30,30.25,0.16666666666666666,749,True,1.1666666666666667,0.4181018819555672,0.22573887560019798,0.0460454184414143,0.1643096109868499,0.4596896530168224,0.05862348146841079,0.11215381779305156,0.0,-0.0005429308412815415,0.2315400618639411,0.40435216704972893,0.1880564334116821,0.1880564334116821,
2010-06,2010-05,2010-05-28,22.28,0.25796812749003983,501,True,1.2579681274900398,2010-05-28,40.49,0.4850649350649351,769,True,1.4850649350649352,0.5500399626770266,0.1958342423787901,0.12954600586392062,0.448050950599069,0.31181438101587944,0.05905786670597646,0.11215381779305167,0.0,-0.110157459617519,0.39537242791230504,0.3723829881030885,0.07166339567212932,0.13453720777196532,
2010-07,2010-06,2010-06-30,23.46,0.3463740458015267,523,True,1.3463740458015268,2010-06-30,39.5,0.44823232323232326,791,True,1.4482323232323233,0.5118358171401906,0.23055146135457838,0.012399527933277588,0.311784533517405,0.2549846696679281,0.10226222872920865,0.10226222872920865,0.0,0.003178502303787578,0.3782594984890612,0.31505117722671805,0.043959867816197984,0.13463913310719067,
2010-08,2010-07,2010-07-30,18.86,0.05871559633027523,544,True,1.0587155963302752,2010-07-30,31.52,0.1961869618696187,812,True,1.1961869618696186,0.40281600387413874,0.24222619358488917,-0.07958318412828946,0.25498466966792865,0.14896301427379055,0.009713146360668334,0.03471107480618596,0.0,0.031054035825963222,0.31505117722671744,0.2726612736350961,0.130442319214634,0.13463913310719067,
2010-09,2010-08,2010-08-31,19.39,0.12169312169312169,566,True,1.1216931216931216,2010-08-31,34.51,0.3191616766467066,834,True,1.3191616766467065,0.37890707430675297,0.25855777404739433,0.07651773408382812,0.14569012933291162,0.11909552947657925,0.028485141672636605,0.038861754840257445,0.0,-0.08156486790132511,0.2630322363797717,0.2618247979249659,0.05689513055384243,0.07632359150420764,
2010-10,2010-09,2010-09-30,18.65,0.10374149659863946,587,True,1.1037414965986394,2010-09-30,30.04,0.1360981308411215,855,True,1.1360981308411215,0.3857720308009343,0.34375105570757747,-0.0073150931450234324,0.11909552947658038,0.25730583370958987,0.03471107480618596,0.04317364164918924,0.0,0.03206601783617358,0.26182479792496516,0.36965408771888636,0.05395095238614489,0.07632359150420753,
2010-11,2010-10,2010-10-29,21.24,0.2914614121510673,608,True,1.2914614121510672,2010-10-29,32.12,0.2354618015963512,876,True,1.2354618015963512,0.336759665343251,0.31880607537346994,0.020354638255976498,0.2573058337095904,0.2540782877129013,0.038861754840257334,0.10227775343057999,0.0,0.004367884142570944,0.36965408771888586,0.3680727184416244,0.07632359150420764,0.10699435412855629,
2010-12,2010-11,2010-11-30,22.61,0.39206349206349206,629,True,1.392063492063492,2010-11-30,31.89,0.23106904231625836,897,True,1.2310690423162582,0.6068482019031295,0.39190621986335594,0.061668669292267664,0.25407828771290175,0.20332548635477973,0.04317364164918924,0.10227775343057988,0.0,0.055398907477042236,0.3680727184416239,0.23238652366105308,0.03183603737265506,0.11253352247968884,
2011-01,2010-12,2010-12-31,19.53,0.16487730061349692,651,True,1.164877300613497,2010-12-31,29.48,0.12173913043478261,919,True,1.1217391304347826,0.3518005490678859,0.3838229892150813,-0.012246244942527795,0.20826555443259923,0.19317207127387578,0.08809216021262867,0.08809216021262867,0.0,0.03620655556657315,0.21550444211544934,0.30230249641034534,0.08876355391077351,0.09441580494178492,
2011-02,2011-01,2011-01-31,18.33,0.09895833333333333,671,True,1.0989583333333333,2011-01-31,35.18,0.4175531914893617,939,True,1.4175531914893618,0.32356450028976863,0.2760745855483998,-0.061959244988353146,0.18917647713250296,0.11696592579787755,0.010432611403519476,0.03753126247904859,0.0,-0.02035904661824739,0.29811102400859846,0.33255493357409843,0.07732788263418411,0.07732788263418411,
2011-03,2011-02,2011-02-28,15.98,0.015195369030390739,690,True,1.0151953690303908,2011-02-28,39.05,0.5260688216892596,958,True,1.5260688216892597,0.4823311448124028,0.475506870265909,0.06414406020713548,0.11780282296785405,0.12792056184313183,0.02599981966048681,0.05056978972924764,0.0,0.024356326692035912,0.3596377410632475,0.2474490712629813,0.06260482056219863,0.1484995813780492,
2011-04,2011-03,2011-03-31,17.16,0.0469187675070028,713,True,1.0469187675070029,2011-03-31,34.62,0.40122199592668023,981,True,1.4012219959266803,0.3492734591739761,0.3097724130302528,-0.019055932281579202,0.12552315771577074,0.141981827013236,0.014904156679810265,0.05056978972924764,0.0,0.059761030803243465,0.2258964146435809,0.26412847652556565,0.06372586651540191,0.21679991382889452,
2011-05,2011-04,2011-04-29,20.25,0.30994550408719346,733,True,1.3099455040871935,2011-04-29,30.39,0.17864271457085829,1001,True,1.1786427145708582,0.5267275526830861,0.36969996513901837,0.06297438894833984,0.13930641433281044,0.21697845930718898,0.05056978972924764,0.05262555262274604,0.0,0.02477715874308295,0.2600126308596817,0.4571012767485166,0.13344225164152623,0.2029503587502992,0.0
2011-06,2011-05,2011-05-31,16.74,0.05496688741721854,754,True,1.0549668874172184,2011-05-31,33.51,0.35826001955034215,1022,True,1.3582600195503423,0.4616519646582022,0.3678815060908085,-0.00837379220656742,0.2169784593071896,0.15397967394740097,0.04368112409265035,0.08120000124421689,0.0,-0.09570951480712797,0.4571012767485162,0.3059385670792849,0.11680842774790579,0.2355779270295134,0.0
2011-07,2011-06,2011-06-30,15.34,0.009652509652509652,776,True,1.0096525096525097,2011-06-30,31.36,0.22248803827751196,1044,True,1.222488038277512,0.4698506128364458,0.4996893968003766,-0.03769708345789702,0.15769726224601985,0.1845122315701133,0.02156973570342058,0.0936298262560088,0.0,-0.09273385280135493,0.30296178498293835,0.29302407369082634,0.04609811759080584,0.19101147133465068,0.0
2011-08,2011-07,2011-07-29,19.53,0.30614805520702637,796,True,1.3061480552070264,2011-07-29,33.64,0.3807511737089202,1064,True,1.3807511737089202,0.5046472055222658,0.5310486912256343,0.07496576852780223,0.1952472208219442,0.37179210892491654,0.08120000124421678,0.11045383685292831,0.0,0.0261574490150418,0.28762597565458375,0.529011726972492,0.1519938523638804,0.1519938523638804,0.0
2011-09,2011-08,2011-08-31,30.42,0.802439024390244,819,True,1.802439024390244,2011-08-31,44.33,0.7017463235294118,1087,True,1.7017463235294117,0.631294416030155,0.4612871390983979,0.1380293991331667,0.388161138930643,0.36229460321283413,0.09197053698124624,0.10882534724606163,0.0,-0.09291303992565048,0.5459262549331181,0.42960398899837465,0.0609506228335831,0.07580059227734415,0.0
2011-10,2011-09,2011-09-30,37.03,0.8543400713436385,840,True,1.8543400713436387,2011-09-30,55.68,0.8706041478809738,1108,True,1.8706041478809738,0.6886451498507974,0.6133611460430479,0.011606196835401095,0.3622946032128345,0.2715804076641835,0.06513053303833016,0.11635775951866534,0.0,-0.03017540989857359,0.42960398899837404,0.39906464019676474,0.03826470258424186,0.059479861512389154,0.0
2011-11,2011-10,2011-10-31,27.45,0.70707656612529,861,True,1.70707656612529,2011-10-31,43.26,0.6597345132743363,1129,True,1.6597345132743362,0.7073221295186016,0.6982464451162969,-0.04236760191182243,0.27158040766418406,0.23808946730016578,0.05422500404183872,0.11635775951866545,0.0,0.08525207940035884,0.39906464019676396,0.24626883138150235,0.042619119077712875,0.07066102975292776,0.0
2011-12,2011-11,2011-11-30,25.32,0.5973952434881087,882,True,1.5973952434881087,2011-11-30,41.0,0.5760208514335361,1150,True,1.576020851433536,0.5967912685548453,0.7412407438641975,0.05708279122244542,0.23808946730016647,0.2298912639193773,0.1043886826779108,0.1043886826779108,1.0,0.13966198145419906,0.24626883138150113,0.2705667287537271,0.05493483010075262,0.09079575154525066,0.0
2012-01,2011-12,2011-12-30,23.24,0.5038716814159292,903,True,1.5038716814159292,2011-12-30,38.74,0.5034129692832765,1171,True,1.5034129692832765,0.5353249842712401,0.7816140201331951,-0.07893405167145973,0.22989126391937792,0.18568004620608122,0.017518843998504008,0.08276915174105715,0.0,0.02604109924074871,0.27056672875372617,0.24989653690346417,0.07066102975292787,0.09079575154525077,0.0
2012-02,2012-01,2012-01-31,20.93,0.3685064935064935,923,True,1.3685064935064934,2012-01-31,32.31,0.2663590604026846,1191,True,1.2663590604026846,0.5484523870725403,0.8435162359450539,0.06869118590115986,0.18240054339684167,0.2641049311509286,0.053534002579229245,0.09367712578468013,0.0,-0.0532420723289555,0.2445811633406085,0.19711589597727924,0.029989014837108363,0.08420886069968381,0.0
2012-03,2012-02,2012-02-29,22.9,0.5074152542372882,943,True,1.507415254237288,2012-02-29,32.52,0.28094059405940597,1211,True,1.2809405940594059,0.46339796327952454,0.6689131446029661,-0.02533602386718381,0.26299977152812,0.16879456048706312,0.039257624859971973,0.07393690069385628,0.0,0.074713025943141,0.1923175366715689,0.23125330749394554,0.044115278912882694,0.1762582405214408,0.0
2012-04,2012-03,2012-03-30,17.01,0.07453416149068323,965,True,1.0745341614906831,2012-03-30,29.0,0.09481361426256078,1233,True,1.0948136142625609,0.3737798035973007,0.7802155542351621,-0.015336121535654335,0.17002375088726213,0.17345424711336388,0.04102284274979706,0.07160093257860323,0.0,-0.044413523395812726,0.2296220100660154,0.2193830884585964,0.041718832845060505,0.2521420865870665,0.0
2012-05,2012-04,2012-04-30,16.93,0.06947261663286004,985,True,1.06947261663286,2012-04-30,25.15,0.0043859649122807015,1253,True,1.0043859649122806,0.3812444741959332,0.7668530071670365,0.00027103706081144097,0.1708566846330707,0.16658467660225318,0.057910974234131274,0.07338919339746386,0.0,0.017440320676603616,0.21382977395000338,0.2697340286416455,0.15132216399055864,0.2521420865870664,1.0
2012-06,2012-05,2012-05-31,23.11,0.5441468253968254,1007,True,1.5441468253968254,2012-05-31,34.79,0.436128526645768,1275,True,1.436128526645768,0.4555759192251566,0.7095174692240717,0.0012502128136637758,0.1698180394264839,0.3001743967475228,0.06433283688725544,0.07928216689800416,0.0,-0.16467582238928802,0.26988189672103646,0.5301342184032113,0.11879645999779143,0.11879645999779143,0.0
2012-07,2012-06,2012-06-29,19.53,0.2886297376093295,1028,True,1.2886297376093294,2012-06-29,35.0,0.44140323824209715,1296,True,1.4414032382420972,0.44660210472209994,0.7848382898988667,-0.0590397299023262,0.30017439674752333,0.2853590307642733,0.040182725205086034,0.04935030094373649,0.0,-0.06259063146850974,0.5301342184032107,0.43232813713007967,0.06038471231723763,0.10359085981127247,0.0
2012-08,2012-07,2012-07-31,19.51,0.2957142857142857,1049,True,1.2957142857142858,2012-07-31,34.53,0.417298937784522,1317,True,1.417298937784522,0.48878534642768656,0.83971674335173,0.01652826136328156,0.28535903076427394,0.22224349669365098,0.03530953920406188,0.06200586690977539,0.0,0.06476552988464235,0.4323281371300792,0.29986138250029704,0.031985822856043455,0.16610819779714614,0.0
2012-09,2012-08,2012-08-31,17.89,0.16076421248835043,1072,True,1.1607642124883504,2012-08-31,31.4,0.2296793437733035,1340,True,1.2296793437733036,0.5041064592870463,0.8846415904110922,0.058576123084521425,0.22028858393641276,0.23522387326203126,0.0378585973123865,0.08650235202776624,0.0,0.08976759134919621,0.30160745413261963,0.3148074079736797,0.10359085981127258,0.19633424792786192,0.0
2012-10,2012-09,2012-09-28,16.76,0.07371794871794872,1091,True,1.0737179487179487,2012-09-28,32.45,0.3003676470588235,1359,True,1.3003676470588235,0.39009999583290583,0.8702705815032992,0.024442828447623244,0.2347555267335956,0.16311621420043151,0.05876688068684055,0.1290140984865411,0.0,-0.06809165027818198,0.30726607544382495,0.342647788136782,0.09177512800555299,0.12469552659725047,0.0
2012-11,2012-10,2012-10-31,14.99,0.008535489667565139,1112,True,1.0085354896675651,2012-10-31,32.18,0.2809558291093411,1380,True,1.280955829109341,0.4593555935966981,0.8624849840520277,-0.042843917911674856,0.16311621420043265,0.2350655680948149,0.03081022783539078,0.10432276040502686,0.0,-0.08429915818522415,0.34264778813678143,0.3274739731709797,0.058902860774299404,0.06002320795131233,0.0
2012-12,2012-11,2012-11-30,13.24,0.0030864197530864196,1133,True,1.0030864197530864,2012-11-30,27.62,0.05527817403708987,1401,True,1.0552781740370898,0.38372560012935913,0.8588940993396982,-0.036037414989669614,0.23506556809481574,0.18683470528701476,0.06394461735613699,0.09034538013393534,0.0,0.0054569885560906695,0.32747397317097915,0.23647799845112388,0.049962086152767426,0.08824845147939042,0.0
2013-01,2012-12,2012-12-31,14.38,0.02296360485268631,1153,True,1.0229636048526862,2012-12-31,28.45,0.08473980309423347,1421,True,1.0847398030942335,0.5400276805047992,0.8914646172478653,-0.009432976830038853,0.18313477075679072,0.28372915084072003,0.04995728949990241,0.0841601082371709,0.0,0.03568408731242689,0.23349237313046559,0.2527934830839515,0.031152511351576484,0.110653940415262,0.0
2013-02,2013-01,2013-01-31,13.76,0.02297872340425532,1174,True,1.0229787234042553,2013-01-31,22.54,0.0031185031185031187,1442,True,1.003118503118503,0.3849746221533161,0.8136026105382465,0.018145950178203307,0.2837291508407207,0.2466946210853048,0.0730129488472201,0.1778373759726355,0.0,0.05404147287715988,0.2527934830839507,0.2864946434326127,0.08824845147939042,0.11065394041526211,0.0
2013-03,2013-02,2013-02-28,15.79,0.09296482412060302,1193,True,1.092964824120603,2013-02-28,23.61,0.0140218878248974,1461,True,1.0140218878248974,0.4148604124417499,0.8792739960446734,-0.061954694057618,0.23434327779090194,0.2215151325047567,0.032760736189434425,0.17165437606048628,0.0,-0.07090685631930904,0.2718920923951311,0.2945314460372838,0.04130222658077831,0.10577762252767398,0.0
2013-04,2013-03,2013-03-28,12.41,0.0037067545304777594,1213,True,1.0037067545304779,2013-03-28,18.19,0.0016869095816464238,1481,True,1.0016869095816465,0.2887152024867031,0.8311023074635489,0.015541617194128277,0.22350343524498892,0.4842145992379419,0.17165437606048617,0.2347601190683738,0.0,0.06081270956036233,0.2943091056158682,0.34090047825154857,0.10577762252767409,0.10577762252767409,0.0
2013-05,2013-04,2013-04-30,22.09,0.5683656957928802,1235,True,1.5683656957928802,2013-04-30,24.57,0.04188829787234043,1503,True,1.0418882978723405,0.3941438454581441,0.8064630337654728,-0.08151590252600271,0.4938012405114171,0.29121697578076355,0.07071566906318982,0.14972056870126327,0.0,-0.050602447514833004,0.34298922747828664,0.3078787440233725,0.03746549955784084,0.06587179274810984,0.0
2013-06,2013-05,2013-05-31,22.63,0.5894276629570747,1257,True,1.5894276629570747,2013-05-31,24.41,0.050786369593709045,1525,True,1.050786369593709,0.41965936331192466,0.7886730008777469,-0.035474730418526224,0.29517986298066884,0.3356506960627324,0.12247263342279924,0.12247263342279924,1.0,0.023584821825783253,0.3010105149068043,0.2529422244338126,0.03639184106358817,0.06587179274810984,0.0
2013-07,2013-06,2013-06-28,31.84,0.8626760563380281,1277,True,1.862676056338028,2013-06-28,22.37,0.024902975420439843,1545,True,1.02490297542044,0.46942288264498905,0.7951483253588517,-0.09846781917115521,0.33346800186023945,0.22361563840701643,0.036766759593489406,0.104958696921857,0.0,0.06468293904452294,0.2621756126339212,0.23885161749971515,0.06587179274810973,0.09255865867458624,0.0
2013-08,2013-07,2013-07-31,24.99,0.6942307692307692,1299,True,1.6942307692307692,2013-07-31,22.95,0.04017857142857143,1567,True,1.0401785714285714,0.32736818074270263,0.8021766448549678,0.06643622376847924,0.22756457563368432,0.18158259530844909,0.031529712902878204,0.13992147173610392,0.0,0.10142655646065979,0.24161566809767177,0.20607011781695564,0.04448404915249937,0.15860949431417815,0.0
2013-09,2013-08,2013-08-30,24.44,0.670196671709531,1321,True,1.670196671709531,2013-08-30,28.1,0.17138364779874213,1589,True,1.171383647798742,0.35509957117713065,0.8065351085831449,0.03610097477867824,0.18530899147362784,0.28269819486224185,0.08769282418370294,0.15479830832776553,0.0,-0.018332935889949775,0.17857235633454538,0.19981916850857145,0.08282955167748351,0.19412217939425214,0.0
2013-10,2013-09,2013-09-30,23.72,0.6385991058122206,1341,True,1.6385991058122205,2013-09-30,22.98,0.052484472049689444,1609,True,1.0524844720496895,0.44349042810216743,0.8262177093059446,-0.09584330563203147,0.2766440625116072,0.25534650914547846,0.048066861710537534,0.1289569629057522,0.0,-0.06406571398323813,0.19477775992402827,0.1937157553722841,0.08531626383813273,0.13321565059592932,0.0
2013-11,2013-10,2013-10-31,20.57,0.43223443223443225,1364,True,1.4322344322344323,2013-10-31,20.59,0.013165952235150031,1632,True,1.01316595223515,0.41028701059594863,0.7316135780091111,0.0007751163233193914,0.23559525487182617,0.24193805012428163,0.06375859453986488,0.10708887967962333,0.0,-0.07022251897047282,0.18568619481655654,0.22657104367715597,0.05236715693534544,0.08263907454138064,0.0
2013-12,2013-11,2013-11-29,19.33,0.33935018050541516,1384,True,1.339350180505415,2013-11-29,20.0,0.017846339987900785,1652,True,1.0178463399879008,0.37288939299821966,0.7498230570300802,-0.06277374758442333,0.2414789287855844,0.21483019356645489,0.05790993129431976,0.05790993129431976,0.0,-0.030920509701312104,0.22187218817191487,0.14308828402925325,0.020280678270438668,0.08263907454138075,0.0
2014-01,2013-12,2013-12-31,21.65,0.5167140825035562,1405,True,1.5167140825035563,2013-12-31,17.76,0.0062724014336917565,1673,True,1.0062724014336917,0.297145857403382,0.7691057304629534,-0.0172481470881497,0.2148301935664555,0.1768728216629124,0.029129627809457603,0.07247382005237546,0.0,0.029542716186634843,0.1430882840292518,0.20024429568033544,0.06568986516431441,0.06568986516431441,0.0
2014-02,2014-01,2014-01-31,18.62,0.2859145059565522,1426,True,1.2859145059565522,2014-01-31,20.35,0.0415929203539823,1694,True,1.0415929203539822,0.43280930988984656,0.7860855536416629,0.05016942447179984,0.1768728216629132,0.11404268729034453,0.016538776397777455,0.10032868885876056,0.0,0.0312873874777464,0.20024429568033447,0.12433557861213337,0.009229686162564477,0.06632122467586032,0.0
2014-03,2014-02,2014-02-28,16.07,0.11376210235131397,1445,True,1.113762102351314,2014-02-28,18.71,0.022462077012835473,1713,True,1.0224620770128354,0.3465737997792449,0.749293009759523,0.06621997261932577,0.16008409799870402,0.16683823571229628,0.07247382005237546,0.13701331411239848,0.0,0.06159435281847303,0.11896506804885203,0.1640644165898835,0.06006043212649326,0.07134553462150695,0.0
2014-04,2014-03,2014-03-31,17.37,0.20006816632583505,1466,True,1.200068166325835,2014-03-31,19.26,0.03314121037463977,1734,True,1.0331412103746398,0.314802615081866,0.6977025251102975,-0.05266439387749522,0.166838235712297,0.1192248254976667,0.038097081627238794,0.0814175104972259,0.0,-0.029524685107425452,0.16406441658988227,0.16038527405802108,0.042657608363732336,0.04780925690368931,0.0
2014-05,2014-04,2014-04-30,15.52,0.08635752688172044,1487,True,1.0863575268817205,2014-04-30,19.37,0.04470387243735763,1755,True,1.0447038724373576,0.3542166328464199,0.6615413081186892,-0.032570784175409595,0.11922482549766775,0.17334535139661855,0.055571221162377005,0.059766092717412955,0.0,-0.03952564600527464,0.16038527405801986,0.15999189078359857,0.023711981976157315,0.0723366318327201,0.0
2014-06,2014-05,2014-05-30,15.34,0.09045725646123261,1508,True,1.0904572564612327,2014-05-30,15.61,0.0030951041080472708,1776,True,1.0030951041080474,0.4189878655951936,0.724225477979116,-0.037811375658160506,0.17334535139661927,0.1245127504298089,0.00689525289696602,0.04453077167953101,0.0,0.02904864668100582,0.15999189078359724,0.11483441454227454,0.016943203847118005,0.11935644003613222,0.0
2014-07,2014-06,2014-06-30,14.01,0.05065359477124183,1529,True,1.0506535947712419,2014-06-30,16.52,0.01418242491657397,1797,True,1.014182424916574,0.2964565904780431,0.7548344496101599,0.05758194569516051,0.12451275042981,0.15018170289827765,0.036175225926243004,0.08797386955685038,0.0,0.030600304276715784,0.11483441454227267,0.16956995887247017,0.05634814611157757,0.11479544272876752,0.0
2014-08,2014-07,2014-07-31,15.46,0.11759020618556701,1551,True,1.117590206185567,2014-07-31,18.78,0.06126373626373626,1819,True,1.0612637362637363,0.4479093126240596,0.7753422903515012,-0.006368221958850451,0.15329915682353848,0.11134969628491569,0.04352327109208587,0.0930704867447878,0.0,-0.05473604322410486,0.17375663987366063,0.1590669737280619,0.06679306640453919,0.14849911296104035,0.0
2014-09,2014-08,2014-08-29,12.85,0.01621106166560712,1572,True,1.016211061665607,2014-08-29,16.68,0.022813688212927757,1840,True,1.0228136882129277,0.30885253347712516,0.8340197101479427,-0.04016841284549322,0.11134969628491685,0.2202064773295529,0.04859651924174935,0.07674893458958387,0.0,-0.042736043039788174,0.15906697372806058,0.296366583436882,0.043721432466317434,0.23304274122598256,0.0
2014-10,2014-09,2014-09-30,18.83,0.3707653701380176,1593,True,1.3707653701380176,2014-09-30,21.52,0.1439312567132116,1861,True,1.1439312567132116,0.31163344982727165,0.8009834661703821,-0.004164706241697513,0.22020647732955345,0.16234546307151926,0.06773821581097783,0.07674893458958376,0.0,0.021532675714626803,0.2963665834368812,0.18598825658783236,0.11758933713173558,0.3890882516541626,0.0
2014-11,2014-10,2014-10-31,21.54,0.5742115027829313,1616,True,1.5742115027829313,2014-10-31,30.52,0.37851458885941647,1884,True,1.3785145888594164,0.2791156594691638,0.7949302144439134,-0.03865828307891095,0.16485521704650172,0.34654699003631906,0.04509511432641544,0.060917564373064614,0.0,-0.12046718238704301,0.18263000213625993,0.457255416368614,0.13320151308580885,0.45028774466287735,0.0
2014-12,2014-11,2014-11-28,25.17,0.7551955990220048,1635,True,1.755195599022005,2014-11-28,36.44,0.6441701680672269,1903,True,1.644170168067227,0.30188681362213987,0.8637783919519896,0.04847409864133123,0.3389713704388248,0.24092207219356393,0.060917564373064725,0.060917564373064725,0.0,-0.14100027177212582,0.43399017508023363,0.3930083601237627,0.22180860644487355,0.37764139521901696,1.0
2015-01,2014-12,2014-12-31,20.08,0.4689384800965018,1657,True,1.4689384800965017,2014-12-31,50.24,0.8964174454828661,1925,True,1.8964174454828662,0.33141979607639066,0.8112287905892558,-0.006880079417131757,0.22330753512710816,0.23180422221808386,0.03346606234255567,0.09298530549082973,0.0,-0.20728701456620724,0.3883303614855865,0.5660060082911308,0.20045277908214187,0.20045277908214187,0.0
2015-02,2015-01,2015-01-30,19.65,0.4368295589988081,1677,True,1.436829558998808,2015-01-30,58.62,0.9306269270298048,1945,True,1.9306269270298047,0.3504019351141867,0.8245511624664399,0.08846675591268771,0.23808838679188538,0.16267152428860085,0.059883944349756635,0.10579558208000661,0.0,-0.07406827471006283,0.5521707091942992,0.5670055801610894,0.09019242651590231,0.18031204959385672,0.0
2015-03,2015-02,2015-02-27,15.91,0.15203299941072482,1696,True,1.1520329994107248,2015-02-27,55.85,0.9122137404580153,1964,True,1.9122137404580153,0.41748570269409957,0.8719678277962574,-0.04381923349110961,0.20876784658413314,0.16943730879926588,0.0377003832166658,0.052232318697785884,0.0,-0.014664963810379184,0.6033186665949447,0.47044957897786444,0.14259576224667125,0.14259576224667125,0.0
2015-04,2015-03,2015-03-31,16.34,0.18091913903432227,1718,True,1.1809191390343223,2015-03-31,53.72,0.8945646703573226,1986,True,1.8945646703573225,0.33707082308430275,0.7821659679386187,-0.009413822629527946,0.17272128645270315,0.1585749419147747,0.052232318697785884,0.052232318697785884,0.0,-0.055425253086851534,0.47950858821842884,0.38056383639985,0.05314517486043924,0.06017824623629564,0.0
2015-05,2015-04,2015-04-30,16.76,0.2221264367816092,1739,True,1.2221264367816091,2015-04-30,36.28,0.6073207171314741,2007,True,1.607320717131474,0.34003893393908385,0.812437591345469,-0.047079952049569496,0.1585749419147755,0.13728479242921102,0.024112101978144618,0.062389536916024335,0.0,0.15955936019966432,0.38056383639984936,0.3278347372065945,0.06017824623629564,0.20978200568050942,0.0
2015-06,2015-05,2015-05-29,13.99,0.05653409090909091,1759,True,1.056534090909091,2015-05-29,33.74,0.5266272189349113,2027,True,1.5266272189349113,0.48508365658163677,0.8007925043763194,0.057731101645791316,0.1424467747092897,0.1370875629033358,0.03235294834271529,0.062389536916024446,0.0,0.03687705230700722,0.32989663046953993,0.24881851229380256,0.05624536952215675,0.3545843260587487,0.0
2015-07,2015-06,2015-06-30,15.34,0.13468013468013468,1781,True,1.1346801346801347,2015-06-30,32.43,0.45390243902439026,2049,True,1.4539024390243902,0.32610896017731056,0.8361923804641664,-0.019827765333352843,0.13994652549137768,0.14094341503744662,0.04860478662193224,0.05117656496080625,0.0,-0.034973054258616965,0.25370675077007726,0.3412823012636039,0.17894149105880408,0.3293951356424959,1.0
2015-08,2015-07,2015-07-31,16.79,0.2433481152993348,1803,True,1.2433481152993349,2015-07-31,38.82,0.6706081081081081,2071,True,1.6706081081081081,0.4284987570735204,0.9042501704158146,-0.027862080254471344,0.14400088929712015,0.17981934307802824,0.035466364688900964,0.05562682578376654,0.0,-0.1845379768736698,0.330258973494405,0.5585422257783108,0.18324351181465826,0.18324351181465826,0.0
2015-09,2015-08,2015-08-31,19.34,0.44602739726027396,1824,True,1.446027397260274,2015-08-31,54.37,0.9051600573339704,2092,True,1.9051600573339704,0.48466051325479553,0.922154918991032,0.06286728691599253,0.179819343078029,0.16195360040389317,0.031434228237133044,0.11863287978893033,0.0,0.026604690550888543,0.5585422257783104,0.456460106413281,0.09213031800788984,0.20280246575573135,0.0
2015-10,2015-09,2015-09-30,17.47,0.29658721560130014,1845,True,1.2965872156013,2015-09-30,45.52,0.7987228003784295,2113,True,1.7987228003784295,0.6454878749458767,0.8979634577944369,-0.021784119694959525,0.1619536004038939,0.1573294504501808,0.04649512060883354,0.11129695184158783,0.0,-0.018922799173013538,0.4564601064132805,0.38068664183582973,0.1592670889122384,0.3227253597499411,0.0
2015-11,2015-10,2015-10-30,15.39,0.13677730192719487,1867,True,1.136777301927195,2015-10-30,41.95,0.7230805243445693,2135,True,1.7230805243445693,0.48591641322161827,0.8934105250490472,-0.0228102794163646,0.15800683748165825,0.17025149703784162,0.06796171958147879,0.06796171958147879,0.0,-0.06695862206207026,0.3868520117931926,0.32881771624429307,0.14108734236278353,0.42793440174930686,0.0
2015-12,2015-11,2015-11-30,16.91,0.258739406779661,1887,True,1.258739406779661,2015-11-30,48.14,0.8538961038961039,2155,True,1.853896103896104,0.4872140630242729,0.8552427610541795,-0.04258614531850713,0.16659795450046158,0.18858741402192397,0.0313068205574647,0.0313068205574647,0.0,-0.1057590605765032,0.32472571457906424,0.4195666472066434,0.1621999276463677,0.36718525019512305,0.0
2016-01,2015-12,2015-12-31,14.99,0.1099476439790576,1909,True,1.1099476439790577,2015-12-31,46.57,0.816574839302112,2177,True,1.816574839302112,0.326563814365021,0.893544704669318,0.021926321870052945,0.19206173533889995,0.1531839818036775,0.020103254490557165,0.09265287537635158,0.0,-0.11654159051354918,0.428053434976583,0.6738402752826539,0.2315929493877663,0.2659058185476575,0.0
2016-02,2016-01,2016-01-29,15.73,0.15863141524105753,1928,True,1.1586314152410575,2016-01-29,61.86,0.9378698224852071,2196,True,1.9378698224852071,0.381080420885429,0.9098156865142877,0.07118174060324489,0.1485333590807338,0.21774459178250463,0.019156248697707934,0.09975318033931213,0.0,-0.14699542461365034,0.6464673570344052,0.6982015965830787,0.18416268210949305,0.18416268210949305,0.0
2016-03,2016-02,2016-02-29,22.59,0.6859928168291431,1948,True,1.6859928168291431,2016-02-29,60.01,0.9258006314839874,2216,True,1.9258006314839875,0.4664272502583586,0.8931944898353179,0.13169347022023992,0.21261105412509199,0.24451358386107988,0.0926528753763517,0.09975318033931224,1.0,-0.015611582545233205,0.6806639953462157,0.46576138684755963,0.10842106373802773,0.1613169980447624,0.0
2016-04,2016-03,2016-03-31,18.45,0.40157280568239473,1970,True,1.4015728056823948,2016-03-31,45.91,0.7865118356409111,2238,True,1.786511835640911,0.3134456802858959,0.8740580739958204,-0.09784496250554742,0.24921993007280105,0.1624212684684239,0.02922359643538941,0.05279479888919503,0.0,-0.03298299582513975,0.47492104127900775,0.38747790242162145,0.05932838042193522,0.09431055312874514,0.0
2016-05,2016-04,2016-04-29,20.23,0.5454317269076305,1991,True,1.5454317269076305,2016-04-29,42.52,0.702433628318584,2259,True,1.702433628318584,0.34749454335225016,0.8809805671836534,0.06838988355931463,0.16242126846842467,0.1866038558905725,0.05279479888919503,0.056700629457383744,0.0,0.19677741637646085,0.3874779024216208,0.31106048790380725,0.04830035942482669,0.23919283350951148,0.0
2016-06,2016-05,2016-05-31,15.83,0.16368604073522106,2012,True,1.163686040735221,2016-05-31,38.08,0.5927224901359053,2280,True,1.5927224901359054,0.3474480412469354,0.837263122261234,-0.026422930844375414,0.18660385589057318,0.26017795113232783,0.04830587878967629,0.07480993871062469,0.0,0.07427376539544639,0.31106048790380647,0.37779855891479885,0.09431055312874503,0.2812867549399376,0.0
2016-07,2016-06,2016-06-30,18.5,0.4113022113022113,2034,True,1.4113022113022113,2016-06-30,38.09,0.5903169778549717,2302,True,1.5903169778549717,0.41421363941785244,0.8172202926554879,0.06698288944797537,0.26293855888943035,0.17016736471529675,0.05670062945738363,0.08806283097562206,0.0,-0.03906361755397336,0.38711194383507574,0.39964188551002594,0.19494649052427182,0.23948847260296413,1.0
2016-08,2016-07,2016-07-29,15.8,0.15693430656934307,2054,True,1.1569343065693432,2016-07-29,41.08,0.6597072750753337,2322,True,1.6597072750753337,0.48724499956316786,0.8452223596969246,-0.029001476962329353,0.1672170488539047,0.1354598419175621,0.03684333894486713,0.08691613984035818,0.0,-0.19488795550161697,0.39593178760825437,0.40948845370190406,0.07699476995423904,0.1068802472264202,0.0
2016-09,2016-08,2016-08-31,16.01,0.18262752646775746,2077,True,1.1826275264677575,2016-08-31,39.5,0.6212702472293266,2345,True,1.6212702472293266,0.3562267423923956,0.7698998262527484,-0.026411227822333072,0.13734309620173324,0.13530701875301912,0.03231272036710864,0.08315231678345658,0.0,0.06353643226214456,0.3825372507140476,0.34498161996675,0.05922501684555481,0.1320444069203156,0.0
2016-10,2016-09,2016-09-30,13.88,0.05121486422105764,2098,True,1.0512148642210577,2016-09-30,39.31,0.6123785382340515,2366,True,1.6123785382340516,0.48321617038611436,0.8014873177474804,-0.005871606609583413,0.13530701875302,0.18110791855446226,0.044153027492692565,0.11081278656712246,0.0,0.07146737456607766,0.34498161996674925,0.29538616935992684,0.0791819820428541,0.13204440692031572,0.0
2016-11,2016-10,2016-10-31,18.13,0.40306603773584904,2119,True,1.403066037735849,2016-10-31,40.96,0.6589195979899497,2387,True,1.6589195979899496,0.5107821693431976,0.8007004073720715,0.016503457808760613,0.18110791855446287,0.1681589074714796,0.08315231678345647,0.11081278656712223,0.0,0.0007172548932625755,0.295386169359926,0.4503797377501812,0.0746574962124078,0.08736225836297229,0.0
2016-12,2016-11,2016-11-30,19.18,0.4852872489490892,2140,True,1.4852872489490891,2016-11-30,44.25,0.7453300124533001,2408,True,1.7453300124533002,0.4004020571807366,0.7853513939760673,-0.06765551386342394,0.16815890747148032,0.14201742534274844,0.036813323246869256,0.03964886625166297,0.0,0.0952631025231867,0.45037973775018064,0.26528552671924077,0.03583148086908339,0.1064604208231461,0.0
2017-01,2016-12,2016-12-30,16.23,0.21739130434782608,2161,True,1.2173913043478262,2016-12-30,30.83,0.3172839506172839,2429,True,1.317283950617284,0.30103582365777976,0.7607975146493262,0.007357947487856231,0.14201742534274933,0.20948412887890253,0.039648866251663084,0.043780872757558376,0.0,0.08058154188566191,0.26528552671924005,0.2659971783488222,0.08353848682059117,0.2088868023360161,0.0
2017-02,2017-01,2017-01-31,15.27,0.13588450962419799,2181,True,1.135884509624198,2017-01-31,31.33,0.33938775510204083,2449,True,1.3393877551020408,0.531557756718656,0.7360758353556667,-0.0006990971537741419,0.20801980424951466,0.12930314340727783,0.02004865775619269,0.033357867392207696,0.0,-0.08928300211898665,0.25928178699920956,0.2022412845998749,0.04403972180450699,0.1571527470283005,0.0
2017-03,2017-02,2017-02-28,14.3,0.06905951840072694,2200,True,1.069059518400727,2017-02-28,25.46,0.17395706763872013,2468,True,1.17395706763872,0.33014655170466567,0.6175750760422047,0.01779942212846386,0.12925838723978003,0.13754995477783588,0.032419114289260476,0.0604604166657704,0.0,-0.0030463389558290643,0.19246436815233342,0.2968437957155554,0.1409192220833546,0.17612230628395154,0.0
2017-04,2017-03,2017-03-31,12.41,0.009217625899280575,2223,True,1.0092176258992807,2017-03-31,27.59,0.21368378812199038,2491,True,1.2136837881219904,0.4066099171215336,0.6219531081663434,-0.013123808737559695,0.14021712694548488,0.10565727222118916,0.026213673052643993,0.0604604166657704,0.0,-0.09488009292965816,0.3070618986258109,0.22521536984757815,0.09478741647720057,0.22103849768887318,0.0
2017-05,2017-04,2017-04-28,11.6,0.0033437360677663844,2242,True,1.0033437360677664,2017-04-28,28.55,0.2411389884508164,2510,True,1.2411389884508164,0.43442706641744616,0.5127342357048308,0.031406692743003006,0.11402921162218609,0.13222949977996382,0.0384284393326757,0.04214869633747176,0.0,-0.022868207003832963,0.22527797498274993,0.3608492477659635,0.07374353102216469,0.16640645977175472,0.0
2017-06,2017-05,2017-05-31,11.82,0.008167770419426049,2264,True,1.008167770419426,2017-05-31,32.29,0.39814449269640745,2532,True,1.3981444926964075,0.42116790728739356,0.5793770297475029,-0.0149628037716254,0.13478301577155144,0.11750226871325604,0.02901445223333643,0.04214869633747165,0.0,-0.03204071322177149,0.3696666515321948,0.3242413961060916,0.11231338049395956,0.11231338049395956,0.0
2017-07,2017-06,2017-06-30,11.0,0.0019676432006996065,2286,True,1.0019676432006996,2017-06-30,28.7,0.24129158512720156,2554,True,1.2412915851272015,0.4416161018510082,0.5734865027928613,-0.007856382316679622,0.11976001790696837,0.12460551811263945,0.0263640915794654,0.0436231695773619,0.0,-0.023966164742819096,0.33093440078190367,0.28077642682254805,0.04967201549066469,0.08747557324212596,0.0
2017-08,2017-07,2017-07-31,11.61,0.016254876462938883,2306,True,1.0162548764629389,2017-07-31,30.84,0.3332038834951456,2574,True,1.3332038834951456,0.41345914687663377,0.5809338982199306,0.009921408695607425,0.12252864952316794,0.11686699214429878,0.01980979088577084,0.06506706864879719,0.0,0.04066132807264111,0.29991529532818373,0.2864487135353902,0.08747557324212596,0.08747557324212596,0.0
2017-09,2017-08,2017-08-31,13.26,0.06974248927038626,2329,True,1.0697424892703862,2017-08-31,29.1,0.2530792917628945,2597,True,1.2530792917628946,0.4331514402701819,0.6250997045790252,0.050745503804605185,0.11924296905962056,0.13166597068767605,0.04362316957736179,0.09734842730800053,0.0,-0.05198857531361356,0.2894588296119622,0.2300162845569294,0.034833011502658384,0.047895951764664435,0.0
2017-10,2017-09,2017-09-29,11.77,0.021914893617021276,2349,True,1.0219148936170213,2017-09-29,26.83,0.1852559205500382,2617,True,1.1852559205500381,0.5872611859309954,0.4769530265006424,-0.020333971816884344,0.13454726828218241,0.1042255444164061,0.032984855432922955,0.08307359564380012,0.0,0.07928880365716595,0.23527109517123565,0.21559002300586824,0.0474067880381247,0.05274373353523232,0.0
2017-11,2017-10,2017-10-31,11.81,0.02824620573355818,2371,True,1.0282462057335582,2017-10-31,25.31,0.16382575757575757,2639,True,1.1638257575757576,0.472244512477073,0.6627852714379547,-0.025057795166255503,0.1041062998986458,0.11222493873865,0.038312479713538905,0.055514058622709084,0.0,0.05904624832881766,0.203497981024512,0.1973670344391971,0.03953377429019367,0.05274373353523232,0.0
2017-12,2017-11,2017-11-30,11.79,0.03531132469703301,2392,True,1.035311324697033,2017-11-30,25.95,0.1741826381059752,2660,True,1.1741826381059752,0.4916714850534179,0.5886119422584997,-0.027609067524171693,0.11222493873865115,0.08974334531275574,0.027755532277794814,0.03684396476021212,0.0,0.027389040865059888,0.19736703443919615,0.21083532751325199,0.04203968124868018,0.09387376697800132,0.0
2018-01,2017-12,2017-12-29,10.96,0.010982179859096561,2412,True,1.0109821798590966,2017-12-29,21.32,0.10052219321148825,2680,True,1.1005221932114884,0.38509646655602453,0.6139959929861574,0.009892257572023944,0.09518098457971069,0.11054348142942996,0.020361756246171425,0.045040224918518,0.0,0.015077563001353322,0.20605091037805584,0.18656730353616152,0.026907315167763013,0.0938737669780012,0.0
2018-02,2018-01,2018-01-31,12.97,0.09182415776499589,2433,True,1.0918241577649959,2018-01-31,22.23,0.11269430051813471,2701,True,1.1126943005181347,0.47424202413230376,0.5265525037948326,0.023854455892881044,0.11054348142943116,0.17222954965000672,0.03684396476021201,0.045040224918518,0.0,0.08754446063507637,0.1865673035361606,0.25953133394847266,0.0920771896515995,0.0920771896515995,0.0
2018-03,2018-02,2018-02-28,11.74,0.04321239298817774,2452,True,1.0432123929881778,2018-02-28,26.92,0.209114296214627,2720,True,1.209114296214627,0.37430330122442457,0.7305583878346911,-0.008912793542824704,0.16719805668841575,0.17381240584687138,0.03673013364934807,0.05700583337956244,0.0,-0.048373123155695086,0.2507443636701941,0.29832331259832673,0.04662687566346957,0.08532883702878369,0.0
2018-04,2018-03,2018-03-29,11.06,0.018391269199676638,2473,True,1.0183912691996766,2018-03-29,25.07,0.17159008023340627,2741,True,1.1715900802334063,0.49853419632149987,0.6581824078963667,-0.0027593894289881238,0.17381240584687213,0.12482320905794467,0.026608887067646192,0.0423276615703434,0.0,0.03496505102237957,0.2983233125983261,0.2553023395462821,0.04589935070142104,0.11405903072442447,0.0
2018-05,2018-04,2018-04-30,11.15,0.02224448897795591,2494,True,1.0222444889779558,2018-04-30,28.28,0.2656532754252624,2762,True,1.2656532754252625,0.4331132598642545,0.7574588105677312,-0.013912869745467016,0.12482320905794568,0.11384015337485247,0.029574361443256647,0.04474564068675235,0.0,0.06310934573948979,0.25530233954628145,0.2791288748900749,0.08532883702878358,0.11405903072442458,0.0
2018-06,2018-05,2018-05-31,10.92,0.013706793802145411,2516,True,1.0137067938021453,2018-05-31,27.61,0.24631956912028724,2784,True,1.2463195691202873,0.5101680690196747,0.6135863651829421,-0.0009402190893642581,0.11515563555309853,0.08487962262084094,0.011122144752833796,0.06386403687818676,0.0,-0.010835544103501626,0.2828908934317245,0.3233597676433032,0.03594058767445685,0.09795010597289733,0.0
2018-07,2018-06,2018-06-29,10.75,0.014184397163120567,2537,True,1.0141843971631206,2018-06-29,27.18,0.22933000712758375,2805,True,1.2293300071275837,0.434838676455717,0.7330765887534447,-0.00504209360684138,0.08487962262084246,0.15280337250178616,0.031911547377748706,0.0624083775562877,0.0,0.15436414876482218,0.32335976764330265,0.2592814150570783,0.06844773382899727,0.09795010597289733,0.0
2018-08,2018-07,2018-07-31,11.21,0.039077764751856196,2558,True,1.039077764751856,2018-07-31,26.52,0.20445702157764414,2826,True,1.2044570215776442,0.34898878792494603,0.6796118337443761,-0.023605269596115197,0.15280337250178697,0.1566549415827216,0.03365803706615422,0.03706790227150114,0.0,-0.06261362425894157,0.2592814150570776,0.28079318926864705,0.058063614422452337,0.12691117356736592,0.0
2018-09,2018-08,2018-08-31,10.96,0.02343144848954299,2581,True,1.023431448489543,2018-08-31,25.02,0.16789473684210526,2849,True,1.1678947368421053,0.31301966010178556,0.7325378561505087,-0.02376722317312141,0.15989431613189198,0.10612673833202917,0.030009269910361458,0.03684455202086878,0.0,0.05517092713133365,0.27457072312239716,0.21644771170556432,0.025562657745396566,0.33299807700275463,0.0
2018-10,2018-09,2018-09-28,10.74,0.01518646674356017,2600,True,1.0151864667435602,2018-09-28,26.73,0.22150575113279888,2868,True,1.221505751132799,0.4256552940656051,0.7970115119745093,-0.007124003915890298,0.10318821070769736,0.1624766923806989,0.01802774644083094,0.03684455202086867,0.0,0.039562196416852435,0.20604183797897263,0.2874355299903264,0.1269111735673658,0.41709378127889696,0.0
2018-11,2018-10,2018-10-31,12.08,0.10384908536585366,2623,True,1.1038490853658536,2018-10-31,30.12,0.37206085753803597,2891,True,1.372060857538036,0.5858590272887585,0.585731485399446,0.0647904959577501,0.16280606915414217,0.11172059889666949,0.03684455202086878,0.03684455202086878,0.0,-0.0800371931273679,0.28288273730016184,0.3845507970855153,0.2360434553691888,0.33236321314200334,1.0
2018-12,2018-11,2018-11-30,11.26,0.052362948960302455,2644,True,1.0523629489603024,2018-11-30,56.04,0.9267078613113628,2912,True,1.9267078613113628,0.5961776678406475,0.7934334929944838,-0.01860442644432847,0.11172059889667066,0.13765472176711713,0.011509615085276148,0.02937972686517698,0.0,-0.20384431751953191,0.38455079708551476,0.5196569640096098,0.1685841334894127,0.1685841334894127,0.0
2019-01,2018-12,2018-12-31,13.48,0.1859984984984985,2663,True,1.1859984984984986,2018-12-31,51.87,0.8978512960436562,2931,True,1.8978512960436562,0.5400060184645616,0.8420469025835517,0.03761672579418063,0.13573764012030357,0.1248674553267892,0.012952620596275888,0.038642665972523416,0.0,-0.16665908360949366,0.4981371051369906,0.32729427656153004,0.036997329685021674,0.043660849284158365,0.0
2019-02,2019-01,2019-01-31,10.74,0.01601489757914339,2684,True,1.0160148975791434,2019-01-31,34.97,0.5692516085336945,2952,True,1.5692516085336945,0.5207759342443048,0.8410388293669239,0.02709278339583654,0.12486745532679033,0.11212050317010229,0.02937972686517687,0.04495803766403994,0.0,0.20774631199555493,0.3272942765615296,0.24267595176378207,0.043660849284158365,0.043660849284158365,0.0
2019-03,2019-02,2019-02-28,9.52,0.0005547337278106509,2703,True,1.0005547337278107,2019-02-28,30.27,0.37012113055181695,2971,True,1.370121130551817,0.5454815010856986,0.8936568708621068,-2.01637617993633e-05,0.11054217431080952,0.11690548507407744,0.024000486286514855,0.04061670480423818,0.0,0.06019398349812355,0.2438533559529296,0.16686556434519947,0.02328880216001361,0.16093817885190853,0.0
2019-04,2019-03,2019-03-29,9.94,0.006788990825688073,2724,True,1.0067889908256882,2019-03-29,26.75,0.21366521884396927,2992,True,1.2136652188439694,0.47066697804458835,0.7972744300894791,0.002257549117705704,0.11690548507407866,0.10807236698879545,0.03404213901561237,0.03404213901561237,0.0,0.06779036582046571,0.1668655643451986,0.22514824131857472,0.03497465802788802,0.20274879851487781,0.0
2019-05,2019-04,2019-04-30,9.32,0.0012745812090313182,2745,True,1.0012745812090313,2019-04-30,29.31,0.3281353682813537,3013,True,1.3281353682813537,0.40474362160745986,0.8067519082224964,0.011911572475338028,0.10807236698879677,0.08930371035757911,0.017357998654587536,0.027068964947745355,0.0,0.07688585446619034,0.2251482413185741,0.368214925920449,0.15974691190206547,0.20161689263724858,1.0
2019-06,2019-05,2019-05-31,10.33,0.03125,2767,True,1.03125,2019-05-31,46.91,0.8448616600790514,3035,True,1.8448616600790513,0.48880004151773937,0.835346613849419,0.04697390411156599,0.08989448893999256,0.12860781096456203,0.01318746203387633,0.02759690446960006,0.0,-0.13109459514581068,0.3767575426980301,0.3627407529379026,0.051748910550996396,0.11214026175425651,0.0
2019-07,2019-06,2019-06-28,15.99,0.37266857962697275,2787,True,1.3726685796269726,2019-06-28,39.46,0.6765379581151832,3055,True,1.6765379581151834,0.4507788192501322,0.871546973434732,0.031396602681613706,0.12817398485139697,0.19345294382797223,0.024195629519198625,0.06785873398654574,0.0,0.07097794273266333,0.41665343174473735,0.29890084246831894,0.07959281900026338,0.11214026175425651,0.0
2019-08,2019-07,2019-07-31,13.21,0.20195729537366547,2809,True,1.2019572953736655,2019-07-31,30.77,0.39571150097465885,3077,True,1.3957115009746588,0.4662836304946679,0.8556940750662724,0.03328567731730314,0.1837601036315855,0.1967245260356526,0.02759690446960017,0.07824584786986655,0.0,-0.020462565608920902,0.298538132480768,0.39767450289397743,0.07535691651599463,0.1389376045912335,0.0
2019-09,2019-08,2019-08-30,15.45,0.3335098870056497,2831,True,1.3335098870056497,2019-08-30,32.16,0.4551612903225806,3099,True,1.4551612903225806,0.550380113879002,0.899512032472327,0.11911537546983642,0.18166063997335302,0.1930183339317268,0.06785873398654585,0.10551114868786271,0.0,-0.04487309920351079,0.3519519876422889,0.5123605367014752,0.09874491973019306,0.1389376045912335,0.0
2019-10,2019-09,2019-09-30,15.37,0.33064516129032256,2851,True,1.3306451612903225,2019-09-30,38.75,0.6663461538461538,3119,True,1.666346153846154,0.5631946452322352,0.882065527065527,-0.05913023395170214,0.1886682330379444,0.1291996996312488,0.041856199495879265,0.070197898730183,0.0,0.01454321490004662,0.5102827294821272,0.2203588992728448,0.0533833124176496,0.0533833124176496,0.0
2019-11,2019-10,2019-10-31,13.39,0.20939130434782607,2874,True,1.2093913043478262,2019-10-31,35.84,0.5964047088768692,3142,True,1.5964047088768694,0.4560889046068717,0.8838670386282813,0.0046650834729984325,0.12357103714847624,0.10996006453423858,0.046766629460721965,0.046766629460721965,0.0,-0.01944435979078285,0.2178899694464872,0.29066761201564223,0.04371987686584389,0.16126386080587618,0.0
2019-12,2019-11,2019-11-29,10.71,0.04196891191709844,2894,True,1.0419689119170985,2019-11-29,36.73,0.623300663926652,3162,True,1.6233006639266518,0.4239375981554435,0.8925375983358248,-0.023709573172888687,0.11186401328553855,0.0954265538336518,0.02228960224955623,0.04502686814644874,0.0,0.04019597980355627,0.2905862661471752,0.16884069178620503,0.01453790758487139,0.253914549013736,0.0
2020-01,2019-12,2019-12-31,12.63,0.18535665294924555,2915,True,1.1853566529492456,2019-12-31,28.3,0.2774811557788945,3183,True,1.2774811557788945,0.5980168260466474,0.8574402654962179,0.023241297415996343,0.09542655383365314,0.12327667683183678,0.02677751663126482,0.08878933474839046,0.0,0.06129597050412405,0.1688406917862032,0.25441320270581025,0.16126386080587618,0.6659497225228692,0.0
2020-02,2020-01,2020-01-31,13.5,0.23152877085461354,2936,True,1.2315287708546134,2020-01-31,40.35,0.7101404056162246,3204,True,1.7101404056162246,0.5788757089771175,0.823478554965083,0.06999125783365057,0.1232766768318379,0.2106297307233466,0.04502686814644852,0.08878933474839046,0.0,-0.1303897779100095,0.2544132027058091,0.3316693180160357,0.14836759338030236,0.8065297901006223,0.0
2020-03,2020-02,2020-02-28,21.27,0.7395128552097429,2955,True,1.739512855209743,2020-02-28,51.25,0.9024503722084367,3223,True,1.9024503722084367,0.7079524053825045,0.7067424777623952,0.013430314945094723,0.20470053239772484,0.37900287713080066,0.08500842696692623,0.08500842696692623,0.0,-0.09652781899209473,0.3160212553576892,1.5181599923822782,0.5694919401364988,0.7815661478630848,1.0
2020-04,2020-03,2020-03-31,29.19,0.9205842847548691,2977,True,1.920584284754869,2020-03-31,170.55,0.998305606900801,3245,True,1.998305606900801,0.680975271328073,0.8369368596042942,0.0016332917843990824,0.3880751033437934,0.26926404281614896,0.04405103547189726,0.048780582319923216,0.0,-0.5554801378845702,1.5312322562991107,1.6023055092532938,0.640742726269228,0.640742726269228,1.0
2020-05,2020-04,2020-04-30,24.24,0.8297765921973992,2998,True,1.8297765921973992,2020-04-30,104.98,0.9891337618610346,3266,True,1.9891337618610345,0.6424513917025403,0.9720013494663106,0.06288460163376097,0.2692640428161495,0.1575019770283194,0.020110290054558222,0.048780582319922994,0.0,-0.43803494562919065,1.6023055092532932,0.5981925056277598,0.05684021072521783,0.10620361893309416,0.0
2020-06,2020-05,2020-05-29,18.15,0.55498509440212,3018,True,1.55498509440212,2020-05-29,69.23,0.9498022512929724,3286,True,1.9498022512929722,0.5992547689362759,0.9728142625977058,0.046024516601650856,0.18266308403349682,0.15485669825037218,0.048780582319923105,0.07643626622187871,0.0,0.36460701548744123,0.5963865165730643,0.47378662269007765,0.10620361893309427,0.10620361893309427,0.0
2020-07,2020-06,2020-06-30,19.65,0.6461690233475831,3040,True,1.646169023347583,2020-06-30,57.66,0.919159867029314,3308,True,1.919159867029314,0.625426528599919,0.929286588014103,-0.0013823130927591576,0.15861633830683475,0.13011906122921513,0.014550745382980734,0.1157607591240093,0.0,0.07162449858895692,0.48517809820316277,0.24098875883271775,0.0344953083580557,0.13639233947834495,0.0
2020-08,2020-07,2020-07-31,24.46,0.836598106431603,3062,True,1.836598106431603,2020-07-31,44.43,0.7779945962173521,3330,True,1.777994596217352,0.6414681865546076,0.9109775869069439,0.10313033310154607,0.12935894078104046,0.296995165818425,0.07643626622187882,0.13524866705518168,0.0,0.025737770152883366,0.24479880084319242,0.1888968454940909,0.020621731580458436,0.2237385736960551,0.0
2020-09,2020-08,2020-08-31,24.32,0.8289559014267186,3083,True,1.8289559014267187,2020-08-31,32.59,0.45405727923627687,3351,True,1.454057279236277,0.588735960815789,0.9231433439644596,0.005106927107458636,0.29699516581842555,0.16507941185299696,0.07497160835912142,0.16208142298150552,0.0,0.045521979565312565,0.1888968454940861,0.4202511051001158,0.12675704814631328,0.21507780638912888,0.0
2020-10,2020-09,2020-09-30,22.07,0.7560386473429952,3104,True,1.7560386473429952,2020-09-30,44.0,0.7715683367921732,3372,True,1.771568336792173,0.6261556468027473,0.797500132128323,-0.06300772780814423,0.16507941185299788,0.138930961217822,0.049561048865909174,0.1196618416095615,0.0,-0.1117478949968268,0.4202511051001136,0.43325307035856814,0.15370818662035868,0.15370818662035868,0.0
2020-11,2020-10,2020-10-30,23.26,0.7993284298049248,3126,True,1.7993284298049248,2020-10-30,68.84,0.9497790868924889,3394,True,1.949779086892489,0.8517779157031556,0.8666596084574544,-0.031085562292584634,0.13998162354487687,0.2282275857977472,0.1093791365362572,0.1093791365362572,0.0,-0.115598498910367,0.43473237127831166,0.357116906123148,0.04192121699616502,0.04192121699616502,0.0
2020-12,2020-11,2020-11-30,19.69,0.6347314903082301,3146,True,1.63473149030823,2020-11-30,47.37,0.8339677891654466,3414,True,1.8339677891654467,0.7610439382780786,0.7297167541913276,-0.06616580501428504,0.2229565157913045,0.14095166526146594,0.016548301290394862,0.08869081932614487,0.0,0.19960776620335197,0.3603906428271897,0.19073650829555813,0.03300460189461785,0.03943495454106971,0.0
2021-01,2020-12,2020-12-31,20.79,0.6970653202903124,3168,True,1.6970653202903123,2020-12-31,37.83,0.6172534186790806,3436,True,1.6172534186790806,0.6400460418967638,0.6074913101532007,0.04892991147818848,0.11961525860740313,0.1906582358507854,0.05706776534437541,0.10639508776683582,0.0,0.04437502606965915,0.1922138639279041,0.2861969770705962,0.026798800433079917,0.12572664263763023,0.0
2021-02,2021-01,2021-01-29,20.64,0.6894604767879549,3187,True,1.6894604767879549,2021-01-29,40.2,0.67578125,3455,True,1.67578125,0.8252983234486169,0.6657490597583717,-0.00919863512368535,0.18214263530425148,0.18044479036232589,0.06987221614306738,0.08794207905981266,0.0,0.11661564859326257,0.2727967647323724,0.25191169966681964,0.029802046009671623,0.12572664263763023,0.0
2021-03,2021-02,2021-02-26,21.08,0.7101652634861241,3206,True,1.710165263486124,2021-02-26,42.49,0.7359712230215827,3474,True,1.7359712230215827,0.7102833465589655,0.6348917150362217,-0.06355493065039686,0.17601541367440232,0.18463137374574404,0.03478412669517461,0.03478412669517461,0.0,0.16073630959742968,0.24233315004473888,0.5668883021532654,0.12572664263763011,0.12572664263763011,0.0
2021-04,2021-03,2021-03-31,17.07,0.4438080495356037,3229,True,1.4438080495356038,2021-03-31,45.65,0.8018867924528302,3497,True,1.8018867924528301,0.5073772249005957,0.5409410748669159,-0.005638149003320159,0.18684973068032604,0.11389110104561939,0.023060006678286116,0.06807438176932701,0.0,0.0075396498136306445,0.5805208666663432,0.2687318716446828,0.038469717666230974,0.06008655738700419,0.0
2021-05,2021-04,2021-04-30,14.58,0.265990159901599,3251,True,1.265990159901599,2021-04-30,38.39,0.6248579545454546,3519,True,1.6248579545454547,0.5381549974723677,0.35449785774727616,0.02783873938248127,0.11389110104562082,0.13025353519089916,0.007789625627309893,0.06807438176932712,0.0,0.04066926698155027,0.26873187164467893,0.2753654352093823,0.0600865573870043,0.10349817260170391,0.0
2021-06,2021-05,2021-05-28,16.08,0.37683374083129584,3271,True,1.3768337408312958,2021-05-28,33.54,0.4738700564971751,3539,True,1.4738700564971752,0.4671721247709336,0.3031271788493791,0.05718335807902819,0.1310529860846089,0.14736973024488992,0.06625214367790322,0.07098461697281366,0.0,0.05996501062719162,0.28463474120774934,0.13479481905237914,0.0188896245734127,0.12541407817832229,0.0
2021-07,2021-06,2021-06-30,15.97,0.36642380085003035,3293,True,1.3664238008500305,2021-06-30,32.74,0.4365524985962942,3561,True,1.4365524985962943,0.39727495831189413,0.3168942313988957,-0.04869478625827661,0.14731468343666237,0.11748995504655413,0.01692796817260156,0.05889893618124831,0.0,0.12186390270024039,0.13652580282739282,0.3604958652171374,0.10349817260170402,0.12541407817832229,0.0
2021-08,2021-07,2021-07-30,15.09,0.2962292609351433,3314,True,1.2962292609351433,2021-07-30,32.85,0.44055260954507397,3582,True,1.440552609545074,0.6433783273274076,0.21970611484278246,0.035084774164714005,0.11748995504655553,0.19102786961028362,0.05149743855194089,0.05149743855194089,0.0,0.0017721413852394008,0.36049586521713445,0.32660405734915504,0.11774341126862753,0.11774341126862753,0.0
2021-09,2021-08,2021-08-31,15.47,0.3269403655978424,3336,True,1.3269403655978425,2021-08-31,34.28,0.5044382801664355,3604,True,1.5044382801664355,0.4018213787319458,0.25180716906843836,0.010303911043668235,0.19470016760647868,0.18566961813398827,0.03643699872058104,0.04621728828062677,0.0,-0.05327113724332411,0.32629885747161447,0.20810158901448036,0.018369516838323552,0.1798198973134013,0.0
2021-10,2021-09,2021-09-30,17.16,0.4669446098868374,3357,True,1.4669446098868373,2021-09-30,38.68,0.6373414230557087,3625,True,1.6373414230557088,0.5434837308818355,0.3075312861046706,-0.012244828271117725,0.1856696181339892,0.1340254660511982,0.030134539343247724,0.058622866934363804,0.0,0.1353396353835994,0.20810158901447523,0.21907265943943827,0.02791944966354931,0.20004274345056583,0.0
2021-11,2021-10,2021-10-29,16.07,0.38635691032849956,3378,True,1.3863569103284996,2021-10-29,37.92,0.6195503153276666,3646,True,1.6195503153276665,0.5034546006095804,0.3328498649956697,0.010892516028667698,0.13402546605119942,0.15687769743863858,0.04621728828062677,0.058622866934363915,0.0,0.09184855187924534,0.21907265943943327,0.5551837299311464,0.1798198973134013,0.20004274345056572,1.0
2021-12,2021-11,2021-11-30,17.99,0.5398529411764705,3399,True,1.5398529411764705,2021-11-30,75.23,0.964422028353326,3667,True,1.964422028353326,0.7409570219258977,0.3609488268198561,0.003971275798680729,0.1568776974386396,0.09940517213619085,0.013006713689928118,0.02543697651575927,0.0,-0.14618425003698965,0.5551837299311443,0.33048875439563435,0.040348312139328546,0.04441970844065235,0.0
2022-01,2021-12,2021-12-31,14.61,0.25503943908851884,3422,True,1.255039439088519,2021-12-31,42.62,0.7447846112164725,3690,True,1.7447846112164727,0.45947440200568523,0.42453832115685597,0.016317241851622866,0.10076347833682474,0.15446550925878152,0.02543697651575938,0.08044826151771933,0.0,0.10398220484821818,0.3197872819947772,0.23116825249093326,0.016618666168879637,0.1946654418020004,0.0
2022-02,2022-01,2022-01-31,16.7,0.4411850130699971,3442,True,1.441185013069997,2022-01-31,42.35,0.7359202371328483,3710,True,1.7359202371328482,0.6013959164657002,0.41087900889082674,0.01285620355410333,0.15632933947911168,0.12172093889399661,0.011052620009778469,0.08044826151771933,0.0,0.16386510747051375,0.2320188574643335,0.23427710405437638,0.04441970844065257,0.1946654418020004,0.0
2022-03,2022-02,2022-02-28,20.97,0.7274696707105719,3461,True,1.727469670710572,2022-02-28,52.5,0.892627345844504,3729,True,1.892627345844504,0.6071226894086899,0.3862610406409669,0.05847705516598323,0.11848955217365174,0.2413272019487447,0.08044826151771922,0.10355875158267913,0.0,0.1322151440258863,0.22402032330645552,0.800979179068273,0.1946654418020003,0.1946654418020003,0.0
2022-04,2022-03,2022-03-31,20.25,0.6862266857962698,3484,True,1.6862266857962698,2022-03-31,57.66,0.9195310418332001,3752,True,1.9195310418332001,0.4695138288913202,0.36775397257976605,0.014123601062386637,0.24142772941611357,0.13502241837168505,0.030241051638774885,0.06788272118815586,0.0,0.0548628550628425,0.7895050082274988,0.3875400437031937,0.06024077882136347,0.11267534683509162,0.0
2022-05,2022-04,2022-04-29,19.83,0.6637660485021398,3504,True,1.66376604850214,2022-04-29,53.1,0.8888152663662868,3772,True,1.888815266366287,0.6377155193479903,0.5229106969679744,0.005156115352868529,0.13160360194941043,0.19818097944806637,0.06007928162912546,0.08334616403750561,0.0,0.06802588725604286,0.4204198064091849,0.4485706289976175,0.08813011614986965,0.17702261789638096,0.0
2022-06,2022-05,2022-05-31,17.19,0.4712138400453772,3525,True,1.4712138400453771,2022-05-31,49.82,0.8562203479177649,3793,True,1.8562203479177648,0.4639325979169153,0.42897573659601995,-0.024398192537736896,0.19818097944806726,0.1395814066725182,0.015428783172410476,0.06753370722214969,0.0,0.13136311469008755,0.4485706289976149,0.3343525312139902,0.11267534683509162,0.1935371509193078,0.0
2022-07,2022-06,2022-06-30,19.61,0.6508316887510572,3546,True,1.6508316887510572,2022-06-30,48.9,0.8429882044560943,3814,True,1.8429882044560943,0.5121129463995405,0.5613401317542022,0.006489850786423501,0.13958140667251953,0.15515723324477276,0.05913750311220911,0.05913750311220911,0.0,-0.018113351188431603,0.33435253121398667,0.48420964305626507,0.09612259980605098,0.14856397586515435,0.0
2022-08,2022-07,2022-07-29,16.49,0.4112699747687132,3566,True,1.4112699747687132,2022-07-29,46.19,0.7964797913950457,3834,True,1.7964797913950457,0.4802980715205215,0.5909434129542825,-0.0017548306576928852,0.15157306853154406,0.15163005861105527,0.019962366474160942,0.062407786317281166,0.0,-0.07873045431328485,0.47843310673118683,0.3880800611156215,0.07850370708543997,0.14856397586515446,0.0
2022-09,2022-08,2022-08-31,17.02,0.4604456824512535,3589,True,1.4604456824512535,2022-08-31,52.11,0.8798600311041991,3857,True,1.879860031104199,0.49827735601106016,0.6617611799653718,-0.011844954909809857,0.15399959541367608,0.18806678052436873,0.030446270365135586,0.066127761426233,0.0,-0.006509461073032852,0.3873767306411836,0.42075101694338835,0.11335974704546659,0.19310492352379593,0.0
2022-10,2022-09,2022-09-30,19.52,0.6460814178897812,3610,True,1.6460814178897811,2022-09-30,55.69,0.9104150554266563,3878,True,1.9104150554266563,0.6576988693434476,0.6453490935162616,0.053737002155779034,0.18806678052436976,0.19704118101070286,0.06240778631728139,0.07279382990270777,0.0,0.02033468079774492,0.4207510169433857,0.30519154013975486,0.07112565436704554,0.246492359016521,0.0
2022-11,2022-10,2022-10-31,18.27,0.5564427312775331,3631,True,1.556442731277533,2022-10-31,47.41,0.8121794871794872,3899,True,1.8121794871794872,0.6218372257529738,0.7618786903595853,-0.020433039006210407,0.1970411810107038,0.25188453055853444,0.039951823450832036,0.04680473825143194,0.0,0.06491849369399749,0.3051915401397512,0.4626227371703617,0.19310492352379593,0.2532463829967213,0.0
2022-12,2022-11,2022-11-30,15.45,0.30988228852997535,3652,True,1.3098822885299755,2022-11-30,46.15,0.7819433817903596,3920,True,1.7819433817903596,0.4375216801643149,0.8216002843435186,-0.021911971716751077,0.2518845305585352,0.2247275849118975,0.029443610603844483,0.05080989897218913,0.0,-0.127978839910466,0.4626227371703593,0.2900995392115572,0.11466959793591458,0.15252538694911577,0.0
2023-01,2022-12,2022-12-30,16.25,0.389493739793141,3673,True,1.389493739793141,2022-12-30,41.26,0.6683155758498224,3941,True,1.6683155758498223,0.6167168777789659,0.8400397025837457,0.015175033361398471,0.22472758491189831,0.1783189211350642,0.021623175085824342,0.05080989897218913,0.0,-0.04913801956776087,0.29009953921155335,0.3058602317148387,0.07569617683360297,0.1663666181896447,0.0
2023-02,2023-01,2023-01-31,15.75,0.33743909041689224,3693,True,1.3374390904168922,2023-01-31,38.55,0.5914941948510853,3961,True,1.5914941948510855,0.5376730846700692,0.9293575920934412,0.0178563656806332,0.17603894319718685,0.19983619419408838,0.05080989897218924,0.05080989897218924,0.0,-0.021823432823393385,0.3017186590417452,0.3337169477561026,0.0759540824679188,0.16636661818964493,0.0
2023-03,2023-02,2023-02-28,14.17,0.2131699434419607,3712,True,1.2131699434419607,2023-02-28,35.42,0.49912082391358953,3980,True,1.4991208239135896,0.5878951931545019,0.8964330044884022,0.020085631458748088,0.19145455886229182,0.24575137722237805,0.03142846712396852,0.06561199646693128,0.0,0.04051638023618542,0.33450278274653267,0.41546726412757584,0.16636661818964482,0.16636661818964482,0.0
2023-04,2023-03,2023-03-31,17.31,0.48394004282655245,3735,True,1.4839400428265526,2023-03-31,40.34,0.643981018981019,4003,True,1.6439810189810191,0.37722888004527577,0.9236303527548708,0.062342963334522494,0.25109110907759236,0.19652423239687936,0.0364637549617568,0.09958731258482922,0.0,0.028850780849858815,0.4309650802991941,0.34385438020139125,0.08470449554695703,0.19056983523100535,0.0
2023-05,2023-04,2023-04-28,16.47,0.4106524633821571,3754,True,1.410652463382157,2023-04-28,35.63,0.5054685558041263,4022,True,1.5054685558041263,0.40061039986881364,0.916232880533395,0.0365313818767985,0.20125843608967178,0.19276359521209244,0.06561199646693117,0.09958731258482911,0.0,-0.028308652625699926,0.33650969199166014,0.3885056208967481,0.11492190499202959,0.1426699397732798,0.0
2023-06,2023-05,2023-05-31,15.63,0.3256552819698173,3776,True,1.3256552819698173,2023-05-31,40.68,0.6550061804697157,4044,True,1.6550061804697158,0.48256679684004794,0.890632761582538,-0.028753084082855485,0.1967278497819677,0.17741667311514053,0.057331792874148246,0.057331792874148246,0.0,-0.09617083102528579,0.3963426178114564,0.3671794474845363,0.07966251775507949,0.07966251775507949,0.0
2023-07,2023-06,2023-06-30,12.04,0.11729857819905214,3797,True,1.117298578199052,2023-06-30,33.28,0.411091982292179,4065,True,1.411091982292179,0.3775615378882312,0.8229909813099716,-0.027735037791088768,0.17741667311514148,0.14396067067335305,0.025534814016929364,0.03536032744306672,0.0,0.04696749645403142,0.3671794474845333,0.24693760984294627,0.04113748420338681,0.04113748420338681,0.0
2023-08,2023-07,2023-07-31,12.16,0.12624410686223153,3817,True,1.1262441068622315,2023-07-31,28.48,0.22063142437591776,4085,True,1.2206314243759178,0.5029812755041099,0.8928372238267839,-0.0162267636979313,0.15375271244258856,0.07141648914228808,0.011258956842636336,0.04776860012200734,0.0,0.10647185203347331,0.24616886566286209,0.18986222644151074,0.04111107072858611,0.11050979074702172,0.0
2023-09,2023-08,2023-08-31,11.78,0.10296797708929967,3840,True,1.1029679770892997,2023-08-31,26.56,0.15624239474324653,4108,True,1.1562423947432465,0.45236922613358976,0.8791104758714565,0.03626467059311467,0.06962628564635906,0.11596598400684864,0.03536032744306683,0.06183124337049206,0.0,0.0839006034991534,0.1917761983671551,0.21813793593314054,0.02885900562151511,0.21059582430971724,0.0
2023-10,2023-09,2023-09-29,12.94,0.17262367262367262,3860,True,1.1726236726236725,2023-09-29,32.24,0.3698232017437636,4128,True,1.3698232017437637,0.6084658742577376,0.8542068809326874,-0.0390579820756648,0.11312309822625516,0.18599485191578574,0.019496642139020803,0.06183124337049184,0.0,0.09017190412678922,0.21942561559835283,0.4020409915284398,0.08593838672146392,0.23716802958150274,0.0
2023-11,2023-10,2023-10-31,16.23,0.40084985835694054,3882,True,1.4008498583569406,2023-10-31,41.99,0.6954950614309805,4150,True,1.6954950614309805,0.5894433886377621,0.8013588886959321,0.07893955296597555,0.1865316993650101,0.16968845155009668,0.049735515953588494,0.049735515953588494,0.0,-0.056921950727510606,0.40968795852107753,0.390275470788921,0.13719405744386226,0.17801558650249605,0.0
2023-12,2023-11,2023-11-30,14.22,0.23155737704918034,3903,True,1.2315573770491803,2023-11-30,39.4,0.6238015340364333,4171,True,1.6238015340364333,0.4362257402263333,0.7697470986460349,-0.014037243380615738,0.16968845155009754,0.20364263283826162,0.03689895183928826,0.03689895183928826,0.0,-0.11140881048496687,0.3902754707889183,0.32221854664865224,0.06601500984565678,0.08136463686236106,0.0
2024-01,2023-12,2023-12-29,15.85,0.36952089704383284,3923,True,1.3695208970438328,2023-12-29,36.22,0.5263597328244275,4191,True,1.5263597328244276,0.5317685063260642,0.7957325288219104,0.01148967824206859,0.19891302945654582,0.09254861538839448,0.011749910283635367,0.03481128222574359,0.0,-0.04980352636724528,0.33055026083197053,0.30387663457771275,0.03672021275046122,0.08136463686236106,0.0
2024-02,2024-01,2024-01-31,13.16,0.18250950570342206,3944,True,1.182509505703422,2024-01-31,37.25,0.5626631853785901,4212,True,1.56266318537859,0.45121329645195213,0.6748774362835113,0.02189014701640013,0.09254861538839614,0.1130644095343291,0.03481128222574348,0.05125863808417208,0.0,0.09272122395554527,0.30387663457770925,0.23074951786427988,0.04641042895105618,0.04641042895105618,0.0
2024-03,2024-02,2024-02-29,11.16,0.06292559899117277,3964,True,1.0629255989911728,2024-02-29,31.5,0.3325064965745334,4232,True,1.3325064965745335,0.462868681550528,0.7536453877496909,0.003921734929663634,0.1122614498394351,0.13577457778161542,0.017105608064265643,0.05645968402010637,0.0,0.04501015120598395,0.2526086279314987,0.2361527177715167,0.03955052685809157,0.09901409726814381,0.0
2024-04,2024-03,2024-03-28,15.44,0.3365119196988708,3984,True,1.3365119196988708,2024-03-28,26.27,0.1434281683517517,4252,True,1.1434281683517518,0.4811051909047717,0.7247257735256212,0.10506180007531718,0.13244722216407084,0.23812786661179408,0.0512586380841723,0.05894012230327372,0.0,0.06607969368977074,0.23126822248537401,0.18779428396936684,0.04532130579870397,0.13653957650659154,0.0
2024-05,2024-04,2024-04-30,16.54,0.4402295982031445,4006,True,1.4402295982031446,2024-04-30,27.87,0.19883040935672514,4274,True,1.198830409356725,0.6249254365051605,0.620781128391471,0.05096639393537794,0.24342124824629824,0.16553515633666674,0.03414707063018596,0.052794649267561944,0.0,0.00757534438110441,0.19027358048841386,0.19517777412674903,0.05624174059353071,0.09554866078183788,0.0
2024-06,2024-05,2024-05-31,15.26,0.31583519483742867,4028,True,1.3158351948374287,2024-05-31,30.34,0.2970677216662788,4296,True,1.297067721666279,0.4907825302101796,0.6304391710348611,0.011440398236880034,0.159219108042877,0.22245289926352926,0.03814209995276474,0.04462856666337012,0.0,-0.04677905692550144,0.18358954487209272,0.27728221910714834,0.05318909812634687,0.14364027810456015,0.0
2024-07,2024-06,2024-06-28,14.72,0.2669219367588933,4047,True,1.2669219367588933,2024-06-28,26.54,0.15268767377201112,4315,True,1.152687673772011,0.4559946376136851,0.6505897821773019,-0.004408484543537705,0.212755579733616,0.1821034170613763,0.0443474459052936,0.04462856666337034,0.0,0.08352440571108999,0.267889748712687,0.23763520544472247,0.08612071748327377,0.2020226022488466,0.0
2024-08,2024-07,2024-07-31,17.88,0.562899262899263,4069,True,1.562899262899263,2024-07-31,33.69,0.44651913324112497,4337,True,1.446519133241125,0.5754639180700857,0.6325106480420242,0.0439395518660044,0.1858906941305298,0.19271849207315608,0.03715877969357684,0.03715877969357684,0.0,-0.03886227325851477,0.23174669038527582,0.35662429912934224,0.10386464763328429,0.16495867538978348,0.0
2024-09,2024-08,2024-08-30,16.4,0.42998533724340177,4091,True,1.4299853372434017,2024-08-30,33.36,0.4310779816513762,4359,True,1.4310779816513761,0.4966610490044766,0.6938607738819655,-0.006504375805749474,0.1907943650590418,0.1745581424316872,0.03485326128259403,0.06947971080749094,0.0,-0.09309479111605268,0.352593047154767,0.30754359048492397,0.09360381707454268,0.09686932536539727,0.0
2024-10,2024-09,2024-09-30,18.08,0.5811040856031129,4111,True,1.5811040856031129,2024-09-30,39.86,0.6561643835616439,4379,True,1.6561643835616437,0.7356238814815301,0.7050950867983607,0.04664727442159333,0.17481533639079,0.14659848068902392,0.018776499011205927,0.06947971080749082,0.0,-0.05491223840791826,0.31848378881603456,0.41211126857736935,0.09686932536539705,0.09686932536539705,0.0
2024-11,2024-10,2024-10-31,19.46,0.6822249093107617,4134,True,1.6822249093107617,2024-10-31,48.79,0.8487394957983193,4402,True,1.8487394957983194,0.7207262407315631,0.7448117309711741,0.08265686681807582,0.14786450148194255,0.23480484183346564,0.05167345843754301,0.05167345843754301,0.0,0.10836976623133121,0.4141905282674159,0.2936334930549277,0.0650774798419621,0.09676020134598473,0.0
2024-12,2024-11,2024-11-29,16.37,0.4229843561973526,4154,True,1.4229843561973525,2024-11-29,34.95,0.48993895546009497,4422,True,1.489938955460095,0.6886435552956557,0.7953994138535709,-0.019954108114566993,0.23711037464592158,0.18181690439005413,0.044978751777540404,0.044978751777540404,0.0,-0.004757153316368612,0.2952678701929536,0.22311759246772522,0.03906967760822244,0.1429278748252586,0.0
2025-01,2024-12,2024-12-31,14.62,0.2543103448275862,4175,True,1.2543103448275863,2024-12-31,30.02,0.2834158415841584,4443,True,1.2834158415841583,0.6499645672061712,0.7933665877631153,0.05158613373940146,0.1818169043900549,0.13489235522013712,0.014752644990796093,0.03184953456590134,0.0,0.12541089488691637,0.22311759246772078,0.3343452186095742,0.09676020134598495,0.16763450105774969,0.0
2025-02,2025-01,2025-01-31,15.82,0.3703527168732126,4195,True,1.3703527168732126,2025-01-31,29.96,0.27979390681003585,4463,True,1.279793906810036,0.5944235932233695,0.9149420154913122,0.051507236089523456,0.1314776495789399,0.1873829459576145,0.03184953456590123,0.057544437930906134,0.0,0.008968089008563496,0.32639724158356925,0.2873047427268123,0.07186538705064105,0.20398892429267146,0.0
2025-03,2025-02,2025-02-28,15.82,0.36880189798339263,4214,True,1.3688018979833927,2025-02-28,29.97,0.2803925942449253,4482,True,1.2803925942449252,0.6204709289102308,0.8440161232266699,0.02259679803244552,0.18413003496865124,0.1477212395838044,0.019138906282590296,0.07899696972836845,0.0,-0.03741177493282499,0.2729278581161827,0.25745779061798846,0.05990455089222191,0.23649932181715383,0.0
2025-04,2025-03,2025-03-31,17.84,0.5684608120868744,4235,True,1.5684608120868744,2025-03-31,30.88,0.3203818827708703,4503,True,1.3203818827708704,0.736183121728499,0.8072584442474313,0.09761004579276356,0.14772123958380529,0.3393759084441495,0.057544437930906134,0.087019936454102,0.0,0.038714891047278766,0.2574577906179848,0.5623503190650159,0.20398892429267146,0.23649932181715383,1.0
2025-05,2025-04,2025-04-30,21.52,0.7892882311486963,4256,True,1.7892882311486962,2025-04-30,54.46,0.914364640883978,4524,True,1.9143646408839778,0.5462298070298355,0.8195952481552787,-0.003018103657926541,0.3393759084441499,0.2789105052532095,0.05447881959463741,0.06271536683664936,0.0,-0.20738031579496918,0.5623503190650142,0.36310494915056973,0.06614966326559646,0.13257346586038932,0.0
2025-06,2025-05,2025-05-30,19.1,0.6575502571294998,4277,True,1.6575502571294998,2025-05-30,40.71,0.6771887373515179,4545,True,1.6771887373515177,0.6935482977909705,0.8556571338599763,0.009181096205084671,0.2789105052532099,0.23024320562844136,0.05397057454236165,0.05397057454236165,0.0,0.06836171011760506,0.36310494915056696,0.5198674200284447,0.1325734658603892,0.1325734658603892,0.0
2025-07,2025-06,2025-06-30,17.31,0.5111679851093532,4297,True,1.5111679851093531,2025-06-30,38.89,0.6252737625930793,4565,True,1.6252737625930793,0.6650899841714722,0.7706855542471569,-0.026284334854279834,0.22651008987969065,0.1344926024014948,0.04304554216815826,0.04304554216815826,0.0,0.026235170418024145,0.5072712742745668,0.2745154168793468,0.03202099084205745,0.10958831237159428,0.0
2025-08,2025-07,2025-07-31,16.04,0.3857638888888889,4319,True,1.385763888888889,2025-07-31,36.78,0.5608108108108109,4587,True,1.560810810810811,0.655603788191904,0.7689928519309978,0.032061875586019584,0.13740519536883794,0.13653335006543194,0.023486271864734953,0.09563961110137054,0.0,0.11740694624553094,0.28075598524483103,0.21161570914987293,0.09574936471722517,0.13164240351513012,0.0
2025-09,2025-08,2025-08-29,17.39,0.5233817092835752,4340,True,1.523381709283575,2025-08-29,32.63,0.3901063137339987,4608,True,1.3901063137339986,0.5099138212216501,0.8369332593932561,0.04063284043227866,0.1365333500654328,0.17423652777345827,0.020372967498815342,0.09563961110137054,0.0,-0.04455923487672364,0.21161570914986794,0.2778101864560336,0.0544018132941122,0.11311216665908541,0.0
2025-10,2025-09,2025-09-30,19.95,0.7157267308574049,4361,True,1.715726730857405,2025-09-30,35.58,0.5187904967602592,4629,True,1.5187904967602592,0.6056627145377596,0.7010820605354349,0.11832394736816743,0.174236527773459,0.34506047272559476,0.09563961110137076,0.09563961110137076,0.0,-0.038084705861070045,0.27781018645602973,0.31074761809735546,0.07472771355579955,0.08369502837563259,0.0
2025-11,2025-10,2025-10-31,22.66,0.8310148232611174,4384,True,1.8310148232611174,2025-10-31,36.2,0.5409413281753708,4652,True,1.5409413281753708,0.7066382959345276,0.7924432712893419,0.05350037033613475,0.36102644911014037,0.22065489049106726,0.04592988498960093,0.10306262325580984,0.0,0.01585856096292959,0.3139895808216203,0.26073722298225543,0.03781990877837105,0.0836950283756327,0.0
2025-12,2025-11,2025-11-28,22.87,0.83594459582198,4403,True,1.83594459582198,2025-11-28,35.95,0.5333904109589042,4671,True,1.533390410958904,0.6474397449276243,0.7187630581549873,0.08734802277085518,0.2177471605730416,0.2091828273896369,0.0671522654247877,0.12690772501579617,0.0,-0.0006569055648952826,0.25083631237248755,0.2788592476432601,0.08301183785225474,0.08301183785225474,0.0
2026-01,2025-12,2025-12-31,23.92,0.863872571170357,4425,True,1.863872571170357,2025-12-31,30.17,0.2791861951427354,4693,True,1.2791861951427355,0.7304151648648168,0.6754921804921805,0.012766938059977306,0.2126317561226639,0.47304368628797683,0.10306262325580973,0.15307602095642558,0.0,-0.045407854495776556,0.28523119046223544,0.3288642129719005,0.03332300633530105,0.0807347054545412,0.0
2026-02,2026-01,2026-01-30,44.08,0.9845928924876294,4445,True,1.9845928924876293,2026-01-30,55.91,0.9262834111158252,4713,True,1.9262834111158251,0.8324257536022928,0.5857789419279433,0.08451099686702657,0.46229634253902047,0.416514067904215,0.05486738985301931,0.14837800411020374,0.0,0.10726086465963003,0.32358163706707593,0.3435971807601163,0.05001575739534936,0.18216198122625815,0.0
2026-03,2026-02,2026-02-27,33.23,0.958006718924972,4464,True,1.9580067189249721,2026-02-27,64.68,0.9508768223114303,4732,True,1.9508768223114303,0.8913807056112097,0.5805834067069608,0.12120848636131121,0.556618707811699,0.4261346385086771,0.14837800411020363,0.14837800411020363,0.0,0.15227920711777876,0.3404625954899288,0.7266397253392178,0.08073470545454109,0.18216198122625804,0.0
2026-04,2026-03,2026-03-31,38.89,0.9733675061288166,4486,True,1.9733675061288167,2026-03-31,89.39,0.9837013669821241,4754,True,1.9837013669821242,0.7276005863359469,0.4943611599676846,-0.07242508694782002,0.4306424950388099,0.23419701373818852,0.06771201483369971,0.14759174552827103,0.0,0.48923939295983065,0.7274604961638289,0.7857973591027883,0.18216198122625815,0.28538093314277924,0.0
2026-05,2026-04,2026-04-30,26.64,0.9018411712511092,4507,True,1.9018411712511092,2026-04-30,75.08,0.9643006700167505,4775,True,1.9643006700167505,0.7276005863359469,0.5071251046577752,-0.05013539402888789,0.23419701373818894,0.2386007277203165,0.044563713017829354,0.17880303083228855,0.0,0.12710783743359855,0.785797359102787,0.5169460808945345,0.15437426591774994,0.3001132044255459,0.0
2026-06,2026-05,2026-05-29,24.91,0.871797703180212,4527,True,1.871797703180212,2026-05-29,57.84,0.9226438698915763,4795,True,1.9226438698915764,0.6571959119147275,0.4651031403295459,-0.005745931104240709,0.24911156574150686,0.3316158530202809,0.1072793097234217,0.16125929415413243,1.0,-0.033851697671965386,0.504459928272028,0.49161689797961977,0.23641795690758927,0.2521596272984441,1.0
2026-07,2026-06,2026-06-30,27.2,0.9095405583644757,4548,True,1.9095405583644758,2026-06-30,43.17,0.7298110857380112,4816,True,1.7298110857380111,0.7615520635481527,0.40015061259638374,-0.06919424082490633,0.3316158530202812,0.22978447729418464,0.10050720959547721,,0.0,-0.20790149051065598,0.4916168979796179,0.6218984945027951,0.14276085732327093,,0.0
