month,return_base,return_stress_aware,overlay_alpha,stress_score,base_risky_weight,stress_aware_risky_weight,risk_reduction,KODEX200_return,risk_off_action,positive_equity_month,crash_month,false_positive,caught_crash,missed_crash
2007-04,0.03416926215614925,0.028013723083755368,-0.006155539072393884,0.44154815101722783,0.585419776228641,0.4894879111959844,0.09593186503265666,0.06227067269343256,True,True,False,True,False,False
2007-05,0.08980113557754382,0.08324480020899683,-0.006556335368546995,0.4955475396676942,0.9958179656370744,0.9229763592942524,0.072841606342822,0.09135963155786953,True,True,False,True,False,False
2007-06,0.010025495712535243,0.010404064427196309,0.0003785687146610657,0.5871695775491049,0.8837438270499598,0.8855012066095247,-0.0017573795595648978,0.013164533736984563,False,True,False,False,False,False
2007-07,0.09172062192694458,0.09175628467101966,3.566274407508507e-05,0.4727490475190912,0.9253472067853322,0.926913243693003,-0.0015660369076707648,0.09846975733429919,False,True,False,False,False,False
2007-08,-0.0144182747911066,-0.014575645388725684,-0.00015737059761908312,0.6341131253053367,0.8569905639796112,0.858378454982652,-0.0013878910030408198,-0.016444792482380732,False,False,False,False,False,False
2007-09,0.03247909230754705,0.0321636575325536,-0.0003154347749934547,0.676341430829936,0.8610505240252416,0.8622678109230604,-0.0012172868978187479,0.03670801206838781,False,True,False,False,False,False
2007-10,0.05679341994762876,0.05659420646923643,-0.0001992134783923294,0.5193018641774033,0.8822286655747736,0.8837035859234499,-0.0014749203486762452,0.06329830234438161,False,True,False,False,False,False
2007-11,-0.061764324023740054,-0.06178314258090407,-1.881855716401315e-05,0.7818130798505039,0.80150192069559,0.8015019215173897,-8.217997393700216e-10,-0.08024785220101893,False,False,True,False,False,True
2007-12,0.02504164917528383,0.025041649172263522,-3.020306227341507e-12,0.6626775724585523,0.6582073324481327,0.6582073324478025,3.3018032752352156e-13,-0.006116966315354189,False,False,False,False,False,False
2008-01,-0.04053036450407154,-0.04052898657311215,1.3779309593897615e-06,0.5132411542673639,0.6379176272120374,0.6379116579181934,5.969293843999246e-06,-0.12537946521395604,True,False,True,False,True,False
2008-02,0.05315184699764357,0.053151869009784074,2.2012140506177946e-08,0.6374043030072718,0.1343998894548078,0.13439988945480744,3.608224830031759e-16,0.009176492963103966,False,True,False,False,False,False
2008-03,-0.04481742360073566,-0.04481742360070648,2.9178048865929895e-14,0.587668445200261,0.12396462034182461,0.12396462034218286,-3.582550922587302e-13,0.02346289752650188,False,True,False,False,False,False
2008-04,-0.004619380001460823,-0.004619380001460078,7.450637329320386e-16,0.5274413701575932,0.1876210496778562,0.18762104967785148,4.718447854656915e-15,0.09901947244855691,False,True,False,False,False,False
2008-05,0.05533798224242996,0.05513532297550671,-0.00020265926692324826,0.4680286725621713,0.2742956726346796,0.2714707543439867,0.0028249182906928683,-0.007665242523247073,True,False,False,False,False,False
2008-06,0.06483280130809707,0.06483308411930462,2.828112075498046e-07,0.5104176318429294,0.3392367444756169,0.3388619516233342,0.00037479285228270154,-0.09822295386433677,True,False,True,False,True,False
2008-07,-0.07949976379113173,-0.07945260063091851,4.7163160213220534e-05,0.6831293231709922,0.3213513791700723,0.3206382672504089,0.0007131119196633895,-0.05401610185358552,True,False,False,False,False,False
2008-08,-0.029380195425037413,-0.029360862005492476,1.9333419544936836e-05,0.5052696849588909,0.1708400785758911,0.1706030155673072,0.00023706300858389318,-0.07822859970311735,True,False,True,False,True,False
2008-09,0.07571519931099135,0.07637577444720198,0.0006605751362106227,0.6021767779138312,0.17580366853768112,0.1735749033654329,0.0022287651722482094,0.0059047721294755995,True,True,False,True,False,False
2008-10,-0.0853334407296837,-0.08468313091422999,0.0006503098154537063,0.6080814217442396,0.09063409196944353,0.08715473582880612,0.0034793561406374074,-0.21233790490421034,True,False,True,False,True,False
2008-11,0.12708031113511084,0.1270889404944035,8.629359292661176e-06,0.8504830122889445,3.9927691771350344e-17,1.6872793760999765e-17,2.305489801035058e-17,-0.04972899728997304,False,False,False,False,False,False
2008-12,0.032705966832607875,0.032705966834349606,1.7417317588197534e-12,0.587662425438711,5.684350660302509e-17,2.789508318793975e-17,2.894842341508534e-17,0.05168971909311293,False,True,False,False,False,False
2009-01,0.05065812829995215,0.0506581282997823,-1.6985024497984114e-13,0.7572844152837244,2.077728136875673e-17,0.0,2.077728136875673e-17,0.009151921903599813,False,True,False,False,False,False
2009-02,0.08659856388105201,0.08659856388104678,-5.23192600354605e-15,0.6729198918663233,5.930450795258426e-18,4.993958701470611e-18,9.364920937878152e-19,-0.09028617492946411,False,False,True,False,False,True
2009-03,-0.06541478862587327,-0.06541478860714399,1.872928201418489e-11,0.6184779580046844,0.0,9.683557104528652e-17,-9.683557104528652e-17,0.16688819967508506,False,True,False,False,False,False
2009-04,-0.04880328954451329,-0.04880330463123249,-1.5086719200307908e-08,0.6603465368737922,1.0623027982134275e-06,9.11640827257115e-07,1.5066197095631248e-07,0.13757159783167228,False,True,False,False,False,False
2009-05,0.04146911720983242,0.04134261842517016,-0.00012649878466226144,0.5987435409586312,0.0060776535486786526,0.0013512347519695942,0.0047264187967090586,0.0011161644198822707,True,True,False,True,False,False
2009-06,-0.016780475871055897,-0.016755701105090802,2.4774765965095147e-05,0.7754469721471016,0.1847679461402955,0.16235765327940765,0.02241029286088786,0.0027860768791563295,True,True,False,True,False,False
2009-07,0.022933079506459952,0.01938543764038082,-0.0035476418660791327,0.5356013526978503,0.23826408743339814,0.2131145671853383,0.02514952024805983,0.1398357953226892,True,True,False,True,False,False
2009-08,0.01636981193551743,0.01627064925250767,-9.916268300975972e-05,0.5793765367439363,0.39919794745525405,0.39331351625904964,0.005884431196204409,0.016372864042064617,True,True,False,True,False,False
2009-09,0.020724708865589463,0.019924389541748952,-0.0008003193238405107,0.47663381396306337,0.4258466424283461,0.4151617278376924,0.010684914590653682,0.06756481977858564,True,True,False,True,False,False
2009-10,0.0007339757953514501,0.0018487993627907195,0.0011148235674392694,0.5110100909362509,0.4402191366296473,0.4318130156405397,0.00840612098910759,-0.07657666625282389,True,False,True,False,True,False
2009-11,0.05227891853930343,0.052781487117784735,0.0005025685784813064,0.6208937597410227,0.38754693022716663,0.37664188072462135,0.010905049502545283,0.008292602739778943,True,True,False,True,False,False
2009-12,-0.006439532508680306,-0.008069706356430905,-0.0016301738477505993,0.437161376532362,0.35538476075862346,0.3425523816294443,0.012832379129179172,0.09216245372095866,True,True,False,True,False,False
2010-01,-0.021217325538484596,-0.020476126766901522,0.0007411987715830737,0.3869047445271933,0.39063416506390714,0.37714565220897456,0.013488512854932577,-0.05271279510900284,True,False,False,False,False,False
2010-02,0.00911022596637833,0.009223793984927193,0.00011356801854886349,0.4755215673485539,0.28405702248190884,0.27388982007794255,0.010167202403966291,0.0014026106919948766,True,True,False,True,False,False
2010-03,0.004812903592961106,0.004519926018449668,-0.00029297757451143824,0.46916697302973437,0.20992216435655528,0.20293390372643835,0.006988260630116927,0.05159932107313381,True,True,False,True,False,False
2010-04,0.033584316337324845,0.033453097430864595,-0.00013121890646024953,0.3738195129021655,0.21167521753724738,0.20319282414963682,0.00848239338761056,0.02802813683455696,True,True,False,True,False,False
2010-05,0.06478742940307639,0.06538147224497239,0.0005940428418960003,0.4181018819555672,0.2032238476911906,0.19610945671727115,0.007114390973919443,-0.060394383260000795,True,False,True,False,True,False
2010-06,0.010208460629393729,0.01016223802774641,-4.622260164731905e-05,0.5500399626770266,0.10213345500197785,0.09991162170431976,0.002221833297658085,0.027480596371834975,True,True,False,True,False,False
2010-07,-0.037536458228681714,-0.037606954599739235,-7.049637105752127e-05,0.5118358171401906,0.0899140935387842,0.08822942927255563,0.0016846642662285694,0.04939797172611593,True,True,False,True,False,False
2010-08,0.04484903160727281,0.044877325891977494,2.8294284704681594e-05,0.40281600387413874,0.07867546447482578,0.07698951741485148,0.0016859470599742965,-0.010822412265410586,True,False,False,False,False,False
2010-09,0.0071634209187850595,0.0070854291665478995,-7.799175223716006e-05,0.37890707430675297,0.085295930277286,0.08368007927116862,0.0016158510061173859,0.06564527145320853,True,True,False,True,False,False
2010-10,0.010382659472401025,0.0103587180950411,-2.394137735992584e-05,0.3857720308009343,0.09024532060002252,0.08854325955893202,0.0017020610410904968,0.007597670007833068,True,True,False,True,False,False
2010-11,0.03852480543205283,0.038480181139916844,-4.462429213598906e-05,0.336759665343251,0.09543334339269981,0.09371520693120948,0.0017181364614903272,0.027104588789744977,True,True,False,True,False,False
2010-12,0.0045613734517552604,0.0043921612983619735,-0.00016921215339328697,0.6068482019031295,0.12099956538840234,0.1192538149041579,0.0017457504842444405,0.09622974796137562,True,True,False,True,False,False
2011-01,-0.034514870830797316,-0.034592034378693966,-7.716354789664981e-05,0.3518005490678859,0.1686147802993466,0.163122142255021,0.005492638044325593,0.00923089035082758,True,True,False,True,False,False
2011-02,0.025236036478759674,0.02567518888526195,0.0004391524065022745,0.32356450028976863,0.17621744986350052,0.17049264172287676,0.0057248081406237605,-0.06743200563779239,True,False,True,False,True,False
2011-03,0.010123964016943033,0.009665327467382788,-0.00045863654956024465,0.4823311448124028,0.19483396477289963,0.1894016062898881,0.005432358483011518,0.0919229050393513,True,True,False,True,False,False
2011-04,0.04444322350041817,0.04423726189447956,-0.00020596160593860935,0.3492734591739761,0.21057564425337613,0.20479739231347746,0.005778251939898671,0.045038326406733775,True,True,False,True,False,False
2011-05,-0.007181160547628684,-0.007012976702939843,0.00016818384468884114,0.5267275526830861,0.21067462004990575,0.20493497718189413,0.005739642868011624,-0.022890118350525124,True,False,False,False,False,False
2011-06,-0.024319163313213585,-0.024227414407197445,9.174890601613972e-05,0.4616519646582022,0.20732362916513594,0.20164009765526256,0.005683531509873385,-0.019580634821571685,True,False,False,False,False,False
2011-07,0.04255091957054633,0.042568466090601643,1.7546520055311543e-05,0.4698506128364458,0.2112080010044588,0.20554643385379778,0.005661567150661018,0.007471892660650292,True,True,False,True,False,False
2011-08,0.046823979229301135,0.04772267609367003,0.0008986968643688933,0.5046472055222658,0.2207247444296044,0.21523312995275784,0.005491614476846568,-0.13687942666784614,True,False,True,False,True,False
2011-09,-0.010836105150017521,-0.010419134916520386,0.0004169702334971357,0.631294416030155,0.18198190741635714,0.17730380376449717,0.004678103651859972,-0.0907968605166033,True,False,True,False,True,False
2011-10,0.000487660283830718,-2.8130379616844e-05,-0.000515790663447562,0.6886451498507974,0.16724881554751506,0.16288065859091194,0.004368156956603114,0.12562108122774385,True,True,False,True,False,False
2011-11,0.034638153054438105,0.03458982427415918,-4.8328780278925065e-05,0.7073221295186016,0.18814810583956124,0.18332904161202912,0.004819064227532116,0.01565612529879834,True,True,False,True,False,False
2011-12,-0.048412745269163074,-0.04819177540314254,0.00022096986602053448,0.5967912685548453,0.19161528816615234,0.18691871621485767,0.004696571951294665,-0.04110653232050032,True,False,False,False,False,False
2012-01,0.0509217550079783,0.05059298677739143,-0.00032876823058686916,0.5353249842712401,0.1930815189139908,0.18830531884791196,0.004776200066078845,0.07295954216211964,True,True,False,True,False,False
2012-02,-0.003101233346570236,-0.0035007393239109585,-0.0003995059773407223,0.5484523870725403,0.22219682826039652,0.2125616602819124,0.009635167978484127,0.04360364264928962,True,True,False,True,False,False
2012-03,-0.008917038987448753,-0.008900808457748342,1.6230529700411028e-05,0.46339796327952454,0.2325948755343101,0.2225997712660824,0.009995104268227695,-0.002208742465183211,True,False,False,False,False,False
2012-04,0.00017226464812660283,0.00026326863976337773,9.10039916367749e-05,0.3737798035973007,0.2942579820886775,0.2841156795289133,0.010142302559764171,-0.0033175040770628828,True,False,False,False,False,False
2012-05,-0.026139442888456328,-0.025177340347219843,0.0009621025412364856,0.3812444741959332,0.33246386518408766,0.32172469573222506,0.010739169451862596,-0.08314618619268943,True,False,True,False,True,False
2012-06,-0.02994102553896626,-0.03018876430598367,-0.00024773876701740874,0.4555759192251566,0.3129543036344371,0.30254590048139496,0.010408403153042145,0.011846325561542193,True,True,False,True,False,False
2012-07,0.012760381324278421,0.012993477174091609,0.0002330958498131877,0.44660210472209994,0.34346385949010416,0.3277767155978535,0.015687143892250677,0.004862776027650062,True,True,False,True,False,False
2012-08,0.0374317209311353,0.03771711535403463,0.000285394422899328,0.48878534642768656,0.3948299887739727,0.3776148542735597,0.01721513450041301,0.009650062512331248,True,True,False,True,False,False
2012-09,0.0325723935642,0.03187059832184542,-0.000701795242354579,0.5041064592870463,0.3915167355095691,0.372256575880302,0.019260159629267137,0.046595080427831226,True,True,False,True,False,False
2012-10,-0.04488822364891575,-0.04430194036502341,0.0005862832838923401,0.39009999583290583,0.40683688941012996,0.3897107417989626,0.017126147611167375,-0.04927701445186483,True,False,False,False,False,False
2012-11,-0.011355527994941488,-0.012016459387914964,-0.0006609313929734767,0.4593555935966981,0.4049548785844884,0.38766944686415955,0.01728543172032887,0.022814050586919876,True,True,False,True,False,False
2012-12,0.015214962036032769,0.015189009160321393,-2.5952875711375903e-05,0.38372560012935913,0.42389221885691836,0.4238922188560042,9.141576384763539e-13,0.04891389402874835,False,True,False,False,False,False
2013-01,-0.0021354558007765537,-0.0021354546677633257,1.1330132279434302e-09,0.5400276805047992,0.4379262732455322,0.4379262504998501,2.2745682060065775e-08,-0.028166425074062085,False,False,False,False,False,False
2013-02,-0.019485882151918703,-0.019485888188543316,-6.0366246133758406e-09,0.3849746221533161,0.4265018449417973,0.426501785608801,5.933299634941491e-08,0.037620052840132256,False,True,False,False,False,False
2013-03,0.0013469762857913326,0.0013469855201123572,9.234321024639489e-09,0.4148604124417499,0.45134256457202143,0.45134229433985723,2.7023216420118956e-07,-0.01590819242865371,False,False,False,False,False,False
2013-04,-0.060378176391417133,-0.06037819107709642,-1.4685679283754638e-08,0.2887152024867031,0.44356536113382083,0.44356504988356127,3.1125025956590946e-07,-0.03386175933650071,False,False,False,False,False,False
2013-05,-0.009458322897192449,-0.00945834689379275,-2.399660030058537e-08,0.3941438454581441,0.4560834265901879,0.4560829988659244,4.277242635075673e-07,0.02156836259248207,False,True,False,False,False,False
2013-06,-0.08979915594970386,-0.08979916734986439,-1.1400160523922231e-08,0.41965936331192466,0.4703702173335292,0.4703695544301978,6.629033313942934e-07,-0.08003836487869465,False,False,True,False,False,True
2013-07,0.05131873846943882,0.05131875477252825,1.6303089434011042e-08,0.46942288264498905,0.47541499231058176,0.4754140887991834,9.035113983646426e-07,0.03484776901871278,False,True,False,False,False,False
2013-08,0.024092610556324966,0.024092620263887463,9.707562496907851e-09,0.32736818074270263,0.46796494232952024,0.4679643118947434,6.304347768271157e-07,0.01170785429392196,False,True,False,False,False,False
2013-09,-0.03183485729462527,-0.031834936828549806,-7.953392453657893e-08,0.35509957117713065,0.46228290102317504,0.46228221417457965,6.868485953881454e-07,0.039106077765545644,False,True,False,False,False,False
2013-10,0.012988755576190317,0.012988688360976853,-6.721521346453319e-08,0.44349042810216743,0.49616120354742616,0.49615800162826595,3.201919160200628e-06,0.025345539451034238,True,True,False,True,False,False
2013-11,-0.024626092342905893,-0.02462615484371095,-6.250080505573741e-08,0.41028701059594863,0.5022171835897354,0.5022119817660035,5.201823731981747e-06,0.011235935875496095,True,True,False,True,False,False
2013-12,-0.013266054821349108,-0.013265911946292987,1.428750561211639e-07,0.37288939299821966,0.5206927545284474,0.5206821421941286,1.061233431887132e-05,-0.010370152299449154,True,False,False,False,False,False
2014-01,-0.0068599143320676485,-0.0031460245149159596,0.003713889817151689,0.297145857403382,0.560042614069012,0.5242010481844035,0.03584156588460852,-0.04996243743200868,True,False,False,False,False,False
2014-02,0.03792852384838335,0.03976700629579378,0.0018384824474104305,0.43280930988984656,0.5356662879876123,0.49957947406026443,0.03608681392734786,0.015363055385285262,True,True,False,True,False,False
2014-03,-0.02129806381734007,-0.023327919746212778,-0.0020298559288727085,0.3465737997792449,0.5240210401585588,0.48923643394396604,0.03478460621459273,0.005431710371518905,True,True,False,True,False,False
2014-04,-0.017972497828990654,-0.018874855977639705,-0.0009023581486490503,0.314802615081866,0.5383335338377033,0.503640898764691,0.034692635073012346,-0.006603877434730898,True,False,False,False,False,False
2014-05,-0.005837158088745866,-0.0074600025710305625,-0.0016228444822846966,0.3542166328464199,0.5445659061603292,0.5099406161644461,0.0346252899958831,0.019404109719347362,True,True,False,True,False,False
2014-06,0.022286720656232786,0.023804676734325143,0.0015179560780923564,0.4189878655951936,0.5583926958745017,0.5237295555761422,0.034663140298359485,-0.0040375507299292845,True,False,False,False,False,False
2014-07,0.016006299669864787,0.014803687968808628,-0.0012026117010561586,0.2964565904780431,0.54401889636934,0.5094860339560711,0.03453286241326892,0.034323711597750606,True,True,False,True,False,False
2014-08,-0.023779216438786405,-0.02385390814223864,-7.469170345223569e-05,0.4479093126240596,0.5538202794634608,0.5192654043091532,0.03455487515430755,-0.012322482793851508,True,False,False,False,False,False
2014-09,-0.021160166948078773,-0.01973615885247344,0.0014240080956053336,0.30885253347712516,0.5603234182021453,0.5254043206236261,0.03491909757851919,-0.03516081609551336,True,False,False,False,False,False
2014-10,-0.02827533780038061,-0.027916280936221324,0.00035905686415928575,0.31163344982727165,0.5523103879526873,0.5171391906793794,0.035171197273307864,-0.021747264243155873,True,False,False,False,False,False
2014-11,0.02517618373745579,0.025483275878519996,0.0003070921410642073,0.2791156594691638,0.5560411650965694,0.53237525719997,0.023665907896599392,0.00941287937023394,True,True,False,True,False,False
2014-12,-0.01592672493263204,-0.015290186406254206,0.0006365385263778344,0.30188681362213987,0.556251542032598,0.5265665029414107,0.02968503909118725,-0.02361083576673173,True,False,False,False,False,False
2015-01,0.049465141972965566,0.050093710625145595,0.0006285686521800282,0.33141979607639066,0.5518760207059902,0.5220913514774977,0.029784669228492433,0.025198361238113254,True,True,False,True,False,False
2015-02,-0.012626806808546293,-0.01349262761710648,-0.0008658208085601873,0.3504019351141867,0.539098091126977,0.5096989161123221,0.029399175014654944,0.009315531413699008,True,True,False,True,False,False
2015-03,0.006194549757383048,0.005788925092037129,-0.00040562466534591925,0.41748570269409957,0.5510621271010883,0.5214670774186194,0.029595049682468844,0.016496532877392278,True,True,False,True,False,False
2015-04,0.0059800728517372045,0.0039543893835024746,-0.00202568346823473,0.33707082308430275,0.5567051514916925,0.5270195979595338,0.029685553532158737,0.04379417929968166,True,True,False,True,False,False
2015-05,0.005411087509861231,0.007030080363204508,0.0016189928533432776,0.34003893393908385,0.5776361360792686,0.547938347068256,0.02969778901101261,-0.02715858301661056,True,False,False,False,False,False
2015-06,-0.025711078764892547,-0.025037313711029435,0.0006737650538631117,0.48508365658163677,0.5589245958465865,0.5293362941059799,0.02958830174060656,-0.03234529202389025,True,False,False,False,False,False
2015-07,-0.02760656822029713,-0.02696321476603443,0.0006433534542626997,0.32610896017731056,0.555119931170976,0.5253694423923573,0.029750488778618744,-0.031040402608767503,True,False,False,False,False,False
2015-08,-0.003457261711714771,-0.0010688797193385926,0.0023883819923761784,0.4284987570735204,0.5531606280843424,0.5231691591240314,0.02999146896031102,-0.05031831624548533,True,False,False,False,False,False
2015-09,0.00352379433053052,0.0027346274086980215,-0.0007891669218324984,0.48466051325479553,0.5271485371485984,0.4973756866242175,0.029772850524380945,0.02184267098130044,True,True,False,True,False,False
2015-10,0.022444696873871395,0.020435622353698227,-0.002009074520173168,0.6454878749458767,0.5367497853762814,0.506834751234192,0.029915034142089403,0.05798921791839318,True,True,False,True,False,False
2015-11,-0.025785538792372352,-0.025923469767502146,-0.00013793097512979427,0.48591641322161827,0.5554101585413398,0.5254878276161814,0.02992233092515839,-0.01740340528745843,True,False,False,False,False,False
2015-12,0.0019042106430142741,0.0027045728700380947,0.0008003622270238205,0.4872140630242729,0.5601893930114755,0.5300847946110228,0.030104598400452764,-0.012011082869760048,True,False,False,False,False,False
2016-01,0.01276968840453389,0.014689984258774628,0.0019202958542407379,0.326563814365021,0.5524102255450191,0.5223063886785599,0.03010383686645912,-0.02555146428943078,True,False,False,False,False,False
2016-02,0.06308918887428741,0.06450297989704662,0.0014137910227592088,0.381080420885429,0.5315058030068961,0.5015925528360153,0.029913250170880756,0.02389504235110862,True,True,False,True,False,False
2016-03,-0.02280437287219995,-0.02485070850193187,-0.002046335629731919,0.4664272502583586,0.5118890311413219,0.482442347284333,0.029446683856988898,0.029533397305814946,True,True,False,True,False,False
2016-04,0.023067589790609078,0.024011092207368374,0.000943502416759296,0.3134456802858959,0.5392780503555995,0.5093155796871763,0.02996247066842317,-0.003051816230490778,True,False,False,False,False,False
2016-05,-0.013367350689986958,-0.013423649026184425,-5.62983361974672e-05,0.34749454335225016,0.5255099129120423,0.4958550604175816,0.029654852494460704,-0.007172213936788463,True,False,False,False,False,False
2016-06,0.030582357945236314,0.03142222644456701,0.0008398684993306989,0.3474480412469354,0.5288094139306204,0.4989967632257447,0.02981265070487571,0.008049677020228518,True,True,False,True,False,False
2016-07,0.00591792665720568,0.004659304988824303,-0.0012586216683813769,0.41421363941785244,0.5172470116609555,0.487688738517397,0.029558273143558522,0.03235062112288034,True,True,False,True,False,False
2016-08,-0.004857766084902137,-0.005563272639183426,-0.0007055065542812891,0.48724499956316786,0.5308385345419743,0.501130461467703,0.029708073074271257,0.010119161498036933,True,True,False,True,False,False
2016-09,0.0059981918624310146,0.005593515850632346,-0.00040467601179866846,0.3562267423923956,0.5388274549413475,0.5090331124727274,0.029794342468620116,0.014142401067613664,True,True,False,True,False,False
2016-10,-0.0015242181772136298,-0.0011964944340488249,0.0003277237431648049,0.48321617038611436,0.5431894124301556,0.5133603487883933,0.0298290636417623,-0.011427457665212692,True,False,False,False,False,False
2016-11,-0.027907392530056512,-0.0289076563922243,-0.0010002638621677863,0.5107821693431976,0.5378014808846809,0.508101400449715,0.02970008043496597,-0.003330680869989777,True,False,False,False,False,False
2016-12,0.022262934275623363,0.0214024227185095,-0.0008605115571138633,0.4004020571807366,0.551397192045528,0.521482845512296,0.029914346533231995,0.03479477247617724,True,True,False,True,False,False
2017-01,0.020464515731022842,0.019355856039023428,-0.001108659691999414,0.30103582365777976,0.5581516099969628,0.5283157668803651,0.029835843116597704,0.03704365494598405,True,True,False,True,False,False
2017-02,0.011881670876707367,0.011856022545527627,-2.5648331179739525e-05,0.531557756718656,0.5119357185023573,0.48295229570138065,0.028983422800976655,0.009525975335576309,True,True,False,True,False,False
2017-03,0.0098575139971609,0.008871033761432218,-0.0009864802357286827,0.33014655170466567,0.4131748278995797,0.38976969103283116,0.023405136866748555,0.03846826045908758,True,True,False,True,False,False
2017-04,0.02431534806363344,0.023979493604062714,-0.00033585445957072524,0.4066099171215336,0.41560712442295583,0.39220027217373554,0.02340685224922029,0.025472626021364242,True,True,False,True,False,False
2017-05,0.017654052932517213,0.015991966058121882,-0.0016620868743953306,0.43442706641744616,0.4061067516698351,0.37928834293337355,0.026818408736461574,0.05872182227956446,True,True,False,True,False,False
2017-06,0.0079940890657076,0.007216484549261269,-0.0007776045164463313,0.42116790728739356,0.4097815799537553,0.38258419519881953,0.02719738475493577,0.027323214598513834,True,True,False,True,False,False
2017-07,0.005633587382927873,0.005643889144458167,1.0301761530293572e-05,0.4416161018510082,0.41761710010842856,0.39020215804359054,0.02741494206483802,0.0031166246239535678,True,True,False,True,False,False
2017-08,0.015366135692527774,0.01621269561688673,0.0008465599243589542,0.41345914687663377,0.4165709645040263,0.38922097318653615,0.027349991317490163,-0.015289001296086346,True,False,False,False,False,False
2017-09,0.0074945843741200105,0.0062072528295372634,-0.001287331544582747,0.4331514402701819,0.4039933675858713,0.3771552832262197,0.02683808435965157,0.041080213975464686,True,True,False,True,False,False
2017-10,0.006929167685260292,0.0053116966289641415,-0.0016174710562961506,0.5872611859309954,0.4061776954319079,0.3790384393218894,0.027139256110018495,0.046936739411896244,True,True,False,True,False,False
2017-11,-0.023590636643296563,-0.022849310250836252,0.0007413263924603113,0.472244512477073,0.42229725013122005,0.394716187060268,0.02758106307095204,-0.030744267606462095,True,False,False,False,False,False
2017-12,0.007895644083683687,0.007755771972375526,-0.0001398721113081607,0.4916714850534179,0.41920129945220175,0.39152567348370604,0.02767562596849571,0.00858133712458442,True,True,False,True,False,False
2018-01,0.020749208115500902,0.02001174267628155,-0.0007374654392193515,0.38509646655602453,0.4194861604091539,0.39184601518826395,0.027640145220889922,0.028410939383230138,True,True,False,True,False,False
2018-02,-0.03760968478683474,-0.035420744454538,0.002188940332296739,0.47424202413230376,0.42263469517021596,0.39507252900705025,0.027562166163165702,-0.08080975224580267,True,False,True,False,True,False
2018-03,0.011721196237591042,0.01102630256117293,-0.0006948936764181127,0.37430330122442457,0.4036640175632427,0.37648260613853285,0.027181411424709867,0.029411816060672002,True,True,False,True,False,False
2018-04,0.0020309588141896005,0.0013815966333228348,-0.0006493621808667657,0.49853419632149987,0.41072257131721746,0.3833291326465377,0.02739343867067978,0.019533943302371792,True,True,False,True,False,False
2018-05,-0.013666554845974895,-0.012692337492010583,0.0009742173539643122,0.4331132598642545,0.41789718229243494,0.3902782296770891,0.02761895261534586,-0.03309015190522935,True,False,False,False,False,False
2018-06,-0.0156829409662916,-0.014575374744420862,0.0011075662218707396,0.5101680690196747,0.4096670590863597,0.3822147406125702,0.027452318473789483,-0.03615015042124892,True,False,False,False,False,False
2018-07,-0.010639516601251533,-0.010704085944852877,-6.456934360134399e-05,0.434838676455717,0.4011480678976641,0.3738458170927103,0.027302250804953798,-0.002164887605468846,True,False,False,False,False,False
2018-08,-0.0064402931205963816,-0.006376598771570197,6.369434902618425e-05,0.34898878792494603,0.40458294246976195,0.37707191023696635,0.027511032232795607,0.0026786475728510784,True,True,False,True,False,False
2018-09,-0.00025937035106884536,-0.0005729218895471197,-0.0003135515384782743,0.31301966010178556,0.40829554199151125,0.38050785423358796,0.027787687757923285,0.00768070503513929,True,True,False,True,False,False
2018-10,-0.02178250832691335,-0.017791609760594934,0.0039908985663184154,0.4256552940656051,0.4115378472149178,0.38364993061557384,0.027887916599343976,-0.12125750610917208,True,False,True,False,True,False
2018-11,0.008755389056326791,0.007705031920379134,-0.0010503571359476568,0.5858590272887585,0.36968667021510637,0.3432319269460381,0.02645474326906827,0.04217905369364283,True,True,False,True,False,False
2018-12,0.006603108670026843,0.007683629035197767,0.0010805203651709245,0.5961776678406475,0.3819294089676792,0.3549686337872359,0.026960775180443264,-0.027949212449417837,True,False,False,False,False,False
2019-01,0.04443435274274689,0.04227562223993474,-0.0021587305028121506,0.5400060184645616,0.36881895918026725,0.34241640387570615,0.026402555304561093,0.08756541057635903,True,True,False,True,False,False
2019-02,-0.0013739403660689017,-0.0012387006556470164,0.00013523971042188527,0.5207759342443048,0.3840484619610905,0.3572941857509669,0.026754276210123606,-0.004120259937731241,True,False,False,False,False,False
2019-03,-0.006528428434468482,-0.0056948041839009825,0.0008336242505674997,0.5454815010856986,0.3829927277702779,0.35626371195138035,0.026729015818897528,-0.023789134285909785,True,False,False,False,False,False
2019-04,0.013058274676687659,0.012679386083987637,-0.00037888859270002184,0.47066697804458835,0.3763386292611766,0.34978056088750775,0.026558068373668864,0.01923499238433979,True,True,False,True,False,False
2019-05,-0.005042621898954227,-0.0026166564359575493,0.0024259654629966774,0.40474362160745986,0.3786332415059619,0.3520449641694114,0.026588277336550503,-0.07291309737047458,True,False,True,False,True,False
2019-06,0.037879847776549916,0.03647579776489287,-0.0014040500116570473,0.48880004151773937,0.3528053246648929,0.3272333179401129,0.025572006724779994,0.06496943527001342,True,True,False,True,False,False
2019-07,-0.00133765368163658,0.0004885767288364598,0.0018262304104730398,0.4507788192501322,0.3619937620051961,0.3362106135473252,0.02578314845787094,-0.05229427224849337,True,False,False,False,False,False
2019-08,0.04633738744248977,0.04769433147030771,0.0013569440278179412,0.4662836304946679,0.34352414864160397,0.31847385246248644,0.025050296179117526,-0.025089619409118136,True,False,False,False,False,False
2019-09,-0.009874351862920119,-0.011747873664162354,-0.0018735218012422353,0.550380113879002,0.32006315884469677,0.2963392702900166,0.02372388855468016,0.059984530027476834,True,True,False,True,False,False
2019-10,0.0038053357515308705,0.0033382015728142945,-0.00046713417871657595,0.5631946452322352,0.3426158139969184,0.3178216861665711,0.02479412783034729,0.011854657203230534,True,True,False,True,False,False
2019-11,-0.005780205182897876,-0.005975432376487794,-0.00019522719358991848,0.4560889046068717,0.34536379183795385,0.32051984275087464,0.02484394908707921,0.008319692039187254,True,True,False,True,False,False
2019-12,0.03368907807567143,0.03203668613129496,-0.001652391944376469,0.4239375981554435,0.3502622155157051,0.32512977572489,0.025132439790815086,0.06923772170337816,True,True,False,True,False,False
2020-01,0.016249796611325598,0.01785634687890839,0.001606550267582791,0.5980168260466474,0.36230825183411697,0.3368498938648343,0.02545835796928264,-0.04083235572711397,True,False,False,False,False,False
2020-02,-0.005743257373672841,-0.004371552908486431,0.0013717044651864099,0.5788757089771175,0.3419571012683973,0.3174270185082353,0.024530082760161998,-0.04257187738567525,True,False,False,False,False,False
2020-03,-0.04345035999878615,-0.040621987341579145,0.0028283726572070067,0.7079524053825045,0.3292891335241406,0.3052468928480357,0.024042240676104887,-0.1264408643015038,True,False,True,False,True,False
2020-04,0.05343185285409679,0.05199512534253038,-0.001436727511566406,0.680975271328073,0.3007203554337367,0.2779421179940288,0.022778237439707916,0.07842809404979545,True,True,False,True,False,False
2020-05,0.041813167607621445,0.040490561029374456,-0.001322606578246989,0.6424513917025403,0.3148252322227735,0.2849181263188094,0.02990710590396406,0.0600316174215163,True,True,False,True,False,False
2020-06,0.017997694876474245,0.01629074880791545,-0.001706946068558795,0.5992547689362759,0.3240497956955163,0.2945990108783203,0.029450784817195985,0.05756326957137259,True,True,False,True,False,False
2020-07,0.06670226548052176,0.0658487321002092,-0.0008535333803125628,0.625426528599919,0.33664096436631397,0.3065591564840891,0.030081807882224865,0.05653147260733915,True,True,False,True,False,False
2020-08,0.010050253028000644,0.00901952271643451,-0.0010307303115661345,0.6414681865546076,0.34187023653392506,0.31377898040568614,0.02809125612823893,0.029063055846698438,True,True,False,True,False,False
2020-09,-0.023692845401454037,-0.02412709549545764,-0.0004342500940036041,0.588735960815789,0.34829663551804685,0.3200024837729852,0.02829415174506167,0.008602374397709722,True,True,False,True,False,False
2020-10,-0.02375075889313098,-0.023277483721290005,0.0004732751718409742,0.6261556468027473,0.35981851070978343,0.3307353260243211,0.029083184685462338,-0.026126604299844258,True,False,False,False,False,False
2020-11,0.02662348592019621,0.02163850326665663,-0.004984982653539579,0.8517779157031556,0.35894349201291537,0.32977097214554363,0.029172519867371738,0.15524677749696547,True,True,False,True,False,False
2020-12,0.072877300406756,0.06901042748960146,-0.00386687291715454,0.7610439382780786,0.40391590908182184,0.3728986999807477,0.03101720910107414,0.1342408163070654,True,True,False,True,False,False
2021-01,0.011843631591002027,0.010556376023056079,-0.0012872555679459483,0.6400460418967638,0.42701921265222437,0.3956536402070651,0.03136557244515925,0.0369541051082698,True,True,False,True,False,False
2021-02,-0.006615049961069824,-0.008611292523164622,-0.0019962425620947983,0.8252983234486169,0.43761862355520637,0.4059899047101326,0.03162871884507379,0.041585177069721535,True,True,False,True,False,False
2021-03,-0.004886929447492944,-0.00483723067135456,4.969877613838353e-05,0.7102833465589655,0.45885326813441857,0.4265467789331734,0.03230648920124518,-0.0051516163810184645,True,False,False,False,False,False
2021-04,0.013775968461245968,0.013618856840230979,-0.00015711162101498914,0.5073772249005957,0.4587306954148558,0.4264115232050373,0.0323191722098185,0.010060033632282028,True,True,False,True,False,False
2021-05,0.029704841660963904,0.029683519804721323,-2.132185624258154e-05,0.5381549974723677,0.36337822756132343,0.33452468378574834,0.028853543775575086,0.012070998360521612,True,True,False,True,False,False
2021-06,-0.011988475667832591,-0.012897761266280214,-0.0009092855984476223,0.4671721247709336,0.35515556493762795,0.32869983244493484,0.026455732492693118,0.02701117983059098,True,True,False,True,False,False
2021-07,0.008751032844473173,0.009919581291848554,0.0011685484473753817,0.39727495831189413,0.3515218769718463,0.3244558453647511,0.027066031607095198,-0.026763959188943698,True,False,False,False,False,False
2021-08,-0.001356084061182131,-0.0008337693560602335,0.0005223147051218975,0.6433783273274076,0.3391220267214111,0.31208932111426685,0.02703270560714427,-0.01757072940890092,True,False,False,False,False,False
2021-09,-0.023318970390973665,-0.02242535813454215,0.0008936122564315134,0.4018213787319458,0.31250012600165594,0.2861962854576452,0.026303840544010748,-0.046858066424179,True,False,False,False,False,False
2021-10,-0.0037897133794605243,-0.0035656509272425727,0.00022406245221795159,0.5434837308818355,0.2862352503323373,0.2616412243553416,0.024594025976995726,-0.018411124771772758,True,False,False,False,False,False
2021-11,-0.004563128594129798,-0.003436470599464998,0.0011266579946647998,0.5034546006095804,0.2679720967968527,0.2480190088451039,0.0199530879517488,-0.040996477948447074,True,False,False,False,False,False
2021-12,0.02247861732591377,0.021645441487475287,-0.0008331758384384838,0.7409570219258977,0.23424074461371758,0.2215320008732226,0.012708743740494965,0.06725293382947117,True,True,False,True,False,False
2022-01,-0.016762258417026693,-0.0158679869685118,0.0008942714485148939,0.45947440200568523,0.24328902457795626,0.23043684863610242,0.012852175941853838,-0.07822304003728264,True,False,True,False,True,False
2022-02,0.025962099629446372,0.02605135850324756,8.925887380118597e-05,0.6013959164657002,0.1887003626372639,0.18356217684158302,0.005138185795680872,-0.006779769933703106,True,False,False,False,False,False
2022-03,0.0029258468223943928,0.0027405749341697246,-0.00018527188822466817,0.6071226894086899,0.17444993428215944,0.16543802635508642,0.009011907927073015,0.008190971420234838,True,True,False,True,False,False
2022-04,-0.006152319072661038,-0.005977571550749831,0.00017474752191120636,0.4695138288913202,0.1753532130088172,0.1663235255140085,0.009029687494808702,-0.028011678783050664,True,False,False,False,False,False
2022-05,-0.012585141165744922,-0.012582171798675606,2.9693670693161506e-06,0.6377155193479903,0.1714903532262567,0.16263252013279544,0.008857833093461248,-0.003956685587550246,True,False,False,False,False,False
2022-06,-0.02046269625096157,-0.019479961240577416,0.0009827350103841538,0.4639325979169153,0.16629398700903292,0.1573867910590711,0.00890719594996181,-0.11889899020434902,True,False,True,False,True,False
2022-07,0.008621277471338746,0.008828381650682882,0.00020710417934413639,0.5121129463995405,0.08303920091402951,0.08925737384373254,-0.006218172929703031,0.040418754587051575,False,True,False,False,False,False
2022-08,-0.018523977884784465,-0.01845966088273011,6.431700205435445e-05,0.4802980715205215,0.07995717939077639,0.0862942268679498,-0.00633704747717341,-0.015013269576402588,False,False,False,False,False,False
2022-09,0.013809997114648882,0.013209695808015839,-0.0006003013066330429,0.49827735601106016,0.0802413695331223,0.08659513508791489,-0.006353765554792584,-0.09852298814565386,False,False,True,False,False,True
2022-10,-0.008262449522585905,-0.007919191945741583,0.0003432575768443219,0.6576988693434476,0.07134850880584984,0.07704327861699888,-0.005694769811149039,0.05412594877291843,False,True,False,False,False,False
2022-11,0.00362805271322846,0.004024604838617216,0.0003965521253887559,0.6218372257529738,0.06934470552712974,0.07523045948394931,-0.0058857539568195755,0.08287574332545256,False,True,False,False,False,False
2022-12,0.003196488198214314,0.0025974705241955183,-0.0005990176740187955,0.4375216801643149,0.07481750462039832,0.08113724617945256,-0.006319741559054237,-0.08821264633543502,False,False,True,False,False,True
2023-01,0.02848607620299787,0.028862615836854157,0.00037653963385628555,0.6167168777789659,0.06799797105545281,0.07378575211051984,-0.005787781055067026,0.09415772182789905,False,True,False,False,False,False
2023-02,0.0017794701201126308,0.0016060337599505372,-0.00017343636016209363,0.5376730846700692,0.07233983353185779,0.07846777072453907,-0.0061279371926812876,-0.014049728632700709,False,False,False,False,False,False
2023-03,0.042503034152249326,0.042522341540283955,1.9307388034628392e-05,0.5878951931545019,0.08171509128075449,0.08221295770038148,-0.0004978664196269855,0.026777323024073763,False,True,False,False,False,False
2023-04,0.020796049438160328,0.02079792452148687,1.8750833265419875e-06,0.37722888004527577,0.09139520868381906,0.09188350201801547,-0.0004882933341964074,0.01170361018532362,False,True,False,False,False,False
2023-05,-0.014093648097858244,-0.014070615122666687,2.3032975191556934e-05,0.40061039986881364,0.0994248785825524,0.09990602764611398,-0.00048114906356157283,0.0368276143317372,False,True,False,False,False,False
2023-06,-0.016017144945316704,-0.015991311969737628,2.5832975579075795e-05,0.48256679684004794,0.1695609610927885,0.16658408435250324,0.002976876740285267,-0.01031686268248544,True,False,False,False,False,False
2023-07,-0.0014267794927216044,-0.0016024632768966295,-0.0001756837841750251,0.3775615378882312,0.20949385937448842,0.20225904543471768,0.00723481393977074,0.026061127415054175,True,True,False,True,False,False
2023-08,0.0065694368741032174,0.007925425111872199,0.0013559882377689814,0.5029812755041099,0.3540882912257068,0.3194632126814696,0.03462507854423719,-0.028011796934685806,True,False,False,False,False,False
2023-09,-0.02990212743447071,-0.029340402658381018,0.0005617247760896921,0.45236922613358976,0.3553504495015702,0.32121530461729075,0.034135144884279434,-0.030013271601982416,True,False,False,False,False,False
2023-10,0.018087761625549863,0.020078931524782774,0.0019911698992329113,0.6084658742577376,0.35529421387003707,0.32097832242678526,0.03431589144325181,-0.04696205319200408,True,False,False,False,False,False
2023-11,0.032266366958812055,0.02976231711317546,-0.0025040498456365967,0.5894433886377621,0.35308892127227803,0.3196710927633804,0.03341782850889763,0.09479846232605205,True,True,False,True,False,False
2023-12,0.03434032385663673,0.03287172240539355,-0.0014686014512431816,0.4362257402263333,0.37445262788997713,0.3398381509706937,0.03461447691928343,0.06527526615530155,True,True,False,True,False,False
2024-01,-0.014057727519907706,-0.011968413613972714,0.0020893139059349926,0.5317685063260642,0.3856525998220719,0.3505006721511775,0.03515192767089442,-0.05837807482697177,True,False,False,False,False,False
2024-02,0.027698873180527453,0.025211377380772847,-0.0024874957997546056,0.45121329645195213,0.36831649192991717,0.33403711651798557,0.0342793754119316,0.07161867159810442,True,True,False,True,False,False
2024-03,0.06957436746864194,0.06866824916777689,-0.0009061183008650525,0.462868681550528,0.38405779081358193,0.3491576673282014,0.03490012348538052,0.05785681586242597,True,True,False,True,False,False
2024-04,0.00697039055528539,0.008336305197470363,0.0013659146421849738,0.4811051909047717,0.3798503496400206,0.3456254023762269,0.034224947263793715,-0.03936007998379887,True,False,False,False,False,False
2024-05,0.0054682881288005926,0.005811321673678905,0.00034303354487831214,0.6249254365051605,0.3623686299149459,0.3292779019131212,0.03309072800182472,-0.0024754530313808587,True,False,False,False,False,False
2024-06,0.02173081831735496,0.020159107501345773,-0.0015717108160091878,0.4907825302101796,0.3594862348103505,0.32655064414180673,0.03293559066854379,0.05859626077222546,True,True,False,True,False,False
2024-07,0.02485082827967354,0.025442157292376855,0.0005913290127033156,0.4559946376136851,0.3724507799745655,0.33885079407591473,0.033599985898650764,0.005131673581662888,True,True,False,True,False,False
2024-08,-0.02343414177571019,-0.021658993354392756,0.001775148421317433,0.5754639180700857,0.36527313114354987,0.3321293580080618,0.03314377313548805,-0.05554824485111076,True,False,False,False,False,False
2024-09,0.00230758605993836,0.0047709288432417965,0.0024633427833034363,0.4966610490044766,0.35325231923103834,0.3206165325282529,0.03263578670278544,-0.05895328765467056,True,False,True,False,True,False
2024-10,0.03595465472829374,0.03664748142853889,0.0006928267002451471,0.7356238814815301,0.3316586762172019,0.3002803183496752,0.031378357867526685,-0.00654657340102871,True,False,False,False,False,False
2024-11,-0.014226604438073073,-0.013120119206237667,0.0011064852318354058,0.7207262407315631,0.34089366756373807,0.3108179359183257,0.030075731645412385,-0.025428674601680634,True,False,False,False,False,False
2024-12,0.012001339568041643,0.01307269939328572,0.001071359825244077,0.6886435552956557,0.33699159307229654,0.3069166378597777,0.03007495521251885,-0.03125002096598195,True,False,False,False,False,False
2025-01,0.03492915193686927,0.034597339418370815,-0.0003318125184984533,0.6499645672061712,0.32259060865036004,0.2934905440999732,0.02910006455038683,0.02841313310995419,True,True,False,True,False,False
2025-02,0.02143998761502461,0.02104242748999113,-0.00039756012503348176,0.5944235932233695,0.3205480066423955,0.29172683839126967,0.02882116825112585,0.026886575460756346,True,True,False,True,False,False
2025-03,0.050426476559794875,0.050544197157889825,0.00011772059809495028,0.6204709289102308,0.3222501786649718,0.2933895809819729,0.028860597682998923,0.015174093816641365,True,True,False,True,False,False
2025-04,0.003357639958376851,0.0034472296956455963,8.958973726874535e-05,0.736183121728499,0.31143547070245475,0.28351163776133426,0.027923832941120497,0.006470345820575041,True,True,False,True,False,False
2025-05,0.02275139175423863,0.020921135793292876,-0.001830255960945753,0.5462298070298355,0.31238091456986605,0.2843468855756848,0.028034028994181226,0.06281328314753187,True,True,False,True,False,False
2025-06,0.04016133774421093,0.035342622742761384,-0.004818715001449543,0.6935482977909705,0.3246166623704454,0.29601223862421583,0.028604423746229568,0.16231964458001236,True,True,False,True,False,False
2025-07,0.028273936748744045,0.027325538007824106,-0.0009483987409199396,0.6650899841714722,0.3627384835197877,0.33233133584627256,0.030407147673515156,0.0375873310771595,True,True,False,True,False,False
2025-08,0.014894364861452526,0.015512800140966971,0.0006184352795144451,0.655603788191904,0.36893034438167766,0.3391329821975734,0.02979736218410428,-0.011088071676374822,True,False,False,False,False,False
2025-09,0.09751929140849856,0.09471573322966757,-0.0028035581788309893,0.5099138212216501,0.3718041005422611,0.34245113412584455,0.029352966416416548,0.11761279240398959,True,True,False,True,False,False
2025-10,0.11026755017769667,0.10425793581626247,-0.0060096143614341985,0.6056627145377596,0.39234280794265425,0.3640501677111395,0.028292640231514732,0.22118383126036556,True,True,False,True,False,False
2025-11,0.021702238099407207,0.023076275647733818,0.0013740375483266114,0.7066382959345276,0.4315436053384896,0.40258167836124453,0.02896192697724509,-0.03560085485030473,True,False,False,False,False,False
2025-12,0.04259383096372191,0.040201434215201885,-0.0023923967485200218,0.6474397449276243,0.4373407740510876,0.4065424984462176,0.03079827560487003,0.08370392634432666,True,True,False,True,False,False
2026-01,0.14671741902153246,0.1395908194844013,-0.007126599537131156,0.7304151648648168,0.4545391895183662,0.42350266771215733,0.03103652180620886,0.2436930707893008,True,True,False,True,False,False
2026-02,0.15909754595652054,0.15360323018952143,-0.005494315766999103,0.8324257536022928,0.4929667042010983,0.46217897402729896,0.03078773017379932,0.21610734525888353,True,True,False,True,False,False
2026-03,-0.09773132125813301,-0.09596356636384276,0.0017677548942902493,0.8913807056112097,0.5037808059294858,0.48720401800663893,0.01657678792284689,-0.13147173729431427,True,False,True,False,True,False
2026-04,0.11706882701209957,0.11255879948382964,-0.004510027528269928,0.7276005863359469,0.48282946445752756,0.4680578226042943,0.014771641853233264,0.2883732825472787,True,True,False,True,False,False
2026-05,0.1380812737463642,0.1381281788735068,4.6905127142615743e-05,0.7276005863359469,0.4493399105045455,0.44933991053523686,-3.0691338359645215e-11,0.31668788522161795,False,True,False,False,False,False
2026-06,-0.017786813866464753,-0.017786813866555947,-9.119441313210075e-14,0.6571959119147275,0.41732689013509267,0.41732689013517466,-8.198997036856781e-14,0.03459259960984995,False,True,False,False,False,False
2026-07,-0.14374953258816175,-0.14374953256251446,2.5647289847441357e-11,0.7615520635481527,0.4087248294467379,0.40872482934429644,1.0244144421633905e-10,-0.2683561581574345,False,False,True,False,False,True
