month,return_factor,gross_factor,turnover,trade_cost,fx_cost,avg_stress,max_stress,avg_transfer,return,gross_return,nav,drawdown
2006-04,1.0315387969714844,1.034716324942376,1.4577544934465476,0.0028732634803396427,0.0002049752755381906,0.13927370378549375,0.27607361963190186,0.13927370378549375,0.03153879697148443,0.03471632494237609,1.0315387969714844,0.0
2006-05,0.9427534068848477,0.9463257927792461,1.1695439234783438,0.003508631770435031,0.00025524735287652857,0.31594160986448616,0.6739644970414201,0.31594160986448616,-0.057246593115152344,-0.05367420722075389,0.9724867151787641,-0.057246593115152344
2006-06,0.9905926864475293,0.9935412136551689,0.9194607859208983,0.0027583823577626947,0.00021031992156659313,0.6518315791975204,0.824736225087925,0.6518315791975204,-0.009407313552470709,-0.006458786344831102,0.9633382277234651,-0.06611537001637824
2006-07,1.0098770369852486,1.0114859693703546,0.49980255741406115,0.0014994076722421835,9.378715761576495e-05,0.5942316425887816,0.7375,0.5942316425887816,0.009877036985248555,0.01148596937035462,0.9728531550279935,-0.05689135698607484
2006-08,1.0048807639278297,1.0057109644885938,0.25998344214983826,0.0007799503264495148,4.7041144167273645e-05,0.33747819349826774,0.5382022471910113,0.33747819349826774,0.004880763927829657,0.005710964488593762,0.9776014216141294,-0.052288266341228073
2006-09,0.9920009695527259,0.9924866433354889,0.15061060778588214,0.0004518318233576464,3.75977689347291e-05,0.11377485464546057,0.3226332970620239,0.11377485464546057,-0.007999030447274125,-0.007513356664511139,0.9697815580773396,-0.059869041354003505
2006-10,1.0002760890889866,1.00103619563768,0.23661085224453682,0.0007098325567336105,4.9327978225112395e-05,0.14065580380664056,0.4577540106951872,0.14065580380664056,0.00027608908898657525,0.001036195637680093,0.9700493041842251,-0.05960948145410294
2006-11,1.0134930775278417,1.013743330537461,0.07347458557263745,0.00022042375671791234,2.665151178185572e-05,0.0082458033007498,0.03995793901156677,0.0082458033007498,0.01349307752784168,0.013743330537461018,0.9831382546514117,-0.0469207192809159
2006-12,0.9941600994248405,0.996090602714114,0.628175438111461,0.001884526314334383,5.418233992497272e-05,0.03989160331619607,0.13710499490316005,0.03989160331619607,-0.005839900575159485,-0.003909397285886018,0.9773968249926116,-0.05248660752055989
2007-01,1.0004336455639435,1.0020634900604068,0.5340425801573367,0.0016021277404720102,2.5326632629117357e-05,0.09438644774751352,0.1941941941941942,0.09438644774751352,0.00043364556394354103,0.0020634900604068473,0.9778206687899822,-0.05207572254113402
2007-02,1.0059213783089516,1.006241167045026,0.09929176068532415,0.00029787528205597245,1.995417286967008e-05,0.08828716697062262,0.14583333333333334,0.08828716697062262,0.005921378308951564,0.006241167045025975,0.9836107148881997,-0.046462704286060474
2007-03,1.0106475009601315,1.01136183117067,0.22368454533680462,0.0006710536360104138,3.5497054520379045e-05,0.3028781509489369,0.4222222222222222,0.3028781509489369,0.01064750096013145,0.011361831170670023,0.9940837109193674,-0.036309915014425154
2007-04,0.9995114511541027,0.9999826528895053,0.1487898263581537,0.00044636947907446105,2.4883546442707475e-05,0.19483234357578866,0.28199052132701424,0.19483234357578866,-0.0004885488458973297,-1.734711049472537e-05,0.9935980524696725,-0.03678072469324756
2007-05,1.0500470032234237,1.0529229210416309,0.8705914179289929,0.0026117742537869783,0.00013856494809326244,0.1511210521337118,0.24976958525345622,0.1511210521337118,0.0500470032234237,0.05292292104163088,1.0433246574044097,0.0
2007-06,0.9974036264662492,0.9991725001016947,0.5767702144332835,0.0017303106432998503,4.722745077802616e-05,0.37422526597554323,0.48426258992805754,0.37422526597554323,-0.002596373533750751,-0.0008274998983053283,1.0406157968768153,-0.002596373533750862
2007-07,1.0239524389226702,1.0248369346279507,0.2735010950443021,0.0008205032851329063,4.358752868918817e-05,0.5720000319063836,0.84375,0.5720000319063836,0.023952438922670183,0.02483693462795067,1.0655410831934728,0.0
2007-08,1.0025949929136797,1.0030040330925496,0.12754886836692472,0.00038264660510077417,2.523271076995716e-05,0.9093167389258581,0.9995648389904265,0.9093167389258581,0.0025949929136797056,0.003004033092549596,1.0683061547535946,0.0
2007-09,1.0204509607234038,1.020869088361835,0.12759511462889025,0.0003827853438866708,2.7207665092570928e-05,0.8338708405630483,0.9497854077253219,0.8338708405630483,0.0204509607234038,0.020869088361834987,1.0901540419650309,0.0
2007-10,1.0184307817553928,1.0188802480052768,0.1370823865507005,0.00041124715965210154,3.033741097934807e-05,0.8282840140068448,0.8973176865046102,0.8282840140068448,0.01843078175539281,0.018880248005276767,1.1102464331922477,0.0
2007-11,0.9982496970195223,1.0004729597007742,0.6783986275451235,0.0020351958826353702,0.00018968258431137543,0.9287454324510939,0.9829734219269103,0.9287454324510939,-0.001750302980477736,0.00047295970077421146,1.1083031655511666,-0.001750302980477625
2007-12,1.0264449544384084,1.0272170472348587,0.23430061330193844,0.0007029018399058154,4.959031544519893e-05,0.7837189541325488,0.857084357084357,0.7837189541325488,0.02644495443840844,0.027217047234858738,1.137612192268111,0.0
2008-01,1.0837780338374425,1.0857328657569396,0.5487757011543065,0.0016463271034629196,0.0001722382714211045,0.7662073645916021,0.9988028731045491,0.7662073645916021,0.08377803383744253,0.08573286575693961,1.2329191050058361,0.0
2008-02,1.0445237374611331,1.0449355787298755,0.12201053533052296,0.0003660316059915689,2.7713985105527252e-05,0.808490387634755,0.8708530805687204,0.808490387634755,0.04452373746113314,0.044935578729875525,1.2878132715479311,0.0
2008-03,0.9644496921956087,0.9650645997357364,0.20012770641835984,0.0006003831192550795,3.270822986706795e-05,0.8119411873725872,0.982544608223429,0.8119411873725872,-0.03555030780439128,-0.03493540026426356,1.242031113349822,-0.03555030780439128
2008-04,1.0161927977461875,1.0184508980226803,0.6907203700781417,0.002072161110234425,0.00013915446946432224,0.6245359915543116,0.7636015325670498,0.6245359915543116,0.016192797746187537,0.018450898022680295,1.262143071962768,-0.019933169002294804
2008-05,1.0505456521910128,1.0520864148933078,0.4658906030584058,0.0013976718091752176,6.732101179639217e-05,0.4341464170461057,0.5902621722846442,0.4341464170461057,0.05054565219101281,0.052086414893307786,1.3259389166934945,0.0
2008-06,1.0506865712209839,1.0526918692118437,0.6066326590645608,0.0018198979771936825,8.821643069239715e-05,0.533960817126262,0.6754646840148699,0.533960817126262,0.050686571220983856,0.052691869211843656,1.3931462140291535,0.0
2008-07,0.9520233198140455,0.9534813809899507,0.47109569392858985,0.0014132870817857696,0.00010716322981940402,0.6576275394749883,0.7800875273522976,0.6576275394749883,-0.04797668018595447,-0.04651861901004928,1.3263076836664036,-0.04797668018595436
2008-08,0.9893490344047262,0.9898615542384441,0.1558339184294972,0.00046750175528849163,5.053166949588916e-05,0.588798019660817,0.6719653179190751,0.588798019660817,-0.010650965595273787,-0.01013844576155587,1.3121812261589254,-0.05811664781119219
2008-09,1.0939825551100748,1.0947958220819414,0.21701025226557852,0.0006510307567967356,9.467237188116656e-05,0.808899737526762,0.9699646643109541,0.808899737526762,0.0939825551100748,0.09479582208194137,1.4355033705608122,0.0
2008-10,0.941577504803528,0.9424823514065056,0.2745926076399362,0.0008237778229198086,0.00013364215593215855,0.9862737667085931,0.9996534996534997,0.9862737667085931,-0.058422495196472024,-0.0575176485934944,1.3516376817897038,-0.058422495196472024
2008-11,1.1225591723626296,1.1232721529828782,0.18244153824639525,0.0005473246147391857,9.082408063310322e-05,0.9922752632703974,0.9982864976010967,0.9922752632703974,0.12255917236262959,0.12327215298287819,1.5172932774039931,0.0
2008-12,0.9933748280511119,0.9937677666610358,0.11307727797110469,0.00033923183391331406,5.6310368584751914e-05,0.9730365758351024,0.9827118644067797,0.9730365758351024,-0.00662517194888812,-0.006232233338964166,1.5072409485442997,-0.00662517194888812
2009-01,1.0929487778858156,1.093383272745134,0.11380340255524196,0.00034141020766572587,5.6480396684606415e-05,0.9606572128805122,0.967,0.9606572128805122,0.09294877788581557,0.09338327274513403,1.6473371526909497,0.0
2009-02,1.0908142138172618,1.0911501425952186,0.08841399341704126,0.00026524198025112375,4.3724255272092395e-05,0.9531580840585994,0.9644754316069057,0.9531580840585994,0.09081421381726185,0.09115014259521859,1.796938781104545,0.0
2009-03,0.929175116521104,0.9296179356243671,0.1360867680473793,0.0004082603041421378,6.722445848711967e-05,0.9220014794157102,0.9485245901639344,0.9220014794157102,-0.07082488347889604,-0.07038206437563288,1.6696708013141062,-0.07082488347889604
2009-04,0.9393101970368125,0.9397046112467828,0.12091290397605037,0.0003627387119281511,5.604783528211027e-05,0.8697787577499674,0.9130575307045895,0.8697787577499674,-0.06068980296318749,-0.06029538875321716,1.5683388093689656,-0.12721633821885858
2009-05,1.0087042054618263,1.0102367715042677,0.43435685652539563,0.001303070569576187,0.00021096371468392136,0.7920151559695703,0.8852459016393442,0.7920151559695703,0.008704205461826264,0.010236771504267717,1.5819899525994692,-0.11961944990299045
2009-06,0.9958340864893159,0.9959310839316519,0.029038481813090433,8.71154454392713e-05,1.0259576906369569e-05,0.7429391191142002,0.7946540880503145,0.7429391191142002,-0.004165913510684072,-0.0040689160683481385,1.5753995192821686,-0.123287039131183
2009-07,0.9988170969129855,0.9989739988177749,0.047986670267188586,0.00014396001080156575,1.3100723521403568e-05,0.5675239308656588,0.6494749845583694,0.5675239308656588,-0.0011829030870145196,-0.001026001182225067,1.5735359743275286,-0.1243241055990204
2009-08,1.004160274770862,1.0043919282432177,0.07117207747872098,0.00021351623243616295,1.7268731639417485e-05,0.5593509318226102,0.6754866180048662,0.5593509318226102,0.004160274770862005,0.004391928243217658,1.5800823163425672,-0.12068105326809186
2009-09,1.0056749780993146,1.0058921741489772,0.06359149391269783,0.0001907744817380935,2.54117747420858e-05,0.3883411981726895,0.4658403869407497,0.3883411981726895,0.005674978099314609,0.005892174148977247,1.5890492488829255,-0.11569093750307602
2009-10,1.007888873301345,1.0082350273992131,0.10701219613086324,0.00032103658839258977,2.2498888193300348e-05,0.4221449290877955,0.5813679245283019,0.4221449290877955,0.007888873301344912,0.008235027399213113,1.6015850570769603,-0.10871473534980658
2009-11,1.0217429019290774,1.0220275462667308,0.08459418323386445,0.00025378254970159336,2.5039188511206372e-05,0.3764489240238148,0.5909893992932862,0.3764489240238148,0.021742901929077352,0.022027546266730758,1.6364081639040604,-0.0893356072496857
2009-12,1.0149244165475502,1.0169427200811738,0.6275124191909921,0.0018825372575729765,0.00011356204623332474,0.24317407233853452,0.3341094295692666,0.24317407233853452,0.014924416547550168,0.016942720081173812,1.6608306009839764,-0.07574447251725813
2010-01,1.0022404792164712,1.003595642290366,0.4352172639260095,0.0013056517917780285,4.539443124741255e-05,0.23176538122529922,0.49943084803642573,0.23176538122529922,0.0022404792164711917,0.003595642290366019,1.6645516574275603,-0.0736736972172245
2010-02,0.9994926836924493,1.0019626902561638,0.7700075748182572,0.0023100227244547715,0.00016239784801219865,0.32316100642611834,0.47451868629671573,0.32316100642611834,-0.0005073163075507425,0.0019626902561638015,1.6637072032269866,-0.07414363765673937
2010-03,1.0265755381998425,1.0275618702474332,0.29619436823305056,0.0008885831046991517,7.284182232131642e-05,0.12845438419003144,0.26152980877390325,0.12845438419003144,0.026575538199842486,0.027561870247433173,1.7079211175596984,-0.04953850653171887
2010-04,1.020800997018295,1.0218395800640552,0.3139020376052247,0.0009417061128156741,7.696614949422705e-05,0.08049075724997089,0.21993410214168038,0.08049075724997089,0.020800997018294964,0.021839580064055175,1.7434475796335407,-0.02976795984008107
2010-05,1.00063070567846,1.003882704491875,0.999886768572972,0.0029996603057189162,0.00023994952867302858,0.4928448733275898,0.7716385410996189,0.4928448733275898,0.0006307056784600196,0.0038827044918749998,1.744547181922113,-0.02915602898292835
2010-06,1.0069118437579307,1.0087091775614925,0.5480280868800812,0.0016440842606402436,0.00014052378256433854,0.32322472870427815,0.5531165311653117,0.32322472870427815,0.006911843757930747,0.008709177561492476,1.756605219471897,-0.022445707141929283
2010-07,1.0002057465604595,1.0018033258891728,0.4927381557312426,0.0014782144671937278,0.00011978141255841179,0.24123250407229457,0.4096030042918455,0.24123250407229457,0.00020574656045946327,0.0018033258891727577,1.7569666349538886,-0.022244578708511265
2010-08,1.0118175841052515,1.0129785724531095,0.3532914605356023,0.0010598743816068068,8.734537175437835e-05,0.14617808147904202,0.2696777601690438,0.14617808147904202,0.011817584105251466,0.012978572453109516,1.7777297359325768,-0.0106898717830336
2010-09,1.0342693785381756,1.0347765095325832,0.15039218578108057,0.0004511765573432417,4.0159091023198005e-05,0.042741313930764586,0.16789087093389296,0.042741313930764586,0.03426937853817558,0.034776509532583155,1.8386514291918212,0.0
2010-10,1.0043446337262831,1.0051825021339245,0.2559834461296184,0.0007679503383888551,6.521656669164921e-05,0.0705444342203817,0.23503611971104232,0.0705444342203817,0.004344633726283131,0.00518250213392446,1.8466396962019667,0.0
2010-11,1.026157005825032,1.0279103328933632,0.524294744089562,0.0015728842322686861,0.00013612194869044102,0.24444845648940436,0.49796644636502285,0.24444845648940436,0.026157005825031998,0.0279103328933632,1.8949422614922569,0.0
2010-12,1.016175723576695,1.018344499768031,0.6534504626800062,0.0019603513880400185,0.00017288623355407275,0.13609067125406735,0.45960365853658536,0.13609067125406735,0.016175723576695056,0.018344499768031097,1.925594323707953,0.0
2011-01,0.9901159536344326,0.9922356566117745,0.6282411312706236,0.001884723393811871,0.0002544055384814328,0.027562990131477245,0.07531172069825437,0.027562990131477245,-0.00988404636556739,-0.007764343388225514,1.9065616601311501,-0.00988404636556739
2011-02,1.010780150181236,1.0137150559259813,0.8730986760894179,0.0026192960282682537,0.0002717006283753542,0.1574313877524037,0.33687068114511354,0.1574313877524037,0.010780150181235904,0.013715055925981323,1.9271146811571505,0.0
2011-03,1.0179542760001192,1.0209370011207293,0.9344363660945132,0.0028033090982835396,0.00012987746924197845,0.1936313516135577,0.6660942100098135,0.1936313516135577,0.01795427600011923,0.02093700112072927,1.9617146300265278,0.0
2011-04,1.0269548905185482,1.028066991212375,0.34628402141955106,0.0010388520642586531,4.58592361952353e-05,0.14528509905976747,0.2337220602526725,0.14528509905976747,0.026954890518548158,0.028066991212374992,2.014592433107527,0.0
2011-05,0.9669589316102735,0.968674959150078,0.5599594038247807,0.001679878211474342,9.2019774040908e-05,0.2475909204223944,0.3640519730510106,0.2475909204223944,-0.033041068389726536,-0.03132504084992205,1.9480281467477958,-0.033041068389726536
2011-06,0.9562281747313188,0.9581631700058204,0.6432724942283639,0.0019298174826850915,8.792574355394817e-05,0.28735886460867016,0.4220532319391635,0.28735886460867016,-0.043771825268681175,-0.04183682999417959,1.8627593990898785,-0.07536662578616204
2011-07,1.0237932963022038,1.0257139502117594,0.5987877781679913,0.001796363334503974,8.356272030847367e-05,0.23776300189823124,0.3999529190207156,0.23776300189823124,0.023793296302203837,0.025713950211759373,1.907080585412139,-0.05336654994258572
2011-08,1.075407161375925,1.0773771412617876,0.5813249147462856,0.0017439747442388567,9.45476219589374e-05,0.773411266754303,0.9726635514018691,0.773411266754303,0.07540716137592507,0.07737714126178763,2.050888118873206,0.0
2011-09,0.9977396114705027,0.9996007436406453,0.5816509150365875,0.0017449527451097627,0.0001225615690740397,0.9016258816082741,0.9571625978811608,0.9016258816082741,-0.0022603885294972814,-0.00039925635935467163,2.046252314894023,-0.0022603885294972814
2011-10,0.9764916745178374,0.9774415542630963,0.2867126629844325,0.0008601379889532974,0.00011326412982853851,0.8619019992557675,0.9552135966926963,0.8619019992557675,-0.02350832548216264,-0.022558445736903687,1.9981483494568655,-0.025715576062392276
2011-11,1.037949164723256,1.0383567713802797,0.11909216098694712,0.00035727648296084136,3.64675452949948e-05,0.8287264534716432,0.8901273885350318,0.8287264534716432,0.037949164723255935,0.03835677138027971,2.073976410311906,0.0
2011-12,0.9423840092356472,0.9427136144618983,0.1063221810379384,0.0003189665431138152,3.0153764600381717e-05,0.6894497745373456,0.7839478417266187,0.6894497745373456,-0.057615990764352754,-0.057286385538101725,1.9544822046098895,-0.057615990764352754
2012-01,1.0535574812044781,1.0539661742517679,0.11780684777298463,0.0003534205433189539,3.529145638685361e-05,0.5764959724473486,0.701828724353256,0.5764959724473486,0.05355748120447812,0.05396617425176786,2.059159348547771,-0.007144276902313784
2012-02,0.9976061924195758,0.9993290277578771,0.4993014331551626,0.001497904299465488,0.00022787702474015301,0.3967569640471388,0.5174624226348364,0.3967569640471388,-0.0023938075804241787,-0.0006709722421228692,2.054230117289916,-0.009520982458532501
2012-03,0.9975668574026566,0.9979791816684859,0.12678315817625135,0.00038034947452875406,3.2729537750139134e-05,0.1741021712201907,0.3580814717477004,0.1741021712201907,-0.0024331425973433962,-0.0020208183315141293,2.0492318824867923,-0.011930959147887443
2012-04,1.0050637582574262,1.0053604337141566,0.09116218295535045,0.0002734865488660513,2.1777238012972573e-05,0.13971298743978527,0.2296360485268631,0.13971298743978527,0.005063758257426221,0.0053604337141566205,2.059608697353116,-0.006927616383365254
2012-05,0.9992236924575466,0.9998176420788598,0.18325570827508317,0.0005497671248252495,4.486426541612955e-05,0.30143392269001107,0.6408058294042006,0.30143392269001107,-0.0007763075424533916,-0.000182357921140186,2.058009807586858,-0.007698545964969106
2012-06,0.9903612448143497,0.9907897395550314,0.13275237518819005,0.00039825712556457014,3.426390385062834e-05,0.4916064311482642,0.6890738369611609,0.4916064311482642,-0.009638755185650272,-0.009210260444968643,2.038173154881861,-0.01726309675077753
2012-07,1.017194675197853,1.017603918449543,0.12394763465022968,0.00037184290395068904,3.08786839577703e-05,0.21769188791624144,0.4003783102143758,0.21769188791624144,0.017194675197852893,0.0176039184495429,2.0732188802770377,-0.0003652548944633738
2012-08,1.0133414264689315,1.0136504919532867,0.09396061743589373,0.0002818818523076812,2.3321846241352182e-05,0.27140620106047175,0.4192872117400419,0.27140620106047175,0.01334142646893155,0.013650491953286714,2.1008785775222543,0.0
2012-09,1.0114015322632126,1.0116731905079883,0.08215131518684968,0.000246453945560549,2.2417293138074543e-05,0.23226676215926195,0.38891196013289037,0.23226676215926195,0.01140153226321261,0.011673190507988318,2.1248318124049663,0.0
2012-10,0.9906611421054272,0.9909158539081393,0.0790707550658046,0.00023721226519741383,1.9804473644755502e-05,0.11299569351087442,0.24212034383954154,0.11299569351087442,-0.009338857894572783,-0.009084146091860701,2.1049883100590487,-0.009338857894572783
2012-11,0.9960168467550401,0.9962215333249074,0.0620006552398842,0.00018600196571965259,1.9490704924323352e-05,0.07487991658567131,0.1906416019615856,0.07487991658567131,-0.003983153244959903,-0.003778466675092629,2.0966038190412344,-0.013284813037405696
2012-12,0.9950413949845947,0.995161284191347,0.03509561585982739,0.00010528684757948218,1.520855441575933e-05,0.01552663443833258,0.035829307568438,0.01552663443833258,-0.0049586050154053485,-0.004838715808653027,2.0862075888288185,-0.018177543912255123
2013-01,1.0119042404815157,1.012067465533833,0.047347588349754104,0.00014204276504926232,1.9478390892342046e-05,0.011855213265605076,0.033185840707964605,0.011855213265605076,0.011904240481515727,0.012067465533833088,2.1110423056606,-0.006489693284834175
2013-02,0.9984230743312688,0.9985617553802667,0.04085985083615444,0.00012257955250846334,1.6369517390536632e-05,0.013592531395958701,0.03763440860215054,0.013592531395958701,-0.0015769256687312438,-0.0014382446197332976,2.1077133488610262,-0.008056385189642246
2013-03,1.0057512768108887,1.0059166713588823,0.048952665450829186,0.00014685799635248757,1.755866522931761e-05,0.041610256997585394,0.09012199921290831,0.041610256997585394,0.005751276810888717,0.005916671358882297,2.1198353917683312,-0.0023514428800742726
2013-04,0.9857969708201341,0.9861539167319996,0.1088963104398455,0.0003266889313195365,3.50198690483086e-05,0.12118148490231719,0.3617520531873289,0.12118148490231719,-0.014203029179865934,-0.013846083268000409,2.089727307842533,-0.016521074448099804
2013-05,0.991636770909255,0.9918084088776943,0.050218778471036285,0.00015065633541310887,2.254523113368255e-05,0.0125659477502998,0.025875486381322955,0.0125659477502998,-0.00836322909074505,-0.00819159112230572,2.07225043962986,-0.024746134008410192
2013-06,0.9700743655420951,0.9703721676676821,0.09362059443880062,0.00028086178331640185,2.5811695229092548e-05,0.12700338071267323,0.3881856540084388,0.12700338071267323,-0.02992563445790486,-0.029627832332317916,2.010237030468264,-0.05393122470573308
2013-07,1.0137397116202098,1.0140229728306909,0.08485225692472631,0.00025455677077417893,2.5448513339473998e-05,0.1593352196936213,0.25908221797323133,0.1593352196936213,0.013739711620209816,0.014022972830690872,2.037857107555165,-0.040932512560304724
2013-08,1.0076905841105999,1.0078105218754467,0.03497999305002767,0.00010493997915008301,1.4045696282038127e-05,0.03859001843082323,0.08934642992066491,0.03859001843082323,0.007690584110599863,0.00781052187544673,2.053529419046202,-0.03355672338040805
2013-09,0.9928583532597638,0.9929928892045831,0.03944427036244064,0.0001183328110873219,1.7105706574713455e-05,0.0717334948095744,0.09909740503948852,0.0717334948095744,-0.007141646740236207,-0.007007110795416938,2.0388638373646915,-0.04045871985650151
2013-10,1.0034789030085254,1.0036021504566124,0.035825779967332064,0.0001074773399019962,1.537180975150642e-05,0.022115156795952856,0.05939484497571909,0.022115156795952856,0.0034789030085253803,0.003602150456612385,2.045956846902473,-0.03712056881020609
2013-11,0.9885481274233565,0.9886987119782786,0.046509918309900054,0.00013952975492970016,1.2638946444660286e-05,0.018228410535303184,0.05374953823420761,0.018228410535303184,-0.011451872576643485,-0.011301288021721367,2.0225268097944347,-0.04814734136286247
2013-12,1.0001238547751847,1.0002679568299084,0.042703605050371414,0.00012811081515111424,1.5897695852551284e-05,0.027903230601624016,0.06993392070484582,0.027903230601624016,0.00012385477518472854,0.0002679568299084334,2.022777309397767,-0.04802944986581792
2014-01,1.0082348590223462,1.008349505437378,0.033951049328369884,0.00010185314798510966,1.1927862479829368e-05,0.013580610022442107,0.06415848782260997,0.013580610022442107,0.00823485902234622,0.008349505437377891,2.0394345953742583,-0.04019010659203759
2014-02,1.0123914822685838,1.012529896263591,0.041579512529235,0.000124738537587705,1.2032360482117456e-05,0.062079383480706074,0.2148820326678766,0.062079383480706074,0.012391482268583776,0.012529896263590912,2.064706213000775,-0.028296639316661487
2014-03,0.9961521394275823,0.9963017866158785,0.04508037092252983,0.0001352411127675895,1.4884716925968558e-05,0.01684462017391258,0.046532518864534675,0.01684462017391258,-0.003847860572417705,-0.0036982133841214626,2.0567615113701434,-0.03203561836632063
2014-04,0.99852285854388,0.998612982710129,0.026432003761097993,7.929601128329398e-05,1.0961960417607455e-05,0.0034194984000152366,0.022727272727272728,0.0034194984000152366,-0.0014771414561199903,-0.0013870172898710065,2.0537233836763464,-0.03346543868247931
2014-05,1.0028633229022974,1.002957859433871,0.028221584295581283,8.466475288674385e-05,9.618415375904244e-06,0.0016565190584767284,0.005482844004244782,0.0016565190584767284,0.002863322902297405,0.0029578594338710573,2.059603856875811,-0.03069793813719679
2014-06,1.0130931167902715,1.01317142149601,0.02358696689898995,7.076090069696985e-05,6.554501421825309e-06,0.005392698381848051,0.011783327470981358,0.005392698381848051,0.013093116790271475,0.013171421496009916,2.0865704907155793,-0.01800675303617627
2014-07,1.006427000331073,1.006505086501088,0.023480629138159688,7.044188741447907e-05,7.169983599396794e-06,0.007865402923130172,0.04033379694019471,0.007865402923130172,0.006427000331072907,0.006505086501088053,2.0999808799502153,-0.011695482112828337
2014-08,1.0000701720735925,1.000144883339903,0.022907686113313265,6.87230583399398e-05,5.998556681380059e-06,0.021953795993096915,0.034213268496005554,0.021953795993096915,7.017207359250044e-05,0.00014488333990292368,2.100128239963066,-0.011626130735467366
2014-09,1.0053073030593453,1.0054329893640332,0.03723835578499539,0.00011171506735498617,1.3317069813267802e-05,0.024134654208797113,0.03756432246998285,0.024134654208797113,0.005307303059345347,0.005432989364033247,2.1112742569960394,-0.006380531075342866
2014-10,0.9994797246380646,0.9997132909822336,0.07107406241896067,0.000213222187256882,2.0481861362706404e-05,0.10715440308642896,0.34079262043047487,0.10715440308642896,-0.0005202753619354406,-0.00028670901776639557,2.1101758130178356,-0.006897486804163799
2014-11,1.0097369514838797,1.0098657520482688,0.03815405644163348,0.00011446216932490043,1.3241477918910046e-05,0.059316256068856876,0.1105818305546104,0.059316256068856876,0.009736951483879652,0.009865752048268783,2.1307224925316466,0.0
2014-12,1.0013478070287154,1.0015073972817514,0.04820863039538421,0.00014462589118615263,1.4784017902337284e-05,0.05737083115814347,0.16363636363636364,0.05737083115814347,0.0013478070287153976,0.0015073972817514214,2.1335942952833227,0.0
2015-01,1.0196374931384948,1.0197819963617245,0.04270077362497726,0.0001281023208749318,1.3647201946391623e-05,0.0656953750580223,0.11057209769153563,0.0656953750580223,0.019637493138494833,0.019781996361724508,2.1754927386172804,0.0
2015-02,0.9951356947980557,0.9952288559957408,0.028378858381184723,8.513657514355417e-05,8.508650060289745e-06,0.041275915340046744,0.0875,0.041275915340046744,-0.004864305201944252,-0.0047711440042591535,2.1649104779720325,-0.004864305201944252
2015-03,1.0093124650875684,1.0094181983269774,0.031209550607257233,9.362865182177171e-05,1.1175888801344576e-05,0.022781332041559556,0.048760330578512395,0.022781332041559556,0.009312465087568444,0.009418198326977434,2.1850711312158584,0.0
2015-04,0.9933817413649534,0.993528109800978,0.044588002748201766,0.0001337640082446053,1.3526028819382148e-05,0.037737934657146456,0.08183306055646482,0.037737934657146456,-0.006618258635046614,-0.006471890199021946,2.170609765333498,-0.006618258635046503
2015-05,1.0063637629569526,1.0064563414802608,0.02837722896833844,8.513168690501533e-05,6.874745448253734e-06,0.04656224262316794,0.07330949284785436,0.04656224262316794,0.006363762956952623,0.006456341480260752,2.184423011352127,-0.0002966127072351332
2015-06,0.9933051422371298,0.993481809273359,0.05384904305990059,0.00016154712917970177,1.621167581854955e-05,0.10811670541273895,0.18103727714748785,0.10811670541273895,-0.0066948577628701544,-0.006518190726640949,2.169798609997184,-0.0069894846902197605
2015-07,0.9981205065847437,0.998307373581896,0.05667100247267099,0.00017001300741801298,1.7218470716084492e-05,0.11183658010621957,0.18882807469414037,0.11183658010621957,-0.0018794934152562837,-0.0016926264181039707,2.165720487797262,-0.008855841415024712
2015-08,1.002704604335076,1.0031348975398255,0.1311798521557962,0.00039353955646738865,3.491545428405667e-05,0.24644160427831507,0.8130975143403442,0.24644160427831507,0.002704604335076022,0.003134897539825543,2.1715779048171213,-0.006175188627030592
2015-09,1.0044351567452299,1.0050210087338085,0.1789924196215713,0.000536977258864714,4.613212507522514e-05,0.4931075445590517,0.6799555273189326,0.4931075445590517,0.0044351567452298735,0.005021008733808507,2.181209193209463,-0.001767419811293025
2015-10,1.0020772128679716,1.0022785769287577,0.061425881518373866,0.0001842776445551216,1.6732367955713467e-05,0.22281914405303807,0.5028453999367689,0.22281914405303807,0.0020772128679715784,0.0022785769287576585,2.1857400290133358,0.0
2015-11,0.9897781357349642,0.9899661459580473,0.058502120953277774,0.00017550636285983332,1.4344817184784607e-05,0.12214522685238897,0.25852895148669797,0.12214522685238897,-0.010221864265035796,-0.010033854041952672,2.163397691118106,-0.010221864265035796
2015-12,1.0073787536523153,1.0076435396117247,0.08137851598816333,0.00024413554796449,1.8854479614820972e-05,0.1644146255109541,0.3123445273631841,0.1644146255109541,0.0073787536523153285,0.007643539611724703,2.179360869732854,-0.002918535230999608
2016-01,1.012275599506255,1.0127933282368577,0.15662035283622341,0.00046986105850867026,4.1737639954572194e-05,0.413481109230799,0.6890432098765432,0.413481109230799,0.012275599506254897,0.012793328236857748,2.206113830949298,0.0
2016-02,1.0191392945383133,1.0194902797600836,0.10602257031311396,0.0003180677109393419,2.643800987661526e-05,0.3604069885592912,0.6607746695358131,0.3604069885592912,0.01913929453831331,0.01949027976008355,2.2483372933448833,0.0
2016-03,0.9946959875048106,0.9948843733897926,0.05833838841742983,0.0001750151652522895,1.4324883375327086e-05,0.11262009660855751,0.31403186274509803,0.11262009660855751,-0.005304012495189414,-0.005115626610207369,2.236412084247582,-0.005304012495189303
2016-04,1.0064862709083289,1.0066322097885194,0.04456054923731468,0.00013368164771194405,1.1355194537982054e-05,0.06704108461203084,0.11204013377926421,0.06704108461203084,0.006486270908328873,0.0066322097885194164,2.250918058888672,0.0
2016-05,0.999509393273822,0.9996193933501825,0.0324256979539705,9.727709386191151e-05,1.2765780596941876e-05,0.051417278669749704,0.08262839879154078,0.051417278669749704,-0.0004906067261779556,-0.00038060664981753867,2.249813743348906,-0.0004906067261779556
2016-06,1.0193780260772436,1.0198332970371724,0.13781295627835757,0.00041343886883507276,3.3348757078410223e-05,0.201470509440927,0.6278791504636554,0.201470509440927,0.019378026077243593,0.019833297037172404,2.293410692736462,0.0
2016-07,1.002120861946399,1.002332781925293,0.06502107577392459,0.00019506322732177378,1.641323132573464e-05,0.10681205449083225,0.1813301521025947,0.10681205449083225,0.002120861946399044,0.0023327819252929594,2.2982747002021515,0.0
2016-08,0.9947702528968816,0.9948696178605774,0.03088829734582612,9.266489203747837e-05,7.192985496678739e-06,0.04465387041521583,0.09196084247997627,0.04465387041521583,-0.0052297471031184095,-0.005130382139422629,2.2862553047465988,-0.0052297471031185205
2016-09,1.0045963812294332,1.0048641450154765,0.08144476368421694,0.0002443342910526508,2.2354876171118517e-05,0.10097044058904515,0.27383755150088285,0.10097044058904515,0.004596381229433177,0.004864145015476495,2.296763805715028,-0.0006574037851048153
2016-10,0.990539358247174,0.9907348447370908,0.059697262499986734,0.0001790917874999602,1.814425444264282e-05,0.14177477716164327,0.2273792093704246,0.14177477716164327,-0.009460641752826016,-0.009265155262909164,2.275034946158301,-0.010111826076232955
2016-11,0.9799597056846007,0.9804733359308675,0.160075463271099,0.00048022638981329703,4.227473568065327e-05,0.2068176426833399,0.4650756693830035,0.2068176426833399,-0.020040294315399332,-0.019526664069132504,2.2294425762594696,-0.029949476420998544
2016-12,1.010807031376331,1.0109541598083585,0.045047668731281895,0.00013514300619384568,1.0366395477654909e-05,0.03882089093750145,0.11989574283231973,0.03882089093750145,0.0108070313763311,0.010954159808358455,2.2535362321328343,-0.019466109976053803
2017-01,1.0028292080603969,1.002997318272194,0.05109849921209313,0.00015329549763627942,1.4327419234181904e-05,0.041715446578796216,0.09977064220183486,0.041715446578796216,0.0028292080603968817,0.0029973182721940717,2.259911955005181,-0.01669197559090574
2017-02,1.0038830838410442,1.004016096717769,0.0389929730862761,0.0001169789192588283,1.56374108798505e-05,0.02005734671120517,0.07889461626575028,0.02005734671120517,0.003883083841044188,0.004016096717768924,2.268687382599844,-0.01287370809055377
2017-03,0.9990428388991576,1.0007840058241442,0.5057284175384261,0.0015171852526152784,0.0002241707837899201,0.04333484240611165,0.12177487950099235,0.04333484240611165,-0.0009571611008424297,0.0007840058241441739,2.2665158832872474,-0.01381854697878837
2017-04,1.0051758391874062,1.0069656695768545,0.5180457796909854,0.001554137339072956,0.0002266220359377004,0.14026968680086402,0.31361197401863883,0.14026968680086402,0.0051758391874061616,0.006965669576854516,2.278247005014844,-0.008714230368348064
2017-05,1.0075931470831636,1.0080096185167027,0.12609252833932788,0.0003782775850179837,3.5170862458918787e-05,0.14607044282019754,0.28569421023046654,0.14607044282019754,0.007593147083163609,0.008009618516702677,2.295546069615699,-0.0011872517180877562
2017-06,1.0040666834744982,1.0043159041279544,0.07580539097280939,0.0002274161729184282,2.0843252573294202e-05,0.06742621837698871,0.1290232297788973,0.06742621837698871,0.004066683474498234,0.004315904127954351,2.3048813288819545,0.0
2017-07,1.0021251810821445,1.0023645648395956,0.07294546064812057,0.0002188363819443617,2.0039262788646908e-05,0.05355190976628294,0.18256395995550612,0.05355190976628294,0.002125181082144545,0.002364564839595573,2.309779619078683,0.0
2017-08,1.0031392929636862,1.0038912617384166,0.23033615654338255,0.0006910084696301477,5.816550822356336e-05,0.16431188856555337,0.4730960264900662,0.16431188856555337,0.003139292963686202,0.003891261738416585,2.317030693984522,0.0
2017-09,0.998720323534043,0.9991232074888271,0.12362191331666646,0.0003708657399499994,3.2413385022508534e-05,0.13800040829406673,0.30870639934084043,0.13800040829406673,-0.001279676465956947,-0.0008767925111728969,2.3140656443345304,-0.001279676465956947
2017-10,1.0133518697940544,1.0150912769365168,0.5497911380426901,0.0016493734141280701,6.454397118482128e-05,0.10912828050657411,0.18365673681333697,0.10912828050657411,0.01335186979405445,0.015091276936516795,2.3449627475125796,0.0
2017-11,0.9938806598173157,0.9953388966951141,0.47661492010861034,0.0014298447603258312,3.731697327175876e-05,0.08467850203198748,0.19189997281870072,0.08467850203198748,-0.006119340182684341,-0.004661103304885894,2.330613122744828,-0.006119340182684341
2017-12,0.999696030359959,1.0000722047880046,0.11610527252861266,0.00034831581758583804,2.8057554190309287e-05,0.10470605589529428,0.18089705485004054,0.10470605589529428,-0.0003039696400409797,7.220478800462615e-05,2.3299046871128324,-0.006421449729092754
2018-01,1.0057402170869754,1.0060448348184605,0.09296098641601926,0.00027888295924805777,2.402022288434831e-05,0.10246046020744413,0.22149357601713063,0.10246046020744413,0.005740217086975363,0.0060448348184605205,2.3432788458088214,-0.0007180931575755389
2018-02,0.9920807829038079,0.9930645252802868,0.30403372946276547,0.0009121011883882965,7.833172461933554e-05,0.41530892836777145,0.7135416666666666,0.41530892836777145,-0.007919217096192144,-0.0069354747197132305,2.3247219119119467,-0.008631623518157605
2018-03,1.0023940121542465,1.0031298437239855,0.22665722994527265,0.000679971689835818,5.3782173147211474e-05,0.3655723537552694,0.5633784142137364,0.3655723537552694,0.0023940121542465054,0.0031298437239855037,2.330287324424307,-0.006258275575524386
2018-04,1.0009841434996682,1.0014680404669476,0.1479150303776094,0.0004437450911328281,3.951828445889466e-05,0.2770514140275636,0.48729822704419157,0.2770514140275636,0.000984143499668244,0.0014680404669475955,2.3325806615469986,-0.005280291117082947
2018-05,0.9972442986509237,0.997574676365821,0.10067860526752329,0.0003020358158025699,2.9110161147270303e-05,0.14220537785098986,0.29703878406708595,0.14220537785098986,-0.0027557013490763227,-0.002425323634179022,2.3261527658711443,-0.00802144156080431
2018-06,1.0000626657778293,1.0004183371264954,0.10866562504277757,0.00032599687512833276,2.954831791321698e-05,0.21864970277306398,0.3610240334378265,0.21864970277306398,6.266577782931826e-05,0.0004183371264954161,2.3262985360435673,-0.007959278452849827
2018-07,0.9977592255879169,0.9982004105344248,0.1362014417456286,0.0004086043252368858,3.345571657837582e-05,0.2543636540514097,0.4593432369038311,0.2543636540514097,-0.0022407744120831463,-0.0017995894655752354,2.3210858258091345,-0.01018221791743712
2018-08,1.0088676986859493,1.0092680279891098,0.12130328064108781,0.00036390984192326346,3.2808928509696025e-05,0.11441987545806415,0.23610752132333937,0.11441987545806415,0.008867698685949277,0.00926802798910975,2.3416685155366377,-0.0014048120719343249
2018-09,0.9967869985098755,0.9969728517255293,0.05698799253709984,0.00017096397761129953,1.5403922309591827e-05,0.059013111814570564,0.12972972972972974,0.059013111814570564,-0.0032130014901244897,-0.0030271482744707034,2.334144731106841,-0.004613299898778234
2018-10,1.000651094918722,1.0012542089356897,0.1863558672744316,0.0005590676018232949,4.366394407612663e-05,0.3530294510281957,0.6990551583248212,0.3530294510281957,0.0006510949187219506,0.0012542089356897268,2.3356644808808262,-0.0039652086761789995
2018-11,1.003987430794318,1.00440669904915,0.12944036429544759,0.0003883210928863428,2.9287880127963642e-05,0.46761616616582163,0.5949464012251149,0.46761616616582163,0.003987430794317959,0.004406699049150031,2.344977781357085,0.0
2018-12,1.006506570909226,1.0070411419052734,0.1641185719530157,0.0004923557158590472,3.865081499492423e-05,0.46774578523585203,0.6528936062673742,0.46774578523585203,0.006506570909226017,0.007041141905273385,2.3602355455720443,0.0
2019-01,1.0128902299533793,1.0131896851806361,0.09106035346529723,0.0002731810603958917,2.252015987392317e-05,0.33310433684397156,0.5577020202020202,0.33310433684397156,0.012890229953379295,0.013189685180636124,2.3906595244986075,0.0
2019-02,1.0011322207426412,1.0013690013291,0.07221522704911763,0.00021664568114735291,1.979869263866295e-05,0.2638721122737586,0.31928768497617255,0.2638721122737586,0.0011322207426411879,0.0013690013290998948,2.3933662788008374,0.0
2019-03,1.0040285203041854,1.0043309697767941,0.09331309252605485,0.00027993927757816455,2.1192986410579347e-05,0.25145955243036644,0.3135614385614386,0.25145955243036644,0.0040285203041854345,0.004330969776794147,2.4030080034503394,0.0
2019-04,1.0064053828400004,1.0071693048133739,0.23206403886015825,0.0006961921165804746,6.187623245803938e-05,0.1839983689322815,0.8738201689021361,0.1839983689322815,0.006405382840000362,0.007169304813373856,2.418400189680024,0.0
2019-05,1.0068288491072153,1.0070888295138625,0.07949634532341501,0.00023848903597024505,1.974285732852192e-05,0.34088422863771495,0.4939446366782007,0.34088422863771495,0.006828849107215262,0.007088829513862471,2.4349150796562093,0.0
2019-06,1.0132629722156048,1.0134351433468023,0.05195120428074867,0.000155853612842246,1.4173754752216883e-05,0.28731977470497383,0.4205020920502092,0.28731977470497383,0.013262972215604796,0.013435143346802292,2.4672092907050467,0.0
2019-07,1.0104467737260332,1.0107544430324835,0.09311079692390761,0.00027933239077172284,2.5354277666814015e-05,0.20516369103857102,0.29931723969763474,0.20516369103857102,0.010446773726033198,0.010754443032483518,2.492983667899809,0.0
2019-08,1.0153977290049523,1.0158513509081293,0.1361334714429656,0.0004084004143288968,3.8815245003688534e-05,0.3802175383911131,0.6195519844168493,0.3802175383911131,0.015397729004952287,0.01585135090812928,2.531369954831902,0.0
2019-09,0.9922527968790891,0.9924474072165032,0.060722415260003645,0.00018216724578001093,1.396141373408366e-05,0.26992374805026964,0.37554532234609794,0.26992374805026964,-0.007747203120910928,-0.007552592783496848,2.5117589176176485,-0.007747203120910817
2019-10,0.9934425335343421,0.9936851370740047,0.07303527050272998,0.00021910581150818995,2.5127847981268657e-05,0.2481078683667361,0.3648094548962856,0.2481078683667361,-0.006557466465657913,-0.006314862925995257,2.4952881427455536,-0.014253867561900724
2019-11,1.001216506776716,1.0013770834501792,0.04901789886998912,0.00014705369660996737,1.3346706466665525e-05,0.2037899916068471,0.2623833452979182,0.2037899916068471,0.001216506776716031,0.0013770834501791729,2.498323677681063,-0.013054700711668143
2019-12,1.0098025144728169,1.009981052955865,0.0537563512678368,0.00016126905380351044,1.5616241785394892e-05,0.20508140724830143,0.2826397146254459,0.20508140724830143,0.009802514472816881,0.009981052955865044,2.5228135316893128,-0.003380155131515572
2020-01,1.0130437003935346,1.0134517966651841,0.12428235612894441,0.00037284706838683324,3.0192673331553205e-05,0.2868231752450507,0.5037878787878788,0.2868231752450507,0.01304370039353464,0.013451796665184146,2.5557203555454233,0.0
2020-02,1.0078359398711885,1.008155512423525,0.09631522085290548,0.0002889456625587164,2.7853835437865696e-05,0.5398200950791572,0.8322337417530632,0.5398200950791572,0.007835939871188469,0.00815551242352508,2.5757468265790497,0.0
2020-03,0.9918620823893065,0.9922334833878974,0.10944708955354436,0.0003283412686606331,4.6124352487790984e-05,0.9444174804553186,0.9951866635360413,0.9444174804553186,-0.00813791761069349,-0.007766516612102592,2.5547856111183442,-0.00813791761069349
2020-04,1.0145613606217578,1.0147601236573267,0.060221106310556514,0.00018066331893166955,1.5301593662656975e-05,0.9367438092600294,0.9832474226804123,0.9367438092600294,0.014561360621757835,0.014760123657326707,2.5919867657131164,0.0
2020-05,1.015434356397248,1.015683100391661,0.07412764710280093,0.00022238294130840278,2.273623885529878e-05,0.8293989510745755,0.9397154850746269,0.8293989510745755,0.015434356397248106,0.015683100391661098,2.631992413232083,0.0
2020-06,1.0007688516714397,1.0009537786370701,0.05559878241513159,0.00016679634724539477,1.802551937945024e-05,0.861228472078788,0.9610840861709521,0.861228472078788,0.0007688516714396965,0.0009537786370701351,2.634016024998213,0.0
2020-07,1.0229495605784347,1.0231549883661846,0.06147422874943155,0.00018442268624829466,1.6543733047714087e-05,0.730795852561102,0.8770794824399261,0.730795852561102,0.02294956057843467,0.02315498836618457,2.694465535328477,0.0
2020-08,0.9940280403329941,0.9942957217674107,0.07979611900853688,0.00023938835702561065,2.9693610380590735e-05,0.7380676033806219,0.8452108157653528,0.7380676033806219,-0.005971959667005922,-0.005704278232589344,2.678374295827358,-0.005971959667005922
2020-09,0.9952520659474633,0.9955127094430745,0.07986209092012611,0.00023958627276037835,2.2271475839855725e-05,0.743507710476806,0.8417142857142857,0.743507710476806,-0.004747934052536706,-0.004487290556925538,2.6656575513027603,-0.010691539248879334
2020-10,0.9886200263495188,0.9888064572882762,0.05727140590413323,0.0001718142177123997,1.6658615708691204e-05,0.6799502895679792,0.8023809523809524,0.6799502895679792,-0.011379973650481157,-0.011193542711723792,2.6353224386077287,-0.02194984346442508
2020-11,0.9925364777747928,0.9927757250177559,0.0731565731998426,0.00021946971959952783,2.13446986038682e-05,0.634473998863493,0.8884606665155294,0.634473998863493,-0.0074635222252071864,-0.007224274982244094,2.6156536510165926,-0.02924954254509582
2020-12,1.0062288721940253,1.0064921951314438,0.07959067968247814,0.00023877203904743442,2.290447258474092e-05,0.617475395090446,0.7088294765221299,0.617475395090446,0.006228872194025348,0.006492195131443834,2.6319462233126107,-0.02320286201331756
2021-01,1.0027490060110014,1.0030479994998556,0.09036980633695467,0.000271109419010864,2.7271587705672272e-05,0.8511363301070826,0.9314868804664723,0.8511363301070826,0.0027490060110013648,0.0030479994998555693,2.6391814593011294,-0.020517640809463278
2021-02,0.9833800722482541,0.9835682344339496,0.05810521035198211,0.00017431563105594632,1.6882704640362845e-05,0.8381608194301629,0.9323720098367986,0.8381608194301629,-0.016619927751745922,-0.016431765566050416,2.595318454123797,-0.03679656685331967
2021-03,0.9974464094967724,0.997716991829154,0.08173761375040917,0.0002452128412512275,2.5928997186441524e-05,0.7664790828919237,0.8807615230460922,0.7664790828919237,-0.002553590503227565,-0.002283008170846035,2.5886910735664954,-0.03925619399287916
2021-04,1.002838350297437,1.0031979387720211,0.1096873432961554,0.0003290620298884662,2.9426344131469593e-05,0.4558814530802728,0.5891867937070685,0.4558814530802728,0.0028383502974369534,0.003197938772021125,2.596038685645125,-0.03652926652533817
2021-05,1.0186074771486304,1.0215472013111866,0.8922917910140068,0.0026768753730420205,0.00020395984452823557,0.4919812043943181,0.667107001321004,0.4919812043943181,0.018607477148630425,0.021547201311186592,2.6443444161652274,-0.018601506868834217
2021-06,1.0221604983714716,1.0241731856926535,0.5994671588355939,0.0017984014765067816,0.00016983423593064603,0.3114409853263977,0.4165020847048497,0.3114409853263977,0.022160498371471604,0.024173185692653476,2.702944406293267,0.0
2021-07,0.998787962306507,1.0005561456208727,0.5683961756031526,0.0017051885268094579,6.587210824709256e-05,0.23077636433300838,0.3423001524722283,0.23077636433300838,-0.0012120376934929844,0.0005561456208726945,2.699668335789424,-0.0012120376934928734
2021-08,0.9832343342550932,0.9851506605119148,0.62179899861516,0.0018653969958454797,8.036164134724284e-05,0.32068715635166445,0.514093668690373,0.32068715635166445,-0.016765665744906788,-0.0148493394880852,2.6544065988494694,-0.017957382819560386
2021-09,1.0212366725881867,1.0224319081995097,0.3735737488809884,0.0011207212466429653,5.190932073130278e-05,0.30698592602268737,0.4480267414276472,0.30698592602268737,0.021236672588186734,0.022431908199509687,2.7107773627051577,0.0
2021-10,1.0106392412589464,1.0123402292534782,0.5391177419152167,0.00161735322574565,6.512133011710903e-05,0.49452892762705297,0.681739879414298,0.49452892762705297,0.010639241258946441,0.012340229253478219,2.7396179770662683,0.0
2021-11,0.9691617635047974,0.9707479304963093,0.5222455576358181,0.0015667366729074544,6.634331390993692e-05,0.4169602621268806,0.6246259085079093,0.4169602621268806,-0.030838236495202564,-0.029252069503690747,2.6551329899829903,-0.030838236495202564
2021-12,1.0267837865978273,1.0290724849577013,0.7135238623709681,0.0021405715871129043,8.657040014574291e-05,0.4735788688708017,0.7139346014105578,0.4735788688708017,0.02678378659782732,0.029072484957701317,2.7262475053755457,-0.004880414642716158
2022-01,1.02230720402562,1.024359486928817,0.6412486778009271,0.0019237460334027815,8.180237101926258e-05,0.4958755887975714,0.8477754237288135,0.4958755887975714,0.02230720402562003,0.024359486928817065,2.7870624647022955,0.0
2022-02,1.0335724651967104,1.0351773532488877,0.5004117595524187,0.001501235278657256,5.3006147134005866e-05,0.7025335352671075,0.8321722609246358,0.7025335352671075,0.03357246519671042,0.03517735324888771,2.8806310222995712,0.0
2022-03,1.004063787184694,1.0055437941485623,0.4674630976559979,0.0014023892929679936,7.098612010656863e-05,0.6968735056437071,0.8626686340640809,0.6968735056437071,0.004063787184694023,0.00554379414856232,2.892337293731824,0.0
2022-04,1.0027873427594824,1.0049358952002725,0.6835823723469213,0.002050747117040764,8.989741728630635e-05,0.4538530312591474,0.6681314082444026,0.4538530312591474,0.0027873427594824474,0.004935895200272489,2.9003992291454885,0.0
2022-05,0.9849708762066804,0.9864162664150835,0.45549926337204055,0.0013664977901161218,0.00010333824176545625,0.575204989153503,0.6981624556274797,0.575204989153503,-0.015029123793319554,-0.01358373358491649,2.856808770080612,-0.015029123793319665
2022-06,0.9976607485669591,1.000547794318664,0.9226555523923485,0.002767966657177046,0.00012129676810159513,0.6090315112676322,0.8186539260490237,0.6090315112676322,-0.002339251433040923,0.0005477943186640299,2.8501259760712774,-0.01733321832698964
2022-07,1.0036572738624785,1.0046654259339114,0.30953591609640324,0.0009286077482892097,7.498725360683278e-05,0.6563690665729234,0.7680273518441774,0.6563690665729234,0.003657273862478494,0.0046654259339113935,2.8605496673083337,-0.013739336790851153
2022-08,0.9832163137672374,0.9835588155721652,0.10875241031923777,0.00032625723095771334,2.125099285045784e-05,0.38489989667070984,0.5331269349845201,0.38489989667070984,-0.016783686232762607,-0.01644118442783482,2.812539099238997,-0.030292426305869813
2022-09,1.025940333750757,1.0263961924678502,0.135773836978697,0.000407321510936091,3.712908902374967e-05,0.5710210142542351,0.8254147040753635,0.5710210142542351,0.025940333750757105,0.026396192467850188,2.8854973021603105,-0.005137888203607166
2022-10,0.9865477389844225,0.9867959394459769,0.07767101527424593,0.0002330130458227378,1.8191695367294205e-05,0.7565869948251509,0.8404538021259199,0.7565869948251509,-0.013452261015577505,-0.013204060554023123,2.8466808392919054,-0.018521033006000942
2022-11,0.9946598155866084,0.9949310727444425,0.08273928090528625,0.00024821784271585875,2.4391692532428956e-05,0.555176939834152,0.6661908646003263,0.555176939834152,-0.005340184413391569,-0.0050689272555575204,2.8314790386440185,-0.02376231168761389
2022-12,0.9940888913966294,0.994389585880743,0.09245848151873563,0.0002773754445562069,2.5257378560573363e-05,0.43473621758824377,0.5242147922998986,0.43473621758824377,-0.0059111086033706295,-0.005610414119257001,2.8147418585384263,-0.029532958685931865
2023-01,1.0382415368031723,1.0384325075906915,0.05493706331838323,0.0001648111899551497,1.9754961109108404e-05,0.41921577030689805,0.5171751869064457,0.41921577030689805,0.03824153680317233,0.0384325075906915,2.922381912913153,0.0
2023-02,1.0078266200962573,1.0081424738889762,0.09281690311408462,0.0002784507093422539,3.52904896733503e-05,0.4608240013601982,0.5541842263696568,0.4608240013601982,0.007826620096257342,0.008142473888976154,2.945254285921698,0.0
2023-03,1.048372798374522,1.0488123660381508,0.1284555522871945,0.00038536665686158346,3.442342748726135e-05,0.4541835479514825,0.6396116893514812,0.4541835479514825,0.04837279837452191,0.048812366038150756,3.087724477656285,0.0
2023-04,1.0113424257310886,1.0129236262490597,0.45011854165043486,0.0013503556249513044,0.00021631147668482495,0.2796332411594885,0.31097804391217565,0.2796332411594885,0.011342425731088568,0.012923626249059739,3.1227467632221657,0.0
2023-05,0.9884359079284182,0.9886539305966591,0.06545402424932653,0.0001963620727479796,2.3987895782871805e-05,0.2304427745480096,0.28040540540540543,0.2304427745480096,-0.011564092071581822,-0.01134606940334093,3.0866350321360305,-0.011564092071581822
2023-06,0.9952994966338495,0.9954874473296214,0.05614172349783698,0.00016842517049351095,2.0413358174811935e-05,0.16054865234873644,0.2549019607843137,0.16054865234873644,-0.004700503366150466,-0.0045125526703786445,3.072126293777397,-0.016210238384023357
2023-07,0.99684826009891,0.9970871282585058,0.0714341437979768,0.0002143024313939304,2.5300946488520868e-05,0.15933258019273813,0.24458234830575257,0.15933258019273813,-0.003151739901089967,-0.0029128717414942384,3.062443750756111,-0.01931088782999224
2023-08,1.007281995512054,1.0076083104195293,0.09971875221346085,0.0002991562566403825,2.494361182412912e-05,0.2481277379868933,0.33222331047992165,0.2481277379868933,0.007281995512053996,0.007608310419529252,3.084744452405035,-0.012169514116450064
2023-09,0.9853798135436205,0.9855234343303949,0.04359301935963299,0.00013077905807889895,1.4850520168692303e-05,0.135114472727136,0.28224863600935307,0.135114472727136,-0.014620186456379525,-0.01447656566960509,3.039644913340591,-0.026611780007363417
2023-10,1.010422505602841,1.010806504928247,0.11563426617187075,0.00034690279851561225,3.3274016243334924e-05,0.43725938208663423,0.6515151515151515,0.43725938208663423,0.010422505602841081,0.010806504928247085,3.0713256294805307,-0.016466635830750698
2023-11,1.0197678201851237,1.020085781362731,0.09656191428964703,0.0002896857428689411,2.2305804107670647e-05,0.39063031494211803,0.5882352941176471,0.39063031494211803,0.019767820185123686,0.020085781362731092,3.1320390422540636,0.0
2023-12,1.0201255394519584,1.0204139735045297,0.08653167520012929,0.00025959502560038785,2.3358230153910503e-05,0.26860463734195494,0.45261941448382126,0.26860463734195494,0.020125539451958385,0.02041397350452967,3.1950730175640216,0.0
2024-01,1.0026118365181076,1.0028869307674233,0.08529001495979059,0.00025587004487937176,1.8485840770788616e-05,0.4387340674876149,0.559761721752498,0.4387340674876149,0.002611836518107591,0.0028869307674233013,3.2034180259493157,0.0
2024-02,1.0026026112208164,1.0027973547592206,0.05996389086642981,0.00017989167259928942,1.43374431226269e-05,0.44498270077359725,0.5115745169313182,0.44498270077359725,0.0026026112208163976,0.002797354759220605,3.2117552776486167,0.0
2024-03,1.0337313704532123,1.0339320814354733,0.059732687344106764,0.0001791980620323203,1.5230583249949929e-05,0.4070790778624194,0.4736590952471846,0.4070790778624194,0.033731370453212284,0.03393208143547333,3.3200921847240417,0.0
2024-04,1.0045750893429988,1.0049387657020121,0.11186545817246116,0.0003355963745173835,2.6512215754343983e-05,0.49781606288239855,0.6621416366052781,0.49781606288239855,0.004575089342998773,0.004938765702012127,3.335281903096146,0.0
2024-05,1.007849506948286,1.0080603945277409,0.06384749349964805,0.00019154248049894416,1.781602055870786e-05,0.3619891485448754,0.48246113007205155,0.3619891485448754,0.007849506948286011,0.008060394527740877,3.361462221568992,0.0
2024-06,1.0114724805323165,1.0116713981088368,0.059016193319680325,0.00017704857995904099,1.9768631603168523e-05,0.37504283399499005,0.4297302395774382,0.37504283399499005,0.011472480532316531,0.011671398108836772,3.4000265314660596,0.0
2024-07,1.0221911068648275,1.022530791277712,0.10241819161958245,0.0003072545748587473,2.5269862295038194e-05,0.38840693638106866,0.5373218304576144,0.38840693638106866,0.022191106864827503,0.02253079127771196,3.4754768835690717,0.0
2024-08,0.9934581029942307,0.9939850727084029,0.1641567843188207,0.0004924703529564621,3.764065967434806e-05,0.7011286683315348,0.9791159393144784,0.7011286683315348,-0.006541897005769348,-0.006014927291597139,3.4527406717508304,-0.006541897005769348
2024-09,1.0165430822292327,1.0168558603741114,0.0948698267326103,0.0002846094801978309,2.3193660437400538e-05,0.7176453448333134,0.8441812756434166,0.7176453448333134,0.01654308222923273,0.016855860374111353,3.5098596445998207,0.0
2024-10,1.0191112108270104,1.019313942544841,0.05871705463684834,0.00017615116391054504,2.2900892287028215e-05,0.7274282238548683,0.8257068452380952,0.7274282238548683,0.019111210827010394,0.01931394254484098,3.5769373122409838,0.0
2024-11,1.0090374774454915,1.0093535209188487,0.09559877102672942,0.00028679631308018826,2.6502239805062944e-05,0.6226464899552148,0.7941339748334567,0.6226464899552148,0.009037477445491549,0.009353520918848668,3.609263802524299,0.0
2024-12,1.0007824371805638,1.0011286771604833,0.10845560981899122,0.0003253668294569737,2.055480437300389e-05,0.6121621877135123,0.7478790114348949,0.6121621877135123,0.0007824371805638108,0.0011286771604832602,3.612087824717857,0.0
2025-01,1.0246534492383899,1.0249026513648085,0.07256557765461753,0.0002176967329638526,2.5831528847624103e-05,0.5435581942791015,0.6592163355408388,0.5435581942791015,0.024653449238389857,0.024902651364808515,3.7011382485491446,0.0
2025-02,1.0138860227495954,1.0141439761759616,0.07943611307142842,0.00023830833921428528,1.6356292901010816e-05,0.5489503202355239,0.6982584784601283,0.5489503202355239,0.013886022749595384,0.014143976175961637,3.7525323384678955,0.0
2025-03,1.0241725705201186,1.0244124152300573,0.0716374434369821,0.00021491233031094628,1.958374158333473e-05,0.6654593320462281,0.7743613138686132,0.6654593320462281,0.024172570520118564,0.024412415230057327,3.843240691048536,0.0
2025-04,1.008720692038869,1.009167082832533,0.13110188571577833,0.000393305657147335,4.9081603217594696e-05,0.8088952774164451,0.9773595199127114,0.8088952774164451,0.008720692038868938,0.00916708283253298,3.87675640954642,0.0
2025-05,1.0005672586189285,1.0008661552335862,0.0893040563008394,0.0002679121689025182,3.08958921594063e-05,0.5811990432955686,0.6922659920491507,0.5811990432955686,0.000567258618928479,0.000866155233586241,3.8789555330332215,0.0
2025-06,0.9958277540089161,0.9961061579412226,0.08333119122084605,0.00024999357366253816,2.9612997202556668e-05,0.7672459498446103,0.8272317403065825,0.7672459498446103,-0.0041722459910839005,-0.003893842058777408,3.862771576360931,-0.0041722459910839005
2025-07,1.0090078857747595,1.0092361649169665,0.06803730228613211,0.00020411190685839636,2.223331575365023e-05,0.7078840686089639,0.8170205109751709,0.7078840686089639,0.009007885774759528,0.00923616491696655,3.897566981494778,0.0
2025-08,1.00377284428809,1.0040278476540165,0.07904313563068505,0.00023712940689205514,1.694578619033807e-05,0.6553476798826732,0.8295984223736106,0.6553476798826732,0.0037728442880899937,0.0040278476540165364,3.912271894818359,0.0
2025-09,1.038034643150814,1.0383048440480371,0.07849679372881514,0.00023549038118644543,2.5318458973582787e-05,0.6039569997481267,0.6828378137795976,0.6039569997481267,0.03803464315081406,0.038304844048037134,4.061073760246734,0.0
2025-10,1.012532592980803,1.0128915276669088,0.10607970386740855,0.00031823911160222567,3.659272379165965e-05,0.8203155104300235,0.9352230318109117,0.8203155104300235,0.012532592980802892,0.01289152766690882,4.111969544748925,0.0
2025-11,1.0120831129803498,1.0123800217750725,0.08567193577339201,0.0002570158073201761,3.5986072844943094e-05,0.9478443593585556,0.9750974831619993,0.9478443593585556,0.012083112980349808,0.01238002177507247,4.161654937329884,0.0
2025-12,1.003965351848894,1.0041829439776246,0.0638714906313393,0.0001916144718940179,2.514474456852106e-05,0.8554955082501613,0.9019971721456345,0.8554955082501613,0.0039653518488940165,0.004182943977624642,4.178157363430084,0.0
2026-01,1.0212844364652336,1.0216542713384702,0.10529715914873214,0.0003158914774461964,4.5190659054028026e-05,0.9227800125597757,0.9656897156897157,0.9227800125597757,0.02128443646523359,0.0216542713384702,4.267087088373759,0.0
2026-02,1.03753525565479,1.0377724674470719,0.06618076848324707,0.0001985423054497412,3.0643957630967727e-05,0.9791189262634852,0.9902887139107611,0.9791189262634852,0.0375352556547901,0.037772467447071856,4.427253293137122,0.0
2026-03,0.9771107935297926,0.977490187094253,0.11051862414577873,0.0003315558724373362,5.4528360846416255e-05,0.9922766852620719,0.9988632388947184,0.9922766852620719,-0.022889206470207424,-0.02250981290574705,4.3259169784146,-0.022889206470207535
2026-04,0.9763953114480696,0.977298191293211,0.2631566702247277,0.0007894700106741831,0.0001253425143558844,0.985565030711831,0.9917218543046358,0.985565030711831,-0.02360468855193043,-0.02270180870678895,4.223805055437616,-0.04595360243220781
2026-05,0.9914687966476585,0.9923695384051437,0.2584632339714685,0.0007753897019144055,0.0001286583747886706,0.9932469823396153,0.998352410683316,0.9932469823396153,-0.008531203352341477,-0.007630461594856253,4.18777091558903,-0.05409276625742743
2026-06,0.965877506688951,0.9667887442414645,0.2709836303998256,0.0008129508911994768,0.00013354655512372985,0.9985459546623688,0.9999137484905986,0.9985459546623688,-0.034122493311048996,-0.03321125575853545,4.044873730533638,-0.08636947951368112
2026-07,0.968624208162406,0.9689285512211088,0.09044379945799451,0.0002713313983739835,4.3079931702607154e-05,0.9963670822705974,0.9993963435667471,0.9963670822705974,-0.03137579183759398,-0.03107144877889123,3.9179626143550625,-0.11503536054093244
