target_month,bucket_signal_month,bucket_signal_date,wing_asym_near,wing_asym_next,wing_asym_equal_months,bucket_direction_near,bucket_direction_next,bucket_direction_equal_months
1997-08,1997-07,1997-07-31,-0.04199999999999998,-0.09399999999999997,-0.06799999999999998,0.04199999999999998,0.09399999999999997,0.06799999999999998
1997-09,1997-08,1997-08-30,-0.183,-0.124,-0.1535,0.183,0.124,0.1535
1997-10,1997-09,1997-09-30,0.006000000000000005,-0.125,-0.0595,-0.006000000000000005,0.125,0.0595
1997-11,1997-10,1997-10-31,0.21399999999999997,0.254,0.23399999999999999,-0.21399999999999997,-0.254,-0.23399999999999999
1997-12,1997-11,1997-11-27,-0.04500000000000004,-0.16999999999999993,-0.10749999999999998,0.04500000000000004,0.16999999999999993,0.10749999999999998
1998-01,1997-12,1997-12-27,0.385,0.31400000000000006,0.34950000000000003,-0.385,-0.31400000000000006,-0.34950000000000003
1998-02,1998-01,1998-01-31,-0.1070000000000001,0.31500000000000006,0.10399999999999998,0.1070000000000001,-0.31500000000000006,-0.10399999999999998
1998-03,1998-02,1998-02-28,-0.44499999999999995,-0.563,-0.504,0.44499999999999995,0.563,0.504
1998-04,1998-03,1998-03-31,0.04300000000000004,0.26899999999999996,0.156,-0.04300000000000004,-0.26899999999999996,-0.156
1998-05,1998-04,1998-04-30,0.051999999999999935,0.16600000000000004,0.10899999999999999,-0.051999999999999935,-0.16600000000000004,-0.10899999999999999
1998-06,1998-05,1998-05-30,0.28200000000000003,0.6040000000000001,0.44300000000000006,-0.28200000000000003,-0.6040000000000001,-0.44300000000000006
1998-07,1998-06,1998-06-30,0.09400000000000008,0.15200000000000002,0.12300000000000005,-0.09400000000000008,-0.15200000000000002,-0.12300000000000005
1998-08,1998-07,1998-07-31,-0.01100000000000001,0.03299999999999992,0.010999999999999954,0.01100000000000001,-0.03299999999999992,-0.010999999999999954
1998-09,1998-08,1998-08-31,0.0050000000000000044,0.172,0.0885,-0.0050000000000000044,-0.172,-0.0885
1998-10,1998-09,1998-09-30,0.14199999999999996,0.040000000000000036,0.091,-0.14199999999999996,-0.040000000000000036,-0.091
1998-11,1998-10,1998-10-30,0.021999999999999964,-0.09000000000000002,-0.03400000000000003,-0.021999999999999964,0.09000000000000002,0.03400000000000003
1998-12,1998-11,1998-11-30,-0.08799999999999997,-0.31,-0.19899999999999998,0.08799999999999997,0.31,0.19899999999999998
1999-01,1998-12,1998-12-28,-0.37699999999999995,-0.17599999999999993,-0.27649999999999997,0.37699999999999995,0.17599999999999993,0.27649999999999997
1999-02,1999-01,1999-01-29,0.09500000000000008,0.08999999999999997,0.09250000000000003,-0.09500000000000008,-0.08999999999999997,-0.09250000000000003
1999-03,1999-02,1999-02-26,0.04500000000000004,-0.04699999999999993,-0.0009999999999999454,-0.04500000000000004,0.04699999999999993,0.0009999999999999454
1999-04,1999-03,1999-03-31,-0.14100000000000007,-0.08300000000000002,-0.11200000000000004,0.14100000000000007,0.08300000000000002,0.11200000000000004
1999-05,1999-04,1999-04-30,-0.07700000000000001,0.0,-0.038500000000000006,0.07700000000000001,-0.0,0.038500000000000006
1999-06,1999-05,1999-05-31,0.14,0.15800000000000003,0.14900000000000002,-0.14,-0.15800000000000003,-0.14900000000000002
1999-07,1999-06,1999-06-30,-0.0020000000000000018,-0.02300000000000002,-0.012500000000000011,0.0020000000000000018,0.02300000000000002,0.012500000000000011
1999-08,1999-07,1999-07-30,0.20499999999999996,0.20099999999999996,0.20299999999999996,-0.20499999999999996,-0.20099999999999996,-0.20299999999999996
1999-09,1999-08,1999-08-31,0.02999999999999997,0.03999999999999998,0.034999999999999976,-0.02999999999999997,-0.03999999999999998,-0.034999999999999976
1999-10,1999-09,1999-09-29,-0.07700000000000001,-0.14900000000000002,-0.11300000000000002,0.07700000000000001,0.14900000000000002,0.11300000000000002
1999-11,1999-10,1999-10-29,-0.03699999999999998,0.020999999999999963,-0.008000000000000007,0.03699999999999998,-0.020999999999999963,0.008000000000000007
1999-12,1999-11,1999-11-30,-0.183,-0.044999999999999984,-0.11399999999999999,0.183,0.044999999999999984,0.11399999999999999
2000-01,1999-12,1999-12-27,-0.121,-0.18999999999999997,-0.15549999999999997,0.121,0.18999999999999997,0.15549999999999997
2000-02,2000-01,2000-01-31,-0.010000000000000009,0.030000000000000027,0.010000000000000009,0.010000000000000009,-0.030000000000000027,-0.010000000000000009
2000-03,2000-02,2000-02-29,-0.013999999999999957,-0.09100000000000003,-0.05249999999999999,0.013999999999999957,0.09100000000000003,0.05249999999999999
2000-04,2000-03,2000-03-31,-0.0020000000000000018,-0.008999999999999952,-0.005499999999999977,0.0020000000000000018,0.008999999999999952,0.005499999999999977
2000-05,2000-04,2000-04-28,-0.123,-0.032999999999999974,-0.07799999999999999,0.123,0.032999999999999974,0.07799999999999999
2000-06,2000-05,2000-05-31,0.07100000000000001,0.10600000000000004,0.08850000000000002,-0.07100000000000001,-0.10600000000000004,-0.08850000000000002
2000-07,2000-06,2000-06-30,-0.0050000000000000044,0.009000000000000008,0.0020000000000000018,0.0050000000000000044,-0.009000000000000008,-0.0020000000000000018
2000-08,2000-07,2000-07-31,-0.08500000000000002,0.024999999999999967,-0.030000000000000027,0.08500000000000002,-0.024999999999999967,0.030000000000000027
2000-09,2000-08,2000-08-31,0.038000000000000034,0.07800000000000001,0.058000000000000024,-0.038000000000000034,-0.07800000000000001,-0.058000000000000024
2000-10,2000-09,2000-09-29,0.03499999999999992,0.26599999999999996,0.15049999999999994,-0.03499999999999992,-0.26599999999999996,-0.15049999999999994
2000-11,2000-10,2000-10-31,0.007000000000000006,0.07000000000000006,0.038500000000000034,-0.007000000000000006,-0.07000000000000006,-0.038500000000000034
2000-12,2000-11,2000-11-30,0.13,0.07000000000000006,0.10000000000000003,-0.13,-0.07000000000000006,-0.10000000000000003
2001-01,2000-12,2000-12-26,-0.04799999999999999,0.006000000000000005,-0.02099999999999999,0.04799999999999999,-0.006000000000000005,0.02099999999999999
2001-02,2001-01,2001-01-31,-0.006000000000000005,0.031000000000000028,0.012500000000000011,0.006000000000000005,-0.031000000000000028,-0.012500000000000011
2001-03,2001-02,2001-02-28,-0.012999999999999956,0.02400000000000002,0.005500000000000033,0.012999999999999956,-0.02400000000000002,-0.005500000000000033
2001-04,2001-03,2001-03-30,-0.01599999999999996,0.027000000000000024,0.005500000000000033,0.01599999999999996,-0.027000000000000024,-0.005500000000000033
2001-05,2001-04,2001-04-30,-0.033999999999999975,0.01699999999999996,-0.008500000000000008,0.033999999999999975,-0.01699999999999996,0.008500000000000008
2001-06,2001-05,2001-05-31,0.010000000000000009,0.014000000000000012,0.01200000000000001,-0.010000000000000009,-0.014000000000000012,-0.01200000000000001
2001-07,2001-06,2001-06-29,-0.043999999999999984,0.009000000000000008,-0.017499999999999988,0.043999999999999984,-0.009000000000000008,0.017499999999999988
2001-08,2001-07,2001-07-31,0.017000000000000015,0.04299999999999998,0.03,-0.017000000000000015,-0.04299999999999998,-0.03
2001-09,2001-08,2001-08-31,0.046999999999999986,0.05099999999999999,0.04899999999999999,-0.046999999999999986,-0.05099999999999999,-0.04899999999999999
2001-10,2001-09,2001-09-28,0.069,0.04700000000000004,0.058000000000000024,-0.069,-0.04700000000000004,-0.058000000000000024
2001-11,2001-10,2001-10-31,0.03199999999999997,0.10400000000000001,0.06799999999999999,-0.03199999999999997,-0.10400000000000001,-0.06799999999999999
2001-12,2001-11,2001-11-30,-0.07300000000000001,-0.06,-0.0665,0.07300000000000001,0.06,0.0665
2002-01,2001-12,2001-12-28,0.01100000000000001,0.067,0.03900000000000001,-0.01100000000000001,-0.067,-0.03900000000000001
2002-02,2002-01,2002-01-31,0.008999999999999952,0.013000000000000012,0.010999999999999982,-0.008999999999999952,-0.013000000000000012,-0.010999999999999982
2002-03,2002-02,2002-02-28,-0.03600000000000003,0.02699999999999997,-0.004500000000000032,0.03600000000000003,-0.02699999999999997,0.004500000000000032
2002-04,2002-03,2002-03-29,-0.020999999999999963,-0.030999999999999972,-0.025999999999999968,0.020999999999999963,0.030999999999999972,0.025999999999999968
2002-05,2002-04,2002-04-30,0.007000000000000006,0.016000000000000014,0.01150000000000001,-0.007000000000000006,-0.016000000000000014,-0.01150000000000001
2002-06,2002-05,2002-05-31,0.03200000000000003,0.029000000000000026,0.030500000000000027,-0.03200000000000003,-0.029000000000000026,-0.030500000000000027
2002-07,2002-06,2002-06-28,0.05099999999999999,0.04099999999999998,0.045999999999999985,-0.05099999999999999,-0.04099999999999998,-0.045999999999999985
2002-08,2002-07,2002-07-31,0.05399999999999999,0.07800000000000001,0.066,-0.05399999999999999,-0.07800000000000001,-0.066
2002-09,2002-08,2002-08-30,0.0020000000000000018,0.02300000000000002,0.012500000000000011,-0.0020000000000000018,-0.02300000000000002,-0.012500000000000011
2002-10,2002-09,2002-09-30,0.05399999999999999,0.064,0.059,-0.05399999999999999,-0.064,-0.059
2002-11,2002-10,2002-10-31,0.05499999999999999,0.057999999999999996,0.056499999999999995,-0.05499999999999999,-0.057999999999999996,-0.056499999999999995
2002-12,2002-11,2002-11-29,0.007000000000000006,0.0,0.003500000000000003,-0.007000000000000006,-0.0,-0.003500000000000003
2003-01,2002-12,2002-12-30,-0.019000000000000017,0.044999999999999984,0.012999999999999984,0.019000000000000017,-0.044999999999999984,-0.012999999999999984
2003-02,2003-01,2003-01-30,0.09300000000000003,0.07900000000000001,0.08600000000000002,-0.09300000000000003,-0.07900000000000001,-0.08600000000000002
2003-03,2003-02,2003-02-28,0.08000000000000002,0.09000000000000002,0.08500000000000002,-0.08000000000000002,-0.09000000000000002,-0.08500000000000002
2003-04,2003-03,2003-03-31,0.068,0.05399999999999999,0.061,-0.068,-0.05399999999999999,-0.061
2003-05,2003-04,2003-04-30,0.02300000000000002,0.02400000000000002,0.02350000000000002,-0.02300000000000002,-0.02400000000000002,-0.02350000000000002
2003-06,2003-05,2003-05-30,0.03200000000000003,0.015000000000000013,0.02350000000000002,-0.03200000000000003,-0.015000000000000013,-0.02350000000000002
2003-07,2003-06,2003-06-30,0.02899999999999997,0.03799999999999998,0.033499999999999974,-0.02899999999999997,-0.03799999999999998,-0.033499999999999974
2003-08,2003-07,2003-07-31,0.025999999999999995,0.009000000000000008,0.0175,-0.025999999999999995,-0.009000000000000008,-0.0175
2003-09,2003-08,2003-08-29,0.025999999999999995,0.01999999999999999,0.022999999999999993,-0.025999999999999995,-0.01999999999999999,-0.022999999999999993
2003-10,2003-09,2003-09-30,0.05199999999999999,0.04999999999999999,0.05099999999999999,-0.05199999999999999,-0.04999999999999999,-0.05099999999999999
2003-11,2003-10,2003-10-31,0.025000000000000022,0.022999999999999965,0.023999999999999994,-0.025000000000000022,-0.022999999999999965,-0.023999999999999994
2003-12,2003-11,2003-11-28,0.035,0.018000000000000016,0.02650000000000001,-0.035,-0.018000000000000016,-0.02650000000000001
2004-01,2003-12,2003-12-30,0.044999999999999984,0.027000000000000024,0.036000000000000004,-0.044999999999999984,-0.027000000000000024,-0.036000000000000004
2004-02,2004-01,2004-01-30,0.029000000000000026,0.022999999999999993,0.02600000000000001,-0.029000000000000026,-0.022999999999999993,-0.02600000000000001
2004-03,2004-02,2004-02-27,0.018000000000000016,0.014999999999999986,0.0165,-0.018000000000000016,-0.014999999999999986,-0.0165
2004-04,2004-03,2004-03-31,0.121,0.05000000000000002,0.0855,-0.121,-0.05000000000000002,-0.0855
2004-05,2004-04,2004-04-30,0.008000000000000007,0.027999999999999997,0.018000000000000002,-0.008000000000000007,-0.027999999999999997,-0.018000000000000002
2004-06,2004-05,2004-05-31,0.057999999999999996,0.05399999999999999,0.055999999999999994,-0.057999999999999996,-0.05399999999999999,-0.055999999999999994
2004-07,2004-06,2004-06-30,0.07300000000000001,0.04500000000000004,0.059000000000000025,-0.07300000000000001,-0.04500000000000004,-0.059000000000000025
2004-08,2004-07,2004-07-30,0.07300000000000001,0.07600000000000001,0.07450000000000001,-0.07300000000000001,-0.07600000000000001,-0.07450000000000001
2004-09,2004-08,2004-08-31,0.05499999999999999,0.03,0.042499999999999996,-0.05499999999999999,-0.03,-0.042499999999999996
2004-10,2004-09,2004-09-30,0.07,0.064,0.067,-0.07,-0.064,-0.067
2004-11,2004-10,2004-10-29,0.06799999999999998,0.06799999999999998,0.06799999999999998,-0.06799999999999998,-0.06799999999999998,-0.06799999999999998
2004-12,2004-11,2004-11-30,0.05300000000000002,0.05700000000000002,0.05500000000000002,-0.05300000000000002,-0.05700000000000002,-0.05500000000000002
2005-01,2004-12,2004-12-30,0.026999999999999996,0.027999999999999997,0.027499999999999997,-0.026999999999999996,-0.027999999999999997,-0.027499999999999997
2005-02,2005-01,2005-01-31,0.04200000000000001,0.026999999999999996,0.0345,-0.04200000000000001,-0.026999999999999996,-0.0345
2005-03,2005-02,2005-02-28,0.057999999999999996,0.046999999999999986,0.05249999999999999,-0.057999999999999996,-0.046999999999999986,-0.05249999999999999
2005-04,2005-03,2005-03-31,0.027999999999999997,0.038000000000000006,0.033,-0.027999999999999997,-0.038000000000000006,-0.033
2005-05,2005-04,2005-04-29,0.037000000000000005,0.038000000000000006,0.037500000000000006,-0.037000000000000005,-0.038000000000000006,-0.037500000000000006
2005-06,2005-05,2005-05-31,0.022999999999999993,0.03,0.026499999999999996,-0.022999999999999993,-0.03,-0.026499999999999996
2005-07,2005-06,2005-06-30,0.031,0.026999999999999996,0.028999999999999998,-0.031,-0.026999999999999996,-0.028999999999999998
2005-08,2005-07,2005-07-29,0.05199999999999999,0.043999999999999984,0.04799999999999999,-0.05199999999999999,-0.043999999999999984,-0.04799999999999999
2005-09,2005-08,2005-08-31,0.069,0.06,0.0645,-0.069,-0.06,-0.0645
2005-10,2005-09,2005-09-30,0.057999999999999996,0.05400000000000002,0.05600000000000001,-0.057999999999999996,-0.05400000000000002,-0.05600000000000001
2005-11,2005-10,2005-10-31,0.038000000000000006,0.05400000000000002,0.04600000000000001,-0.038000000000000006,-0.05400000000000002,-0.04600000000000001
2005-12,2005-11,2005-11-30,0.05299999999999999,0.04100000000000001,0.047,-0.05299999999999999,-0.04100000000000001,-0.047
2006-01,2005-12,2005-12-29,0.035,0.04199999999999998,0.03849999999999999,-0.035,-0.04199999999999998,-0.03849999999999999
2006-02,2006-01,2006-01-31,0.055999999999999994,0.047000000000000014,0.051500000000000004,-0.055999999999999994,-0.047000000000000014,-0.051500000000000004
2006-03,2006-02,2006-02-28,0.05100000000000002,0.032,0.04150000000000001,-0.05100000000000002,-0.032,-0.04150000000000001
2006-04,2006-03,2006-03-31,0.034,0.032,0.033,-0.034,-0.032,-0.033
2006-05,2006-04,2006-04-28,0.013000000000000012,0.03,0.021500000000000005,-0.013000000000000012,-0.03,-0.021500000000000005
2006-06,2006-05,2006-05-30,0.066,0.08200000000000002,0.07400000000000001,-0.066,-0.08200000000000002,-0.07400000000000001
2006-07,2006-06,2006-06-30,0.05099999999999999,0.03799999999999998,0.044499999999999984,-0.05099999999999999,-0.03799999999999998,-0.044499999999999984
2006-08,2006-07,2006-07-31,0.06300000000000003,0.05000000000000002,0.05650000000000002,-0.06300000000000003,-0.05000000000000002,-0.05650000000000002
2006-09,2006-08,2006-08-31,0.021999999999999992,0.016999999999999987,0.01949999999999999,-0.021999999999999992,-0.016999999999999987,-0.01949999999999999
2006-10,2006-09,2006-09-29,0.01999999999999999,0.025999999999999995,0.022999999999999993,-0.01999999999999999,-0.025999999999999995,-0.022999999999999993
2006-11,2006-10,2006-10-31,0.016000000000000014,0.01200000000000001,0.014000000000000012,-0.016000000000000014,-0.01200000000000001,-0.014000000000000012
2006-12,2006-11,2006-11-30,0.028999999999999984,-0.008000000000000007,0.010499999999999989,-0.028999999999999984,0.008000000000000007,-0.010499999999999989
2007-01,2006-12,2006-12-28,0.029999999999999985,0.010000000000000009,0.019999999999999997,-0.029999999999999985,-0.010000000000000009,-0.019999999999999997
2007-02,2007-01,2007-01-31,0.04299999999999998,0.01999999999999999,0.031499999999999986,-0.04299999999999998,-0.01999999999999999,-0.031499999999999986
2007-03,2007-02,2007-02-28,0.067,0.047000000000000014,0.05700000000000001,-0.067,-0.047000000000000014,-0.05700000000000001
2007-04,2007-03,2007-03-30,0.07700000000000001,0.03899999999999998,0.057999999999999996,-0.07700000000000001,-0.03899999999999998,-0.057999999999999996
2007-05,2007-04,2007-04-30,0.045999999999999985,0.017000000000000015,0.0315,-0.045999999999999985,-0.017000000000000015,-0.0315
2007-06,2007-05,2007-05-31,0.025999999999999995,0.027999999999999997,0.026999999999999996,-0.025999999999999995,-0.027999999999999997,-0.026999999999999996
2007-07,2007-06,2007-06-29,0.069,0.05499999999999999,0.062,-0.069,-0.05499999999999999,-0.062
2007-08,2007-07,2007-07-31,0.008999999999999952,0.029000000000000026,0.01899999999999999,-0.008999999999999952,-0.029000000000000026,-0.01899999999999999
2007-09,2007-08,2007-08-31,0.0020000000000000018,0.013000000000000012,0.007500000000000007,-0.0020000000000000018,-0.013000000000000012,-0.007500000000000007
2007-10,2007-09,2007-09-28,0.04100000000000001,0.027000000000000024,0.034000000000000016,-0.04100000000000001,-0.027000000000000024,-0.034000000000000016
2007-11,2007-10,2007-10-31,0.05099999999999999,0.020000000000000018,0.035500000000000004,-0.05099999999999999,-0.020000000000000018,-0.035500000000000004
2007-12,2007-11,2007-11-30,0.020000000000000018,0.020000000000000018,0.020000000000000018,-0.020000000000000018,-0.020000000000000018,-0.020000000000000018
2008-01,2007-12,2007-12-28,0.065,0.054999999999999966,0.059999999999999984,-0.065,-0.054999999999999966,-0.059999999999999984
2008-02,2008-01,2008-01-31,0.08900000000000002,0.06,0.07450000000000001,-0.08900000000000002,-0.06,-0.07450000000000001
2008-03,2008-02,2008-02-29,0.07800000000000001,0.056999999999999995,0.0675,-0.07800000000000001,-0.056999999999999995,-0.0675
2008-04,2008-03,2008-03-31,0.06799999999999998,0.06599999999999998,0.06699999999999998,-0.06799999999999998,-0.06599999999999998,-0.06699999999999998
2008-05,2008-04,2008-04-30,0.01200000000000001,0.016999999999999987,0.014499999999999999,-0.01200000000000001,-0.016999999999999987,-0.014499999999999999
2008-06,2008-05,2008-05-30,0.033,0.03900000000000001,0.036000000000000004,-0.033,-0.03900000000000001,-0.036000000000000004
2008-07,2008-06,2008-06-30,0.02200000000000002,0.03300000000000003,0.027500000000000024,-0.02200000000000002,-0.03300000000000003,-0.027500000000000024
2008-08,2008-07,2008-07-31,0.04999999999999999,0.01999999999999999,0.03499999999999999,-0.04999999999999999,-0.01999999999999999,-0.03499999999999999
2008-09,2008-08,2008-08-29,0.025000000000000022,0.028000000000000025,0.026500000000000024,-0.025000000000000022,-0.028000000000000025,-0.026500000000000024
2008-10,2008-09,2008-09-30,0.135,0.09700000000000003,0.11600000000000002,-0.135,-0.09700000000000003,-0.11600000000000002
2008-11,2008-10,2008-10-31,0.24,0.03499999999999992,0.13749999999999996,-0.24,-0.03499999999999992,-0.13749999999999996
2008-12,2008-11,2008-11-28,0.10299999999999998,0.039999999999999925,0.07149999999999995,-0.10299999999999998,-0.039999999999999925,-0.07149999999999995
2009-01,2008-12,2008-12-30,0.09899999999999998,0.07,0.08449999999999999,-0.09899999999999998,-0.07,-0.08449999999999999
2009-02,2009-01,2009-01-30,0.044999999999999984,0.04299999999999998,0.043999999999999984,-0.044999999999999984,-0.04299999999999998,-0.043999999999999984
2009-03,2009-02,2009-02-27,0.11499999999999999,0.09000000000000002,0.10250000000000001,-0.11499999999999999,-0.09000000000000002,-0.10250000000000001
2009-04,2009-03,2009-03-31,0.07199999999999995,0.050000000000000044,0.061,-0.07199999999999995,-0.050000000000000044,-0.061
2009-05,2009-04,2009-04-30,0.019000000000000017,0.007000000000000006,0.013000000000000012,-0.019000000000000017,-0.007000000000000006,-0.013000000000000012
2009-06,2009-05,2009-05-29,0.08000000000000002,0.044999999999999984,0.0625,-0.08000000000000002,-0.044999999999999984,-0.0625
2009-07,2009-06,2009-06-30,0.02400000000000002,0.04299999999999998,0.0335,-0.02400000000000002,-0.04299999999999998,-0.0335
2009-08,2009-07,2009-07-31,0.009000000000000008,0.015000000000000013,0.01200000000000001,-0.009000000000000008,-0.015000000000000013,-0.01200000000000001
2009-09,2009-08,2009-08-31,0.04300000000000001,0.044999999999999984,0.044,-0.04300000000000001,-0.044999999999999984,-0.044
2009-10,2009-09,2009-09-30,0.04000000000000001,0.022999999999999993,0.0315,-0.04000000000000001,-0.022999999999999993,-0.0315
2009-11,2009-10,2009-10-30,0.05700000000000002,0.047000000000000014,0.05200000000000002,-0.05700000000000002,-0.047000000000000014,-0.05200000000000002
2009-12,2009-11,2009-11-30,-0.02300000000000002,0.01100000000000001,-0.006000000000000005,0.02300000000000002,-0.01100000000000001,0.006000000000000005
2010-01,2009-12,2009-12-30,-0.006000000000000005,-0.0010000000000000009,-0.003500000000000003,0.006000000000000005,0.0010000000000000009,0.003500000000000003
2010-02,2010-01,2010-01-29,0.055999999999999994,0.055999999999999994,0.055999999999999994,-0.055999999999999994,-0.055999999999999994,-0.055999999999999994
2010-03,2010-02,2010-02-26,0.061000000000000026,0.04200000000000001,0.05150000000000002,-0.061000000000000026,-0.04200000000000001,-0.05150000000000002
2010-04,2010-03,2010-03-31,0.034,0.022999999999999993,0.028499999999999998,-0.034,-0.022999999999999993,-0.028499999999999998
2010-05,2010-04,2010-04-30,0.033,0.026999999999999996,0.03,-0.033,-0.026999999999999996,-0.03
2010-06,2010-05,2010-05-31,0.056999999999999995,0.05100000000000002,0.054000000000000006,-0.056999999999999995,-0.05100000000000002,-0.054000000000000006
2010-07,2010-06,2010-06-30,0.03,0.025999999999999995,0.027999999999999997,-0.03,-0.025999999999999995,-0.027999999999999997
2010-08,2010-07,2010-07-30,0.0010000000000000009,0.0030000000000000027,0.0020000000000000018,-0.0010000000000000009,-0.0030000000000000027,-0.0020000000000000018
2010-09,2010-08,2010-08-31,0.027999999999999997,0.037000000000000005,0.0325,-0.027999999999999997,-0.037000000000000005,-0.0325
2010-10,2010-09,2010-09-30,0.016999999999999987,0.010000000000000009,0.013499999999999998,-0.016999999999999987,-0.010000000000000009,-0.013499999999999998
2010-11,2010-10,2010-10-29,0.03,0.017999999999999988,0.023999999999999994,-0.03,-0.017999999999999988,-0.023999999999999994
2010-12,2010-11,2010-11-30,0.04100000000000001,0.02400000000000002,0.032500000000000015,-0.04100000000000001,-0.02400000000000002,-0.032500000000000015
2011-01,2010-12,2010-12-30,0.00799999999999998,0.0030000000000000027,0.005499999999999991,-0.00799999999999998,-0.0030000000000000027,-0.005499999999999991
2011-02,2011-01,2011-01-31,0.05099999999999999,0.038000000000000006,0.0445,-0.05099999999999999,-0.038000000000000006,-0.0445
2011-03,2011-02,2011-02-28,0.04199999999999998,0.04200000000000001,0.041999999999999996,-0.04199999999999998,-0.04200000000000001,-0.041999999999999996
2011-04,2011-03,2011-03-31,0.023999999999999994,0.015000000000000013,0.019500000000000003,-0.023999999999999994,-0.015000000000000013,-0.019500000000000003
2011-05,2011-04,2011-04-29,0.035999999999999976,0.027999999999999997,0.03199999999999999,-0.035999999999999976,-0.027999999999999997,-0.03199999999999999
2011-06,2011-05,2011-05-31,0.05100000000000002,0.027999999999999997,0.03950000000000001,-0.05100000000000002,-0.027999999999999997,-0.03950000000000001
2011-07,2011-06,2011-06-30,0.037000000000000005,0.027999999999999997,0.0325,-0.037000000000000005,-0.027999999999999997,-0.0325
2011-08,2011-07,2011-07-29,0.00899999999999998,0.008000000000000007,0.008499999999999994,-0.00899999999999998,-0.008000000000000007,-0.008499999999999994
2011-09,2011-08,2011-08-31,0.056999999999999995,0.03999999999999998,0.04849999999999999,-0.056999999999999995,-0.03999999999999998,-0.04849999999999999
2011-10,2011-09,2011-09-30,0.09199999999999997,0.08000000000000002,0.086,-0.09199999999999997,-0.08000000000000002,-0.086
2011-11,2011-10,2011-10-31,0.05199999999999999,0.03799999999999998,0.044999999999999984,-0.05199999999999999,-0.03799999999999998,-0.044999999999999984
2011-12,2011-11,2011-11-30,0.02200000000000002,0.004999999999999949,0.013499999999999984,-0.02200000000000002,-0.004999999999999949,-0.013499999999999984
2012-01,2011-12,2011-12-29,0.049000000000000016,0.04300000000000004,0.04600000000000003,-0.049000000000000016,-0.04300000000000004,-0.04600000000000003
2012-02,2012-01,2012-01-31,-0.006000000000000005,-0.0020000000000000018,-0.0040000000000000036,0.006000000000000005,0.0020000000000000018,0.0040000000000000036
2012-03,2012-02,2012-02-29,-0.00899999999999998,0.006000000000000005,-0.0014999999999999875,0.00899999999999998,-0.006000000000000005,0.0014999999999999875
2012-04,2012-03,2012-03-30,0.025999999999999995,0.017999999999999988,0.021999999999999992,-0.025999999999999995,-0.017999999999999988,-0.021999999999999992
2012-05,2012-04,2012-04-30,0.05199999999999999,0.035,0.0435,-0.05199999999999999,-0.035,-0.0435
2012-06,2012-05,2012-05-31,0.07600000000000001,0.055999999999999994,0.066,-0.07600000000000001,-0.055999999999999994,-0.066
2012-07,2012-06,2012-06-29,0.036000000000000004,0.037000000000000005,0.036500000000000005,-0.036000000000000004,-0.037000000000000005,-0.036500000000000005
2012-08,2012-07,2012-07-31,0.04899999999999999,0.031,0.039999999999999994,-0.04899999999999999,-0.031,-0.039999999999999994
2012-09,2012-08,2012-08-31,0.035,0.026000000000000023,0.030500000000000013,-0.035,-0.026000000000000023,-0.030500000000000013
2012-10,2012-09,2012-09-28,-0.018000000000000016,-0.007000000000000006,-0.012500000000000011,0.018000000000000016,0.007000000000000006,0.012500000000000011
2012-11,2012-10,2012-10-31,0.008000000000000007,0.00799999999999998,0.007999999999999993,-0.008000000000000007,-0.00799999999999998,-0.007999999999999993
2012-12,2012-11,2012-11-30,0.006000000000000005,-0.003999999999999976,0.0010000000000000148,-0.006000000000000005,0.003999999999999976,-0.0010000000000000148
2013-01,2012-12,2012-12-28,0.011999999999999983,0.010000000000000009,0.010999999999999996,-0.011999999999999983,-0.010000000000000009,-0.010999999999999996
2013-02,2013-01,2013-01-31,0.02099999999999999,0.015999999999999986,0.01849999999999999,-0.02099999999999999,-0.015999999999999986,-0.01849999999999999
2013-03,2013-02,2013-02-28,-0.00899999999999998,-0.009999999999999981,-0.00949999999999998,0.00899999999999998,0.009999999999999981,0.00949999999999998
2013-04,2013-03,2013-03-29,-0.0020000000000000018,0.0,-0.0010000000000000009,0.0020000000000000018,-0.0,0.0010000000000000009
2013-05,2013-04,2013-04-30,-0.004999999999999977,0.0020000000000000018,-0.0014999999999999875,0.004999999999999977,-0.0020000000000000018,0.0014999999999999875
2013-06,2013-05,2013-05-31,0.009000000000000008,0.0020000000000000018,0.005500000000000005,-0.009000000000000008,-0.0020000000000000018,-0.005500000000000005
2013-07,2013-06,2013-06-28,0.023999999999999994,0.022999999999999993,0.023499999999999993,-0.023999999999999994,-0.022999999999999993,-0.023499999999999993
2013-08,2013-07,2013-07-31,0.035,0.019000000000000017,0.02700000000000001,-0.035,-0.019000000000000017,-0.02700000000000001
2013-09,2013-08,2013-08-30,-0.004999999999999977,0.0020000000000000018,-0.0014999999999999875,0.004999999999999977,-0.0020000000000000018,0.0014999999999999875
2013-10,2013-09,2013-09-30,-0.0050000000000000044,-0.006000000000000005,-0.005500000000000005,0.0050000000000000044,0.006000000000000005,0.005500000000000005
2013-11,2013-10,2013-10-31,0.008000000000000007,-0.0040000000000000036,0.0020000000000000018,-0.008000000000000007,0.0040000000000000036,-0.0020000000000000018
2013-12,2013-11,2013-11-29,0.012999999999999984,-0.00799999999999998,0.0025000000000000022,-0.012999999999999984,0.00799999999999998,-0.0025000000000000022
2014-01,2013-12,2013-12-30,-0.006000000000000005,-0.0040000000000000036,-0.0050000000000000044,0.006000000000000005,0.0040000000000000036,0.0050000000000000044
2014-02,2014-01,2014-01-29,0.0069999999999999785,0.0,0.0034999999999999892,-0.0069999999999999785,-0.0,-0.0034999999999999892
2014-03,2014-02,2014-02-28,0.046999999999999986,0.029999999999999985,0.038499999999999986,-0.046999999999999986,-0.029999999999999985,-0.038499999999999986
2014-04,2014-03,2014-03-31,0.041999999999999996,0.03299999999999999,0.03749999999999999,-0.041999999999999996,-0.03299999999999999,-0.03749999999999999
2014-05,2014-04,2014-04-30,0.021000000000000005,0.016,0.018500000000000003,-0.021000000000000005,-0.016,-0.018500000000000003
2014-06,2014-05,2014-05-30,0.023000000000000007,0.008999999999999994,0.016,-0.023000000000000007,-0.008999999999999994,-0.016
2014-07,2014-06,2014-06-30,-0.0030000000000000027,0.0020000000000000018,-0.0005000000000000004,0.0030000000000000027,-0.0020000000000000018,0.0005000000000000004
2014-08,2014-07,2014-07-31,-0.0040000000000000036,-0.01100000000000001,-0.007500000000000007,0.0040000000000000036,0.01100000000000001,0.007500000000000007
2014-09,2014-08,2014-08-29,0.013999999999999999,0.0030000000000000027,0.0085,-0.013999999999999999,-0.0030000000000000027,-0.0085
2014-10,2014-09,2014-09-30,0.030000000000000013,0.02500000000000001,0.02750000000000001,-0.030000000000000013,-0.02500000000000001,-0.02750000000000001
2014-11,2014-10,2014-10-31,0.032,0.016,0.024,-0.032,-0.016,-0.024
2014-12,2014-11,2014-11-28,0.0020000000000000018,-0.006000000000000005,-0.0020000000000000018,-0.0020000000000000018,0.006000000000000005,0.0020000000000000018
2015-01,2014-12,2014-12-30,0.007999999999999993,0.006000000000000005,0.006999999999999999,-0.007999999999999993,-0.006000000000000005,-0.006999999999999999
2015-02,2015-01,2015-01-30,-0.006000000000000005,-0.006000000000000005,-0.006000000000000005,0.006000000000000005,0.006000000000000005,0.006000000000000005
2015-03,2015-02,2015-02-27,0.023000000000000007,0.01200000000000001,0.01750000000000001,-0.023000000000000007,-0.01200000000000001,-0.01750000000000001
2015-04,2015-03,2015-03-31,-0.006000000000000005,-0.0010000000000000009,-0.003500000000000003,0.006000000000000005,0.0010000000000000009,0.003500000000000003
2015-05,2015-04,2015-04-30,0.0,-0.0049999999999999906,-0.0024999999999999953,-0.0,0.0049999999999999906,0.0024999999999999953
2015-06,2015-05,2015-05-29,0.019000000000000003,0.013999999999999999,0.0165,-0.019000000000000003,-0.013999999999999999,-0.0165
2015-07,2015-06,2015-06-30,0.05599999999999998,0.02100000000000002,0.0385,-0.05599999999999998,-0.02100000000000002,-0.0385
2015-08,2015-07,2015-07-31,0.0020000000000000018,0.0040000000000000036,0.0030000000000000027,-0.0020000000000000018,-0.0040000000000000036,-0.0030000000000000027
2015-09,2015-08,2015-08-31,0.063,0.04799999999999999,0.055499999999999994,-0.063,-0.04799999999999999,-0.055499999999999994
2015-10,2015-09,2015-09-30,0.014000000000000012,0.02099999999999999,0.0175,-0.014000000000000012,-0.02099999999999999,-0.0175
2015-11,2015-10,2015-10-30,0.010000000000000009,0.007000000000000006,0.008500000000000008,-0.010000000000000009,-0.007000000000000006,-0.008500000000000008
2015-12,2015-11,2015-11-30,0.018000000000000016,-0.0010000000000000009,0.008500000000000008,-0.018000000000000016,0.0010000000000000009,-0.008500000000000008
2016-01,2015-12,2015-12-30,0.0030000000000000027,0.017000000000000015,0.010000000000000009,-0.0030000000000000027,-0.017000000000000015,-0.010000000000000009
2016-02,2016-01,2016-01-29,0.065,0.05200000000000002,0.05850000000000001,-0.065,-0.05200000000000002,-0.05850000000000001
2016-03,2016-02,2016-02-29,0.027999999999999997,0.017000000000000015,0.022500000000000006,-0.027999999999999997,-0.017000000000000015,-0.022500000000000006
2016-04,2016-03,2016-03-31,0.013999999999999999,0.009999999999999995,0.011999999999999997,-0.013999999999999999,-0.009999999999999995,-0.011999999999999997
2016-05,2016-04,2016-04-29,0.031,0.023000000000000007,0.027000000000000003,-0.031,-0.023000000000000007,-0.027000000000000003
2016-06,2016-05,2016-05-31,0.017,0.017999999999999988,0.017499999999999995,-0.017,-0.017999999999999988,-0.017499999999999995
2016-07,2016-06,2016-06-30,0.026999999999999982,0.017000000000000015,0.022,-0.026999999999999982,-0.017000000000000015,-0.022
2016-08,2016-07,2016-07-29,0.023999999999999994,0.018000000000000002,0.020999999999999998,-0.023999999999999994,-0.018000000000000002,-0.020999999999999998
2016-09,2016-08,2016-08-31,0.01100000000000001,0.009999999999999995,0.010500000000000002,-0.01100000000000001,-0.009999999999999995,-0.010500000000000002
2016-10,2016-09,2016-09-30,0.025999999999999995,0.021000000000000005,0.0235,-0.025999999999999995,-0.021000000000000005,-0.0235
2016-11,2016-10,2016-10-31,0.030000000000000013,0.017,0.023500000000000007,-0.030000000000000013,-0.017,-0.023500000000000007
2016-12,2016-11,2016-11-30,0.03799999999999999,0.01999999999999999,0.02899999999999999,-0.03799999999999999,-0.01999999999999999,-0.02899999999999999
2017-01,2016-12,2016-12-29,0.020000000000000004,0.021000000000000005,0.020500000000000004,-0.020000000000000004,-0.021000000000000005,-0.020500000000000004
2017-02,2017-01,2017-01-31,0.021000000000000005,0.018000000000000002,0.019500000000000003,-0.021000000000000005,-0.018000000000000002,-0.019500000000000003
2017-03,2017-02,2017-02-28,-0.0030000000000000027,0.010999999999999996,0.003999999999999997,0.0030000000000000027,-0.010999999999999996,-0.003999999999999997
2017-04,2017-03,2017-03-31,0.022999999999999993,0.018000000000000002,0.020499999999999997,-0.022999999999999993,-0.018000000000000002,-0.020499999999999997
2017-05,2017-04,2017-04-28,0.018000000000000002,0.017,0.0175,-0.018000000000000002,-0.017,-0.0175
2017-06,2017-05,2017-05-31,0.010999999999999996,0.010000000000000009,0.010500000000000002,-0.010999999999999996,-0.010000000000000009,-0.010500000000000002
2017-07,2017-06,2017-06-30,-0.00399999999999999,0.0030000000000000027,-0.0004999999999999935,0.00399999999999999,-0.0030000000000000027,0.0004999999999999935
2017-08,2017-07,2017-07-31,0.04100000000000001,0.027999999999999997,0.0345,-0.04100000000000001,-0.027999999999999997,-0.0345
2017-09,2017-08,2017-08-31,0.022000000000000006,0.015,0.018500000000000003,-0.022000000000000006,-0.015,-0.018500000000000003
2017-10,2017-09,2017-09-29,-0.0030000000000000027,0.013000000000000012,0.0050000000000000044,0.0030000000000000027,-0.013000000000000012,-0.0050000000000000044
2017-11,2017-10,2017-10-31,0.010999999999999996,0.010000000000000009,0.010500000000000002,-0.010999999999999996,-0.010000000000000009,-0.010500000000000002
2017-12,2017-11,2017-11-30,0.016,-0.0010000000000000009,0.0075,-0.016,0.0010000000000000009,-0.0075
2018-01,2017-12,2017-12-28,-0.01100000000000001,0.002999999999999989,-0.0040000000000000105,0.01100000000000001,-0.002999999999999989,0.0040000000000000105
2018-02,2018-01,2018-01-31,-0.0040000000000000036,0.0010000000000000009,-0.0015000000000000013,0.0040000000000000036,-0.0010000000000000009,0.0015000000000000013
2018-03,2018-02,2018-02-28,0.045999999999999985,0.028999999999999998,0.03749999999999999,-0.045999999999999985,-0.028999999999999998,-0.03749999999999999
2018-04,2018-03,2018-03-30,0.0,0.013999999999999985,0.006999999999999992,-0.0,-0.013999999999999985,-0.006999999999999992
2018-05,2018-04,2018-04-30,0.007000000000000006,0.015000000000000013,0.01100000000000001,-0.007000000000000006,-0.015000000000000013,-0.01100000000000001
2018-06,2018-05,2018-05-31,0.038000000000000006,0.037000000000000005,0.037500000000000006,-0.038000000000000006,-0.037000000000000005,-0.037500000000000006
2018-07,2018-06,2018-06-29,0.010000000000000009,0.018000000000000016,0.014000000000000012,-0.010000000000000009,-0.018000000000000016,-0.014000000000000012
2018-08,2018-07,2018-07-31,0.017999999999999988,0.012999999999999998,0.015499999999999993,-0.017999999999999988,-0.012999999999999998,-0.015499999999999993
2018-09,2018-08,2018-08-31,0.012999999999999998,0.016,0.014499999999999999,-0.012999999999999998,-0.016,-0.014499999999999999
2018-10,2018-09,2018-09-28,0.028999999999999998,0.01899999999999999,0.023999999999999994,-0.028999999999999998,-0.01899999999999999,-0.023999999999999994
2018-11,2018-10,2018-10-31,0.044999999999999984,0.02300000000000002,0.034,-0.044999999999999984,-0.02300000000000002,-0.034
2018-12,2018-11,2018-11-30,0.019000000000000017,0.01200000000000001,0.015500000000000014,-0.019000000000000017,-0.01200000000000001,-0.015500000000000014
2019-01,2018-12,2018-12-28,0.03,0.025999999999999995,0.027999999999999997,-0.03,-0.025999999999999995,-0.027999999999999997
2019-02,2019-01,2019-01-31,0.0030000000000000027,0.016000000000000014,0.009500000000000008,-0.0030000000000000027,-0.016000000000000014,-0.009500000000000008
2019-03,2019-02,2019-02-28,0.031,0.012999999999999984,0.021999999999999992,-0.031,-0.012999999999999984,-0.021999999999999992
2019-04,2019-03,2019-03-29,0.011999999999999983,0.012999999999999984,0.012499999999999983,-0.011999999999999983,-0.012999999999999984,-0.012499999999999983
2019-05,2019-04,2019-04-30,0.01100000000000001,0.007000000000000006,0.009000000000000008,-0.01100000000000001,-0.007000000000000006,-0.009000000000000008
2019-06,2019-05,2019-05-31,0.014000000000000012,0.01200000000000001,0.013000000000000012,-0.014000000000000012,-0.01200000000000001,-0.013000000000000012
2019-07,2019-06,2019-06-28,0.0030000000000000027,0.006000000000000005,0.004500000000000004,-0.0030000000000000027,-0.006000000000000005,-0.004500000000000004
2019-08,2019-07,2019-07-31,0.03,0.016999999999999987,0.023499999999999993,-0.03,-0.016999999999999987,-0.023499999999999993
2019-09,2019-08,2019-08-30,0.028999999999999998,0.02099999999999999,0.024999999999999994,-0.028999999999999998,-0.02099999999999999,-0.024999999999999994
2019-10,2019-09,2019-09-30,0.02499999999999998,0.022999999999999993,0.023999999999999987,-0.02499999999999998,-0.022999999999999993,-0.023999999999999987
2019-11,2019-10,2019-10-31,0.023999999999999994,0.017000000000000015,0.020500000000000004,-0.023999999999999994,-0.017000000000000015,-0.020500000000000004
2019-12,2019-11,2019-11-29,0.0010000000000000009,-0.0040000000000000036,-0.0015000000000000013,-0.0010000000000000009,0.0040000000000000036,0.0015000000000000013
2020-01,2019-12,2019-12-30,-0.0050000000000000044,-0.006000000000000005,-0.005500000000000005,0.0050000000000000044,0.006000000000000005,0.005500000000000005
2020-02,2020-01,2020-01-31,0.05099999999999999,0.027999999999999997,0.03949999999999999,-0.05099999999999999,-0.027999999999999997,-0.03949999999999999
2020-03,2020-02,2020-02-28,0.02300000000000002,0.02100000000000002,0.02200000000000002,-0.02300000000000002,-0.02100000000000002,-0.02200000000000002
2020-04,2020-03,2020-03-31,0.14500000000000002,0.065,0.10500000000000001,-0.14500000000000002,-0.065,-0.10500000000000001
2020-05,2020-04,2020-04-29,0.05899999999999997,0.05299999999999999,0.05599999999999998,-0.05899999999999997,-0.05299999999999999,-0.05599999999999998
2020-06,2020-05,2020-05-29,0.04400000000000001,0.026999999999999996,0.035500000000000004,-0.04400000000000001,-0.026999999999999996,-0.035500000000000004
2020-07,2020-06,2020-06-30,0.009000000000000008,0.04799999999999999,0.028499999999999998,-0.009000000000000008,-0.04799999999999999,-0.028499999999999998
2020-08,2020-07,2020-07-31,0.025999999999999995,0.023999999999999994,0.024999999999999994,-0.025999999999999995,-0.023999999999999994,-0.024999999999999994
2020-09,2020-08,2020-08-31,0.01200000000000001,0.02099999999999999,0.0165,-0.01200000000000001,-0.02099999999999999,-0.0165
2020-10,2020-09,2020-09-29,0.009000000000000008,0.023999999999999994,0.0165,-0.009000000000000008,-0.023999999999999994,-0.0165
2020-11,2020-10,2020-10-30,0.05500000000000002,0.04300000000000001,0.049000000000000016,-0.05500000000000002,-0.04300000000000001,-0.049000000000000016
2020-12,2020-11,2020-11-30,0.03,0.03,0.03,-0.03,-0.03,-0.03
2021-01,2020-12,2020-12-30,0.010000000000000009,0.014000000000000012,0.01200000000000001,-0.010000000000000009,-0.014000000000000012,-0.01200000000000001
2021-02,2021-01,2021-01-29,0.07799999999999996,0.03500000000000003,0.056499999999999995,-0.07799999999999996,-0.03500000000000003,-0.056499999999999995
2021-03,2021-02,2021-02-26,0.019000000000000017,0.02200000000000002,0.020500000000000018,-0.019000000000000017,-0.02200000000000002,-0.020500000000000018
2021-04,2021-03,2021-03-31,0.046999999999999986,0.01899999999999999,0.03299999999999999,-0.046999999999999986,-0.01899999999999999,-0.03299999999999999
2021-05,2021-04,2021-04-30,0.035,0.03,0.0325,-0.035,-0.03,-0.0325
2021-06,2021-05,2021-05-31,0.0050000000000000044,0.017000000000000015,0.01100000000000001,-0.0050000000000000044,-0.017000000000000015,-0.01100000000000001
2021-07,2021-06,2021-06-30,0.021000000000000005,0.015000000000000013,0.01800000000000001,-0.021000000000000005,-0.015000000000000013,-0.01800000000000001
2021-08,2021-07,2021-07-30,0.028999999999999998,0.01999999999999999,0.024499999999999994,-0.028999999999999998,-0.01999999999999999,-0.024499999999999994
2021-09,2021-08,2021-08-31,0.0010000000000000009,0.015999999999999986,0.008499999999999994,-0.0010000000000000009,-0.015999999999999986,-0.008499999999999994
2021-10,2021-09,2021-09-30,0.045999999999999985,0.031,0.03849999999999999,-0.045999999999999985,-0.031,-0.03849999999999999
2021-11,2021-10,2021-10-29,0.01899999999999999,0.02100000000000002,0.020000000000000004,-0.01899999999999999,-0.02100000000000002,-0.020000000000000004
2021-12,2021-11,2021-11-30,0.024999999999999994,0.025999999999999995,0.025499999999999995,-0.024999999999999994,-0.025999999999999995,-0.025499999999999995
2022-01,2021-12,2021-12-30,0.03900000000000001,0.024999999999999994,0.032,-0.03900000000000001,-0.024999999999999994,-0.032
2022-02,2022-01,2022-01-28,0.05200000000000002,0.03900000000000001,0.04550000000000001,-0.05200000000000002,-0.03900000000000001,-0.04550000000000001
2022-03,2022-02,2022-02-28,0.0040000000000000036,0.017999999999999988,0.010999999999999996,-0.0040000000000000036,-0.017999999999999988,-0.010999999999999996
2022-04,2022-03,2022-03-31,0.02200000000000002,0.01999999999999999,0.021000000000000005,-0.02200000000000002,-0.01999999999999999,-0.021000000000000005
2022-05,2022-04,2022-04-29,0.04200000000000001,0.036000000000000004,0.03900000000000001,-0.04200000000000001,-0.036000000000000004,-0.03900000000000001
2022-06,2022-05,2022-05-31,0.01999999999999999,0.01200000000000001,0.016,-0.01999999999999999,-0.01200000000000001,-0.016
2022-07,2022-06,2022-06-30,0.024999999999999994,0.022999999999999993,0.023999999999999994,-0.024999999999999994,-0.022999999999999993,-0.023999999999999994
2022-08,2022-07,2022-07-29,0.008000000000000007,0.021999999999999992,0.015,-0.008000000000000007,-0.021999999999999992,-0.015
2022-09,2022-08,2022-08-31,0.03900000000000001,0.027000000000000024,0.033000000000000015,-0.03900000000000001,-0.027000000000000024,-0.033000000000000015
2022-10,2022-09,2022-09-30,0.008000000000000007,0.027999999999999997,0.018000000000000002,-0.008000000000000007,-0.027999999999999997,-0.018000000000000002
2022-11,2022-10,2022-10-31,0.025999999999999995,0.027999999999999997,0.026999999999999996,-0.025999999999999995,-0.027999999999999997,-0.026999999999999996
2022-12,2022-11,2022-11-30,0.017000000000000015,0.0020000000000000018,0.009500000000000008,-0.017000000000000015,-0.0020000000000000018,-0.009500000000000008
2023-01,2022-12,2022-12-29,0.03999999999999998,0.033,0.03649999999999999,-0.03999999999999998,-0.033,-0.03649999999999999
2023-02,2023-01,2023-01-31,0.005999999999999978,0.008000000000000007,0.006999999999999992,-0.005999999999999978,-0.008000000000000007,-0.006999999999999992
2023-03,2023-02,2023-02-28,0.02300000000000002,0.01200000000000001,0.017500000000000016,-0.02300000000000002,-0.01200000000000001,-0.017500000000000016
2023-04,2023-03,2023-03-31,0.009999999999999981,0.010999999999999982,0.010499999999999982,-0.009999999999999981,-0.010999999999999982,-0.010499999999999982
2023-05,2023-04,2023-04-28,0.017000000000000015,0.01999999999999999,0.018500000000000003,-0.017000000000000015,-0.01999999999999999,-0.018500000000000003
2023-06,2023-05,2023-05-31,0.0040000000000000036,0.005999999999999978,0.0049999999999999906,-0.0040000000000000036,-0.005999999999999978,-0.0049999999999999906
2023-07,2023-06,2023-06-30,-0.006999999999999992,-0.0010000000000000009,-0.003999999999999997,0.006999999999999992,0.0010000000000000009,0.003999999999999997
2023-08,2023-07,2023-07-31,0.018000000000000016,0.016000000000000014,0.017000000000000015,-0.018000000000000016,-0.016000000000000014,-0.017000000000000015
2023-09,2023-08,2023-08-31,0.02700000000000001,0.023000000000000007,0.02500000000000001,-0.02700000000000001,-0.023000000000000007,-0.02500000000000001
2023-10,2023-09,2023-09-27,0.024000000000000007,0.02099999999999999,0.0225,-0.024000000000000007,-0.02099999999999999,-0.0225
2023-11,2023-10,2023-10-31,0.02099999999999999,0.016000000000000014,0.018500000000000003,-0.02099999999999999,-0.016000000000000014,-0.018500000000000003
2023-12,2023-11,2023-11-30,-0.0030000000000000027,-0.017999999999999988,-0.010499999999999995,0.0030000000000000027,0.017999999999999988,0.010499999999999995
2024-01,2023-12,2023-12-28,-0.027999999999999997,-0.019000000000000017,-0.023500000000000007,0.027999999999999997,0.019000000000000017,0.023500000000000007
2024-02,2024-01,2024-01-31,0.0030000000000000027,0.015000000000000013,0.009000000000000008,-0.0030000000000000027,-0.015000000000000013,-0.009000000000000008
2024-03,2024-02,2024-02-29,0.008000000000000007,0.028000000000000025,0.018000000000000016,-0.008000000000000007,-0.028000000000000025,-0.018000000000000016
2024-04,2024-03,2024-03-29,0.01200000000000001,0.015000000000000013,0.013500000000000012,-0.01200000000000001,-0.015000000000000013,-0.013500000000000012
2024-05,2024-04,2024-04-30,0.02099999999999999,0.015999999999999986,0.01849999999999999,-0.02099999999999999,-0.015999999999999986,-0.01849999999999999
2024-06,2024-05,2024-05-31,-0.015999999999999986,0.0050000000000000044,-0.005499999999999991,0.015999999999999986,-0.0050000000000000044,0.005499999999999991
2024-07,2024-06,2024-06-28,0.031,0.018000000000000016,0.024500000000000008,-0.031,-0.018000000000000016,-0.024500000000000008
2024-08,2024-07,2024-07-31,-0.004999999999999977,-0.0010000000000000009,-0.002999999999999989,0.004999999999999977,0.0010000000000000009,0.002999999999999989
2024-09,2024-08,2024-08-30,-0.013000000000000012,0.0030000000000000027,-0.0050000000000000044,0.013000000000000012,-0.0030000000000000027,0.0050000000000000044
2024-10,2024-09,2024-09-30,0.03,0.017999999999999988,0.023999999999999994,-0.03,-0.017999999999999988,-0.023999999999999994
2024-11,2024-10,2024-10-31,0.01100000000000001,0.015000000000000013,0.013000000000000012,-0.01100000000000001,-0.015000000000000013,-0.013000000000000012
2024-12,2024-11,2024-11-29,0.01999999999999999,-0.006000000000000005,0.006999999999999992,-0.01999999999999999,0.006000000000000005,-0.006999999999999992
2025-01,2024-12,2024-12-30,0.04000000000000001,0.027000000000000024,0.033500000000000016,-0.04000000000000001,-0.027000000000000024,-0.033500000000000016
2025-02,2025-01,2025-01-31,0.032,0.032,0.032,-0.032,-0.032,-0.032
2025-03,2025-02,2025-02-28,0.028000000000000025,0.02099999999999999,0.024500000000000008,-0.028000000000000025,-0.02099999999999999,-0.024500000000000008
2025-04,2025-03,2025-03-31,0.022999999999999993,0.025999999999999995,0.024499999999999994,-0.022999999999999993,-0.025999999999999995,-0.024499999999999994
2025-05,2025-04,2025-04-30,0.01999999999999999,0.027999999999999997,0.023999999999999994,-0.01999999999999999,-0.027999999999999997,-0.023999999999999994
2025-06,2025-05,2025-05-30,0.008000000000000007,-0.01200000000000001,-0.0020000000000000018,-0.008000000000000007,0.01200000000000001,0.0020000000000000018
2025-07,2025-06,2025-06-30,0.0020000000000000018,0.019000000000000017,0.01050000000000001,-0.0020000000000000018,-0.019000000000000017,-0.01050000000000001
2025-08,2025-07,2025-07-31,0.023999999999999994,0.015999999999999986,0.01999999999999999,-0.023999999999999994,-0.015999999999999986,-0.01999999999999999
2025-09,2025-08,2025-08-29,0.0040000000000000036,0.00799999999999998,0.0059999999999999915,-0.0040000000000000036,-0.00799999999999998,-0.0059999999999999915
2025-10,2025-09,2025-09-30,0.003999999999999976,0.009000000000000008,0.006499999999999992,-0.003999999999999976,-0.009000000000000008,-0.006499999999999992
2025-11,2025-10,2025-10-31,0.03699999999999998,0.02999999999999997,0.033499999999999974,-0.03699999999999998,-0.02999999999999997,-0.033499999999999974
2025-12,2025-11,2025-11-28,0.025999999999999968,0.0050000000000000044,0.015499999999999986,-0.025999999999999968,-0.0050000000000000044,-0.015499999999999986
2026-01,2025-12,2025-12-30,0.034,-0.0050000000000000044,0.014499999999999999,-0.034,0.0050000000000000044,-0.014499999999999999
2026-02,2026-01,2026-01-30,-0.0050000000000000044,0.0020000000000000018,-0.0015000000000000013,0.0050000000000000044,-0.0020000000000000018,0.0015000000000000013
2026-03,2026-02,2026-02-27,-0.010000000000000009,-0.01799999999999996,-0.013999999999999985,0.010000000000000009,0.01799999999999996,0.013999999999999985
2026-04,2026-03,2026-03-31,0.08299999999999996,0.24299999999999994,0.16299999999999995,-0.08299999999999996,-0.24299999999999994,-0.16299999999999995
2026-05,2026-04,2026-04-30,0.019999999999999962,0.007000000000000006,0.013499999999999984,-0.019999999999999962,-0.007000000000000006,-0.013499999999999984
2026-06,2026-05,2026-05-29,0.06000000000000005,0.03500000000000003,0.04750000000000004,-0.06000000000000005,-0.03500000000000003,-0.04750000000000004
2026-07,2026-06,2026-06-30,0.0,-0.01100000000000001,-0.005500000000000005,-0.0,0.01100000000000001,0.005500000000000005
2026-08,2026-07,2026-07-31,0.029999999999999916,-0.0020000000000000018,0.013999999999999957,-0.029999999999999916,0.0020000000000000018,-0.013999999999999957
2026-09,2026-08,2026-08-28,0.034999999999999976,0.041000000000000036,0.038000000000000006,-0.034999999999999976,-0.041000000000000036,-0.038000000000000006
