target_month,history_through,observations,expanding_beta,beta_se,beta_z,reliability,shrunk_positive_beta,expanding_spearman_ic
2007-04,2007-03,12,-0.06354889230117677,0.15635398006799697,-0.40644243449088996,0.14177488608684782,0.0,0.17482517482517487
2007-05,2007-04,13,-0.0801030112882264,0.16121241179337487,-0.4968786856863976,0.19800362461310078,0.0,0.15384615384615383
2007-06,2007-05,14,-0.0355065120421274,0.17747439647338942,-0.20006554606005528,0.038485782229235446,0.0,0.21318681318681318
2007-07,2007-06,15,-0.031367163612903565,0.1474332542913976,-0.21275501082616863,0.04330452837842634,0.0,0.18928571428571428
2007-08,2007-07,16,-0.12871910169901904,0.14054208502745225,-0.9158758508092163,0.45617551625665487,0.0,-0.02058823529411765
2007-09,2007-08,17,-0.14654372635073204,0.1202579826704082,-1.2185779529693703,0.5975745378694111,0.0,-0.14950980392156862
2007-10,2007-09,18,-0.08400454543680097,0.10170469987681727,-0.8259652261748535,0.4055469206918109,0.0,-0.07739938080495357
2007-11,2007-10,19,-0.030884743948406217,0.0930836567722624,-0.3317955591706989,0.09917075404823487,0.0,0.031578947368421054
2007-12,2007-11,20,-0.04632974567732445,0.10206409932896736,-0.453927933347033,0.17084737076943027,0.0,-0.022556390977443608
2008-01,2007-12,21,-0.05235856071476702,0.0985240271026385,-0.5314293604769313,0.2202225397832681,0.0,-0.04935064935064935
2008-02,2008-01,22,-0.02030805783070701,0.1145211191932254,-0.17733024243713777,0.03048731046421925,0.0,-0.010728402032749858
2008-03,2008-02,23,-0.01694677905426408,0.1028048660233185,-0.16484413345201154,0.026454718698161035,0.0,0.007905138339920948
2008-04,2008-03,24,-0.02228830028001489,0.0968744694014262,-0.23007403723324815,0.050272913080287085,0.0,-0.011304347826086955
2008-05,2008-04,25,-0.03416327469665166,0.09973967120803132,-0.3425244366947616,0.10500364783605952,0.0,-0.03153846153846154
2008-06,2008-05,26,-0.027961786158178556,0.0969370176692488,-0.28845312998574785,0.07681389229742462,0.0,-0.004444444444444444
2008-07,2008-06,27,-0.03732937188418,0.10224258476536179,-0.3651059093414725,0.11762291675508708,0.0,-0.045177045177045176
2008-08,2008-07,28,-0.05028252897576412,0.10146688062310115,-0.49555607373541555,0.19715846906786091,0.0,-0.07991242474001095
2008-09,2008-08,29,-0.018469803312185153,0.10155990987891314,-0.18186116287623877,0.03201464670320835,0.0,-0.028571428571428564
2008-10,2008-09,30,-0.01830636433879443,0.09967170695571936,-0.18366660808695995,0.032632613184432405,0.0,-0.041156840934371525
2008-11,2008-10,31,0.0878707097081614,0.11228675827217356,0.782556296577467,0.37980432921730095,0.03337367595855641,0.05
2008-12,2008-11,32,0.07076502306881546,0.10957053420189491,0.6458399019797026,0.29433806877652363,0.020828840227001287,0.01979472140762463
2009-01,2008-12,33,0.06551092899195438,0.10890015191144534,0.6015687567196977,0.2657235943434504,0.017407799520520666,0.0053475935828877
2009-02,2009-01,34,0.05743006345246315,0.1043182903869645,0.5505272684150463,0.23258756922803567,0.013357518859020253,0.0050420168067226885
2009-03,2009-02,35,0.05165506946105674,0.10534071378031086,0.4903618706133311,0.19384404099241806,0.010013027402075285,-0.01988795518207283
2009-04,2009-03,36,0.007511198978139373,0.11198621944684542,0.06707252923833709,0.004478576298946581,3.363947772016677e-05,-0.06743886743886744
2009-05,2009-04,37,0.031500175929571925,0.11496296058082817,0.2740028246525956,0.06983454176214955,0.0021998003514687487,-0.03413940256045519
2009-06,2009-05,38,0.031537113063792414,0.11289817884412126,0.279341202725119,0.07238332738343156,0.002282761179624783,-0.028996607943976366
2009-07,2009-06,39,0.02713530799995086,0.10287049611612019,0.263781249478184,0.06505405108006618,0.0017652617127021316,-0.017813765182186237
2009-08,2009-07,40,0.0334645464796792,0.10591885286970086,0.31594513698941373,0.090761405422752,0.0030372892703306917,-0.012195121951219513
2009-09,2009-08,41,0.03241477476171109,0.10434732688589979,0.310643077586027,0.08800656539215565,0.0028527129947385236,-0.01271777003484321
2009-10,2009-09,42,0.048846078281402056,0.10114961566070134,0.4829091832167954,0.18910236565741687,0.0092369089561005,0.030386516489749615
2009-11,2009-10,43,0.0022036555793859274,0.09432020035322318,0.023363559143570273,0.0005455580997498262,1.2022221503928886e-06,-0.017366354575656905
2009-12,2009-11,44,0.0021970791872275245,0.0931910019309514,0.023576087194077177,0.0005555231099240559,1.2205282628380515e-06,-0.022128259337561663
2010-01,2009-12,45,-0.0026406913509836507,0.09343911954092594,-0.028261089830015348,0.0007980518030253727,0.0,-0.03346508563899868
2010-02,2010-01,46,-0.00010178128344880178,0.09302853605222486,-0.0010940866939114602,1.1970242609253126e-06,0.0,-0.037064446500154176
2010-03,2010-02,47,-0.0004504162179041993,0.09187777124461134,-0.004902341576234266,2.403237536112922e-05,0.0,-0.0469472710453284
2010-04,2010-03,48,-0.007477827849330805,0.09049464610981517,-0.08263282051245847,0.0067818751411221736,0.0,-0.0650238818931828
2010-05,2010-04,49,-0.005767582531967343,0.08940118506285008,-0.06451349082132038,0.004144740128919543,0.0,-0.05622448979591836
2010-06,2010-05,50,0.004769510722700845,0.0886072807040497,0.053827526189762186,0.0028890318872780278,1.3779268564597212e-05,-0.033949579831932766
2010-07,2010-06,51,0.0012422817596432845,0.08694345536767036,0.014288387255715431,0.00020411633838376283,2.53570004019325e-07,-0.04009049773755656
2010-08,2010-07,52,-0.005585529426736655,0.08558517548587694,-0.06526281444218533,0.004241170805993907,0.0,-0.060018782549304185
2010-09,2010-08,53,-0.007668817632500567,0.0844173087341471,-0.09084413786101313,0.00818510848771316,0.0,-0.07393968714723431
2010-10,2010-09,54,-0.010976168484679723,0.08404802849812505,-0.13059400298633514,0.016768805105729846,0.0,-0.07993138936535163
2010-11,2010-10,55,-0.010805776283782285,0.08300578665930708,-0.1301809996468563,0.016664674879571042,0.0,-0.07763347763347765
2010-12,2010-11,56,-0.012109249528381591,0.08212809190152612,-0.14744345385377905,0.021277018800380916,0.0,-0.0760082023239918
2011-01,2010-12,57,-0.0005832203877385818,0.08208006202701208,-0.007105506176964721,5.048566909941488e-05,0.0,-0.04919626652838994
2011-02,2011-01,58,-0.0006663292764794518,0.08123026204952831,-0.008202968446330661,6.728416386816244e-05,0.0,-0.048571164908179275
2011-03,2011-02,59,0.0006817527520986311,0.08142406740312505,0.0083728653436498,7.009995971404433e-05,4.7790840457052887e-08,-0.0506136762127411
2011-04,2011-03,60,0.01194176173237773,0.08116079592868303,0.14713707025336592,0.021190556361290018,0.00025305257504304663,-0.025340372325646017
2011-05,2011-04,61,0.010534329678956298,0.08059658706729032,0.13070441394945365,0.016796695069845147,0.00017694192338264865,-0.028344791115811736
2011-06,2011-05,62,0.012109274032196074,0.08002079885724683,0.1513265826525729,0.02238707650645093,0.000271091244196353,-0.02163128604165093
2011-07,2011-06,63,0.011849579999653899,0.0794899503458807,0.1490701648207529,0.021738835505754665,0.00025759607042475654,-0.028657834101382493
2011-08,2011-07,64,0.011957767222272299,0.07878173438884319,0.1517834979774921,0.022519422614799993,0.0002692820136077529,-0.027655677655677655
2011-09,2011-08,65,0.02639291493144078,0.08075884763772664,0.32681143556970815,0.09649906304936867,0.0025468915620257275,-0.0020104895104895103
2011-10,2011-09,66,0.0352627528292933,0.08110045110165838,0.43480341169856,0.1589953069747976,0.005606612210869902,0.020185784364888843
2011-11,2011-10,67,0.005250260171010056,0.08057108387466991,0.06516308231842767,0.004228273088629067,2.2199533789382862e-05,-0.01915555910288132
2011-12,2011-11,68,0.006165986599885745,0.07942279657860372,0.07763497214283241,0.005991079531568961,3.694091611050398e-05,-0.01519257930297362
2012-01,2011-12,69,0.005773894588384707,0.07912008402628398,0.07297634550623831,0.005297335792688868,3.0586258466262866e-05,-0.020533430763609792
2012-02,2012-01,70,0.006701247366556641,0.07903871315865633,0.0847843683019619,0.007137084964538177,4.7827371823502456e-05,-0.01254483422272767
2012-03,2012-02,71,0.009070423441783203,0.07846223333250375,0.11560241222480842,0.0131876786597705,0.00011961782965828644,-0.0038564721663313212
2012-04,2012-03,72,0.009116262097901956,0.0779137318012067,0.11700456244557352,0.013505180794604997,0.00012311676780317094,-0.008071258601839347
2012-05,2012-04,73,0.009407476473802922,0.07736155587433194,0.12160402369730856,0.014572053772040794,0.0001370862530354649,-0.011322966802418859
2012-06,2012-05,74,0.011686668656642231,0.07776178894485064,0.15028806326627234,0.02208761989037418,0.00025813069507266346,-0.009433543132173266
2012-07,2012-06,75,0.010988610902196471,0.07675230865056795,0.14316977684963952,0.020085873111705396,0.00022071584425542088,-0.012773826458036982
2012-08,2012-07,76,0.010546773241838532,0.0757857485888331,0.13916565367796052,0.018999121670188374,0.00020037942804957735,-0.016349965823650035
2012-09,2012-08,77,0.010555154915616911,0.07527889938604826,0.1402139909284213,0.019280901438330937,0.00020351290159432395,-0.015063883484936116
2012-10,2012-09,78,0.005002876684719794,0.07437331739814483,0.06726709066825337,0.004504479341878098,2.25353546762839e-05,-0.032183006866551164
2012-11,2012-10,79,0.010909825097666357,0.0738996434604275,0.1476302805643231,0.02132982265914783,0.00023270463457554353,-0.021567672833495616
2012-12,2012-11,80,0.010100050297018048,0.0733740838889767,0.1376514671351886,0.018595578746924656,0.00018781628064609888,-0.023863103609939054
2013-01,2012-12,81,0.011495424483125688,0.07305139957334329,0.15736076995464449,0.024164051718394117,0.0002777760317351431,-0.016982836495031618
2013-02,2013-01,82,0.009233131698245496,0.07261808969807622,0.12714644156344557,0.01590902878113052,0.0001468901579273561,-0.02539153905595281
2013-03,2013-02,83,0.004031150459073645,0.07142118967627918,0.056441939392847924,0.003175576113347234,1.2801225107143005e-05,-0.036228537844758824
2013-04,2013-03,84,0.0018088903720830105,0.07078337178687595,0.025555301003877855,0.0006526471828779439,1.1805672054750126e-06,-0.04505416624481118
2013-05,2013-04,85,0.0001779079532197825,0.07048090125155557,0.0025242008836522355,6.371549504128978e-06,1.1335493311181066e-09,-0.051182333398475666
2013-06,2013-05,86,0.0017212428780898725,0.0697344521806359,0.02468281924164643,0.0006088706164281202,1.0480142122050924e-06,-0.04644558705599321
2013-07,2013-06,87,0.0007541508468490638,0.0700630226021339,0.010763892547594639,0.00011584796047127141,8.736683749514621e-08,-0.049427717430925125
2013-08,2013-07,88,0.00016978653526326985,0.06972076916897693,0.002435236118118134,5.930339781848586e-06,1.006891844494007e-09,-0.0505441865379874
2013-09,2013-08,89,-0.00039194953191818376,0.06895890881135786,-0.005683812848465895,3.230468487000742e-05,0.0,-0.05376234252638748
2013-10,2013-09,90,-0.0012326371568425558,0.06864555021736642,-0.017956548573642504,0.00032233370415979184,0.0,-0.05489566613162119
2013-11,2013-10,91,8.093881141650497e-05,0.06813791179191754,0.0011878675070594966,1.411027223327109e-06,1.1420686633242751e-10,-0.049721293199554074
2013-12,2013-11,92,-0.00017014160223663066,0.06764433421081126,-0.0025152380346651084,6.326382347659185e-06,0.0,-0.04930413205308016
2014-01,2013-12,93,-0.0001775115785419387,0.06730037633136202,-0.002637601573993253,6.956893664425523e-06,0.0,-0.05238578377249261
2014-02,2014-01,94,-0.0017377628702970327,0.06721001693282211,-0.025855712430990233,0.0006680712477496395,0.0,-0.05673518043564643
2014-03,2014-02,95,-0.00206708608473936,0.06681402852146288,-0.030937905264541016,0.0009562387144642718,0.0,-0.057152855543113106
2014-04,2014-03,96,-0.001793798589208854,0.06539223623403265,-0.02743136941806085,0.0007519142277108897,0.0,-0.05295713510580575
2014-05,2014-04,97,-0.0016720729292832583,0.06505995879303254,-0.025700491674186633,0.0006600792798496703,0.0,-0.054794340416579004
2014-06,2014-05,98,-0.0028648840057429997,0.0644785511397474,-0.04443158158957079,0.001970275792169491,0.0,-0.05975811130450305
2014-07,2014-06,99,-0.0029730643906838777,0.06415193281810351,-0.04634411248549142,0.0021431737033906642,0.0,-0.06340136054421769
2014-08,2014-07,100,-0.0065009482854317124,0.063397978600931,-0.10254188585968964,0.010405426973018685,0.0,-0.07188718871887188
2014-09,2014-08,101,-0.009110319668983085,0.062479656830475946,-0.14581257534275233,0.020818674887307022,0.0,-0.08221316249271984
2014-10,2014-09,102,-0.006957552718812141,0.06223812480397327,-0.11178924077044128,0.012342591036375238,0.0,-0.07366087836653454
2014-11,2014-10,103,-0.004477359412168957,0.06176940700204657,-0.07248506387669565,0.005226623364479308,0.0,-0.06615999648552476
2014-12,2014-11,104,-0.003812514982632673,0.06072813964640724,-0.06278003911911743,0.003925860188260463,0.0,-0.06371492585084819
2015-01,2014-12,105,-0.008241119071460808,0.059778086364058756,-0.13786187502341551,0.01865140981879195,0.0,-0.07581380883267676
2015-02,2015-01,106,-0.009445455847252203,0.05939899227907935,-0.15901710592788867,0.02466280542853157,0.0,-0.07971887044361035
2015-03,2015-02,107,-0.00940859161951122,0.059113449173648684,-0.15916160790876904,0.0247065410216411,0.0,-0.07926291659319346
2015-04,2015-03,108,-0.006725602554609698,0.05745451322319076,-0.11705960380315251,0.01351771821435626,0.0,-0.0721560109367706
2015-05,2015-04,109,-0.009897510940013692,0.057069087151140264,-0.17343033565266927,0.029199807150463324,0.0,-0.08283754981002689
2015-06,2015-05,110,-0.010054414787003802,0.0568883058018634,-0.17673957143358038,0.030290689592424702,0.0,-0.0846335910556094
2015-07,2015-06,111,-0.013718632302133533,0.05643251721291202,-0.24309800412366944,0.05579910028865164,0.0,-0.09484906984906985
2015-08,2015-07,112,-0.009197344840385266,0.05585453463997996,-0.16466603651195627,0.026399094673861177,0.0,-0.0806796050158882
2015-09,2015-08,113,0.0011963189744101683,0.05478642140292864,0.02183604885619009,0.0004765857873367724,5.701486203251902e-07,-0.06030008649943443
2015-10,2015-09,114,-0.0014004809191830304,0.05383488911754484,-0.026014373617918578,0.0006762899571037947,0.0,-0.06738219153115572
2015-11,2015-10,115,0.00681823259333334,0.0530144132979846,0.12861092237330377,0.016271624171284464,0.00011094371827112233,-0.046839738025723984
2015-12,2015-11,116,0.0030811331360978476,0.052025965141172456,0.05922298851616098,0.0034951037733357377,1.0768880050125363e-05,-0.05640256794679584
2016-01,2015-12,117,0.005052474522539697,0.05136211547910333,0.09836967335574982,0.00958385358905148,4.8422176086433234e-05,-0.04804507785220818
2016-02,2016-01,118,0.007878735283326596,0.050907952141995755,0.15476433350433577,0.02339172046168805,0.00018429717333921433,-0.03702080571472396
2016-03,2016-02,119,0.008722779630750079,0.05064611216019269,0.1722299947360242,0.028808616176358486,0.000251291210373237,-0.03192565161657884
2016-04,2016-03,120,0.007080200619182176,0.05033557843326768,0.1406599633809462,0.01940136492224736,0.00013736555593547511,-0.03832905062851586
2016-05,2016-04,121,0.008063208375994748,0.0494411704101097,0.16308692349131743,0.025908253857667016,0.00020890364951253892,-0.032908819943097134
2016-06,2016-05,122,0.006597238464223731,0.04885035529695602,0.13504995867726718,0.017911807001866988,0.00011816846211646883,-0.03892327366574032
2016-07,2016-06,123,0.006513440236656836,0.0486274500947155,0.1339457492418397,0.017625241115574702,0.0001148009546629627,-0.03883607847183707
2016-08,2016-07,124,0.004118915896780576,0.04823651715316922,0.08538999371993333,0.007238670615195424,2.9815475468486863e-05,-0.04606136900078678
2016-09,2016-08,125,0.004854531107282146,0.04665402686760328,0.10405384986506169,0.010711230992213047,5.199800404898284e-05,-0.043926267281105984
2016-10,2016-09,126,0.004050248122458203,0.04622581746962102,0.08761874519839419,0.007618556512690177,3.08570442113651e-05,-0.0469411323584552
2016-11,2016-10,127,0.00478207074586049,0.04599050548945992,0.1039795213156864,0.010696097419599707,5.1149494565141635e-05,-0.04375234345706786
2016-12,2016-11,128,0.004543377620512993,0.045787100632810905,0.0992283319476495,0.009750258265022033,4.429910519552295e-05,-0.04718114814136605
2017-01,2016-12,129,0.006509810244090998,0.04550355790545283,0.14306156581463506,0.020056130578322298,0.0001305616042955892,-0.03791368515205725
2017-02,2017-01,130,0.004932670200668276,0.04530474811100047,0.10887755492167878,0.011715443328535533,5.778841819428519e-05,-0.043876060030862085
2017-03,2017-02,131,0.005215203117489221,0.04487682686312926,0.11621149448456271,0.013325153763664404,6.949338344928583e-05,-0.04243313937970427
2017-04,2017-03,132,0.004694236045233121,0.04475788959259048,0.10488063865303954,0.010880266000079063,5.107453683929553e-05,-0.04314568517059477
2017-05,2017-04,133,0.004610262732925265,0.044608110043683716,0.10335032639604186,0.010568405759768178,4.8723127220691956e-05,-0.04338356066557166
2017-06,2017-05,134,-0.0007084760368286368,0.044260874187038265,-0.01600682430795985,0.0002561527933607672,0.0,-0.05664659160338658
2017-07,2017-06,135,-0.001848072292076639,0.04401752567699831,-0.04198491995297143,0.0017596317416326958,0.0,-0.06188176763242612
2017-08,2017-07,136,-0.0017149385654287592,0.043807315727986317,-0.03914730991684958,0.0015301668748214235,0.0,-0.060359715662420675
2017-09,2017-08,137,-8.284262067155444e-05,0.04348671804207491,-0.0019050097225410602,3.629048872932451e-06,0.0,-0.052985046763865805
2017-10,2017-09,138,-0.004461393880787179,0.04283975988232152,-0.10414143060190778,0.010729076043422726,0.0,-0.06356552333506092
2017-11,2017-10,139,-0.0017337276672127542,0.042619328182844134,-0.04067937579341394,0.0016520777375129692,0.0,-0.05192367844854551
2017-12,2017-11,140,-0.005135828337546478,0.04225417170560931,-0.121546065873176,0.014558368851292176,0.0,-0.061743674968839535
2018-01,2017-12,141,-0.004990211764180983,0.041976930661027326,-0.11887986295324944,0.013935479737921756,0.0,-0.061616507555974136
2018-02,2018-01,142,-0.0035662718101818246,0.04171212343118543,-0.0854972491646291,0.007256734484911441,0.0,-0.055397105142385335
2018-03,2018-02,143,0.0011230829324569733,0.04186599217459668,0.02682566145269654,0.000719098637408823,8.076074064269147e-07,-0.04383761778127975
2018-04,2018-03,144,0.00045514391296848426,0.041717631128865534,0.010910109242841406,0.0001190163171209395,5.416955228152241e-08,-0.046403022265091236
2018-05,2018-04,145,0.00023883530039146372,0.04157110297503692,0.005745224045050771,3.30065098621768e-05,7.883119697806805e-09,-0.047307510628247514
2018-06,2018-05,146,0.0004947261268705663,0.04150478416843764,0.011919737369620664,0.00014205995506257532,7.028077135151458e-08,-0.048025218590034044
2018-07,2018-06,147,0.005126176427447,0.04103025538158184,0.12493649819562422,0.015369228320336414,7.878537592375938e-05,-0.033785672728921266
2018-08,2018-07,148,0.004121158722945044,0.04046012846753399,0.1018572821945423,0.010268372536872168,4.231759305078006e-05,-0.03823985607302961
2018-09,2018-08,149,0.0039008676513407705,0.040194111123335166,0.0970507256491132,0.00933095653115597,3.639882648845321e-05,-0.04115726464719753
2018-10,2018-09,150,0.0038554869777586895,0.04004021793879234,0.09629035944940154,0.00918665617801763,3.541903326349339e-05,-0.04068625272234321
2018-11,2018-10,151,0.008014305662670088,0.04064281346093802,0.19718875196405072,0.03742807302063713,0.0002999600175521217,-0.032551411641687
2018-12,2018-11,152,0.007832731938413912,0.040572127183984896,0.19305696994624771,0.035931780482804494,0.0002814440045917404,-0.031523588870891676
2019-01,2018-12,153,0.002707037548986893,0.03971706500077726,0.06815804614298454,0.004624038195560368,1.2517445023331514e-05,-0.04207711792851111
2019-02,2019-01,154,-0.0010642055345226823,0.039825157811835786,-0.026721941430861252,0.0007135526329044531,0.0,-0.050655100749977415
2019-03,2019-02,155,-0.0017037710088981125,0.03953734561307379,-0.04309270090035401,0.0018535388846351577,0.0,-0.055218974573813286
2019-04,2019-03,156,-0.0026871918704695075,0.0394064614724188,-0.0681916561412223,0.004628578604806767,0.0,-0.059123453082770935
2019-05,2019-04,157,-0.002084876305344401,0.03922255034304797,-0.05315504186009507,0.0028174977522456655,0.0,-0.05712947860009055
2019-06,2019-05,158,0.002626041731619399,0.03923977769826367,0.06692295129224443,0.004458712257963339,1.1708764458694689e-05,-0.04496325447738602
2019-07,2019-06,159,0.0007011350623595362,0.03923710818258564,0.017869182894337678,0.0003192057724511204,2.2380635917304025e-07,-0.05008359207069501
2019-08,2019-07,160,0.0046095199089698086,0.039087113108953596,0.11792940287303838,0.013716582825285347,6.322686161618615e-05,-0.03763916559240595
2019-09,2019-08,161,0.004207715189463375,0.038996925087309495,0.10789864021439637,0.011508137482158625,4.842296488611164e-05,-0.03969979296066253
2019-10,2019-09,162,0.005291579188328213,0.03899144056274554,0.13571130258224068,0.018084485592621668,9.569548759353822e-05,-0.034646276043982106
2019-11,2019-10,163,0.005085989003211412,0.0388413983447287,0.13094247941517917,0.016856905543779825,8.573403622383768e-05,-0.03541046657910341
2019-12,2019-11,164,0.004904161527150794,0.03863201939385573,0.12694551318046765,0.015859583537806445,7.777795942274445e-05,-0.03522370193027083
2020-01,2019-12,165,-0.0009101771120144237,0.038392683551234666,-0.023707045921908563,0.0005617083327646703,0.0,-0.04856677263377235
2020-02,2020-01,166,-0.004621936460523582,0.03812467617658862,-0.12123214998903502,0.014484354244527185,0.0,-0.057478471315856795
2020-03,2020-02,167,-0.000788149506618145,0.037872637107825874,-0.020810526195317,0.000432890525162891,0.0,-0.04514722706050894
2020-04,2020-03,168,-0.008040069823879708,0.03833774655435725,-0.20971680775446933,0.0421282892885369,0.0,-0.05633196835407799
2020-05,2020-04,169,-0.020341165158095732,0.037197827606176244,-0.5468374490428126,0.23019554624330552,0.0,-0.07077967281587191
2020-06,2020-05,170,-0.027905759142039365,0.03615096182876656,-0.771923006480945,0.3733806306713203,0.0,-0.08332753219631049
2020-07,2020-06,171,-0.03190440162987517,0.03583382166608295,-0.8903432608214655,0.4421856440350209,0.0,-0.09438404492764059
2020-08,2020-07,172,-0.026560125737813266,0.0354980995436069,-0.7482126107958549,0.35890125356126396,0.0,-0.08153802977668662
2020-09,2020-08,173,-0.02471099656754926,0.035236821902204354,-0.7012833517203032,0.3296681102338824,0.0,-0.075322971663785
2020-10,2020-09,174,-0.024434494405985677,0.034734283731829116,-0.7034690738014234,0.33104494413668445,0.0,-0.07482103704547395
2020-11,2020-10,175,-0.026526243587281402,0.034415112911811076,-0.770773109338768,0.372683314020927,0.0,-0.08181594267801166
2020-12,2020-11,176,-0.03498055458130208,0.03490157498767165,-1.0022629234829181,0.5011301815390571,0.0,-0.09418005723090468
2021-01,2020-12,177,-0.03131307615125332,0.03533628208037398,-0.8861451830169994,0.439855392964716,0.0,-0.08571311092259483
2021-02,2021-01,178,-0.028448683307141648,0.03500127299050114,-0.8127899609497696,0.3978180009769989,0.0,-0.07747287295104205
2021-03,2021-02,179,-0.027654444969856074,0.034923186677890614,-0.7918648783377984,0.38539073237809773,0.0,-0.07370116962735129
2021-04,2021-03,180,-0.027177667107027025,0.03478746326165206,-0.7812488913782429,0.37901691843797064,0.0,-0.07144459191127298
2021-05,2021-04,181,-0.027181938889649114,0.034628870550923854,-0.7849502007198422,0.3812443342995586,0.0,-0.07224617003622527
2021-06,2021-05,182,-0.02726000717871447,0.034496594985057485,-0.7902231275441066,0.38440801205759434,0.0,-0.07313101715782633
2021-07,2021-06,183,-0.02582179426896471,0.03425978177844598,-0.7537057426679262,0.36227432221955896,0.0,-0.06835626953232087
2021-08,2021-07,184,-0.026321079619256508,0.03419139951062491,-0.7698158015169074,0.37210239708302895,0.0,-0.07035695709965133
2021-09,2021-08,185,-0.026661188503272978,0.03410755231498211,-0.7816799123272696,0.37927658466663705,0.0,-0.07214093476365567
2021-10,2021-09,186,-0.030119063788907954,0.03387674564019946,-0.8890778384912954,0.44148412503386547,0.0,-0.08063537057844458
2021-11,2021-10,187,-0.030627146951020316,0.03378284749508775,-0.9065886750805627,0.4511233661465053,0.0,-0.0828326463798223
2021-12,2021-11,188,-0.030865263547462923,0.03376102742214552,-0.9142276140333596,0.4552819520493319,0.0,-0.08371394979655304
2022-01,2021-12,189,-0.031228765203716483,0.03378178806305862,-0.9244260589588523,0.4607895716431393,0.0,-0.08452869763060133
2022-02,2022-01,190,-0.033987139771566845,0.03385210776559105,-1.0039888803057944,0.5019904623928934,0.0,-0.09016870273414776
2022-03,2022-02,191,-0.034292162264091,0.03373087963051945,-1.0166400236139619,0.5082507986359046,0.0,-0.09245659961421879
2022-04,2022-03,192,-0.034292096495397065,0.033642100694205125,-1.0193209040987117,0.509567144801123,0.0,-0.09287259582779482
2022-05,2022-04,193,-0.032731960820392265,0.03352462834047566,-0.9763556656905163,0.48803810921141977,0.0,-0.08574762299022487
2022-06,2022-05,194,-0.03303285717452813,0.033266176600510816,-0.9929862866783703,0.49648084560015837,0.0,-0.08862856602827758
2022-07,2022-06,195,-0.03371904576623841,0.03364091759420731,-1.0023224150117878,0.5011598591066502,0.0,-0.09031057307935068
2022-08,2022-07,196,-0.03452546056226158,0.03355922495340393,-1.0287919524422642,0.5141888155523868,0.0,-0.0938823323159799
2022-09,2022-08,197,-0.03319078984502109,0.03337069859051146,-0.9946087809638625,0.4972971242774268,0.0,-0.08873987989288933
2022-10,2022-09,198,-0.022126786247331044,0.033207234863221684,-0.6663242615192067,0.3074734796146386,0.0,-0.073670150475497
2022-11,2022-10,199,-0.02045378267780392,0.033148456254393666,-0.6170357533646192,0.27574707607052357,0.0,-0.06728795492614588
2022-12,2022-11,200,-0.017630113002939554,0.03318565292798615,-0.5312570779064502,0.2201112001357286,0.0,-0.05950498762469063
2023-01,2022-12,201,-0.00928889943177291,0.03302895621234525,-0.2812350281993166,0.07329593533200592,0.0,-0.04566277523274715
2023-02,2023-01,202,-0.002095496559989238,0.032875766838069254,-0.06373985344009403,0.0040463296143811835,0.0,-0.03248814698395065
2023-03,2023-02,203,-0.002722994820552147,0.03275610975115416,-0.08312937162680628,0.006863065266516928,0.0,-0.034967623102501504
2023-04,2023-03,204,-0.0025500543493232803,0.032684040132334474,-0.07802139328548001,0.006050506334228297,0.0,-0.03391311108127019
2023-05,2023-04,205,-0.0023976144326216023,0.03257683662922942,-0.07359874931718673,0.0053875925197285285,0.0,-0.033318939699962385
2023-06,2023-05,206,-0.0032828510310789413,0.03248461804165483,-0.10105863109947487,0.010109599131351725,0.0,-0.03683692134515267
2023-07,2023-06,207,-0.0028962744475992046,0.032386704587453276,-0.08942788358656384,0.007933896246482596,0.0,-0.035042644846359494
2023-08,2023-07,208,-0.0028037932720655443,0.032317996859757864,-0.08675640647631869,0.0074704464491438475,0.0,-0.03479034314274588
2023-09,2023-08,209,-0.0017987949696120285,0.032230479805870585,-0.05581036895654246,0.0031051254467602527,0.0,-0.029908249645091752
2023-10,2023-09,210,-0.002734144856423557,0.03215427232029012,-0.08503208622445628,0.007178551489238673,0.0,-0.033377498032025346
2023-11,2023-10,211,-0.004984374278277934,0.03206189085914214,-0.15546102069200599,0.023597813944151398,0.0,-0.03981553633704219
2023-12,2023-11,212,0.0006528961992780531,0.03201261240672129,0.020394967801533517,0.00041578176524132874,2.7146233425518325e-07,-0.027862966046300158
2024-01,2023-12,213,0.003319721722031753,0.031932527354719534,0.10396050663810386,0.01069222762238964,3.549522029495481e-05,-0.019287653269289513
2024-02,2024-01,214,-0.00035593966595810615,0.03181147248241429,-0.011189034589796913,0.00012517882335209103,0.0,-0.027720244527368515
2024-03,2024-02,215,-0.0007172569503387422,0.03184428336190191,-0.022523884183145382,0.000507068110184864,0.0,-0.029014223960974667
2024-04,2024-03,216,-0.0006921291707577692,0.03183690063768348,-0.021739841407129198,0.00047239743959646697,0.0,-0.028616677979018564
2024-05,2024-04,217,-0.0021761417363250274,0.0317640343569643,-0.06850961410850841,0.004671640566246632,0.0,-0.03320462050855658
2024-06,2024-05,218,-0.0021306464880630725,0.03169087894734031,-0.06723216770363162,0.004499824428059695,0.0,-0.03398277261015284
2024-07,2024-06,219,4.4789240313906376e-05,0.031606601216812885,0.0014170849945764207,2.0081258492761297e-06,8.994243124379591e-11,-0.02651753173306523
2024-08,2024-07,220,5.9475147652627445e-05,0.03152533672294634,0.0018865824709601684,3.5591807519214625e-06,2.1168280074291857e-10,-0.026317598598017616
2024-09,2024-08,221,0.0003438946461341496,0.031545285552712514,0.010901617788797564,0.00011883114789312264,4.08653955544202e-08,-0.025779625779625778
2024-10,2024-09,222,0.0011629905427649075,0.031568047024187314,0.03684075045484533,0.0013554012880202014,1.5763188796188688e-06,-0.022504882172516047
2024-11,2024-10,223,0.00014966717235235044,0.031182925569533393,0.004799651399565265,2.3036122882166662e-05,3.4477513737351617e-09,-0.026167823813563723
2024-12,2024-11,224,0.0023810291646570174,0.03088502708090538,0.07709331639631571,0.005908264376005468,1.4067749791773114e-05,-0.019510997224001708
2025-01,2024-12,225,0.0018120775070563548,0.0308362500974448,0.05876452231805286,0.003441385054656065,6.23605645066216e-06,-0.021701432785503582
2025-02,2025-01,226,0.0016566126518451837,0.030777826475748327,0.05382487464313073,0.0028887480887754844,4.785536631859061e-06,-0.022600288487778255
2025-03,2025-02,227,0.0005730975775787115,0.03060174267748127,0.018727612463731797,0.00035060050476660076,2.0092829997961238e-07,-0.026093165548075486
2025-04,2025-03,228,-0.00014361735244494784,0.030278451566338294,-0.0047432198482901524,2.2497628374543898e-05,0.0,-0.02818836522466353
2025-05,2025-04,229,-0.00018586337389211354,0.030112816167887784,-0.006172234866904202,3.8095031965480664e-05,0.0,-0.02778371788594327
2025-06,2025-05,230,-0.0024099608148417857,0.030048684550980354,-0.08020187408713568,0.006391230038582347,0.0,-0.034816635803915086
2025-07,2025-06,231,0.011232762934911386,0.030147700856849306,0.37259103068084864,0.12190124800828817,0.0013692878203469397,-0.02192020872680543
2025-08,2025-07,232,0.012631234147701922,0.02998798517150053,0.4212098303858766,0.1506837531125438,0.0019033217678190491,-0.016145834334379543
2025-09,2025-08,233,0.013546168731244356,0.02974386233762338,0.45542736102935893,0.17178371894790512,0.002327011242148981,-0.011910725060051685
2025-10,2025-09,234,0.018756671251903875,0.029818408261850417,0.6290299296727084,0.28350269006180406,0.005317566756519654,-0.0017069041815640303
2025-11,2025-10,235,0.02345485404014561,0.030680958443236588,0.7644759235126201,0.36885558730719514,0.008651453962182448,0.004104598370736127
2025-12,2025-11,236,0.022466242741719326,0.030632725662463733,0.7334065857955524,0.34975641423838466,0.007857712502752887,0.0007751053330716174
2026-01,2025-12,237,0.026512452216281533,0.030504139317769473,0.8691427723986732,0.4303322419279844,0.011409163001240992,0.010968901613423744
2026-02,2026-01,238,0.036661445071079074,0.03140164002673226,1.1675009661874074,0.5768196185408102,0.021147040761054697,0.020752265738666637
2026-03,2026-02,239,0.041999299773453375,0.0320972591911974,1.3085011253849235,0.6312922550894665,0.0265138326661619,0.027192257656200553
2026-04,2026-03,240,0.03807635563964592,0.032386569841553595,1.1756834955331406,0.5802255474583452,0.022092874296232204,0.02094654421083699
2026-05,2026-04,241,0.047413647564944754,0.03362692535215663,1.409990567630172,0.6653361996628855,0.031546016083015764,0.029234251225952478
2026-06,2026-05,242,0.0531024477496189,0.03513767490211286,1.511268115990959,0.6954869322651019,0.03693205848115031,0.033908386856959724
2026-07,2026-06,243,0.05375059718249016,0.03494781961315502,1.5380243396431352,0.7028689961861124,0.03777962828606094,0.03845459061554441
